date,2YS_CHI,10YS_CHI,Spread
2002-07-01,2.008,,
2002-08-01,2.039,,
2002-09-01,2.393,,
2002-10-01,2.383,,
2002-11-01,2.455,,
2002-12-01,2.452,,
2003-01-01,2.307,,
2003-02-01,2.316,,
2003-03-01,2.291,,
2003-04-01,2.238,,
2003-05-01,2.278,,
2003-06-01,2.353,,
2003-07-01,2.312,,
2003-08-01,2.406,,
2003-09-01,2.536,,
2003-10-01,2.837,,
2003-11-01,2.538,,
2003-12-01,2.667,,
2004-01-01,2.599,,
2004-02-01,2.631,,
2004-03-01,2.705,,
2004-04-01,3.314,,
2004-05-01,3.408,,
2004-06-01,3.297,,
2004-07-01,3.494,,
2004-08-01,3.385,,
2004-09-01,3.443,,
2004-10-01,3.487,,
2004-11-01,3.525,,
2004-12-01,3.151,,
2005-01-01,3.211,,
2005-02-01,2.782,,
2005-03-01,2.522,,
2005-04-01,2.364,,
2005-05-01,2.269,,
2005-06-01,1.997,,
2005-07-01,1.779,,
2005-08-01,1.745,,
2005-09-01,1.735,,
2005-10-01,1.681,,
2005-11-01,2.308,,
2005-12-01,1.785,,
2006-01-01,1.863,,
2006-02-01,1.743,,
2006-03-01,1.982,2.9,0.9179999999999999
2006-03-01,,2.9,
2006-03-01,,2.87,
2006-03-01,,2.93,
2006-03-01,,2.9,
2006-03-01,,2.88,
2006-03-01,,2.88,
2006-03-01,,2.89,
2006-03-01,,2.9,
2006-03-01,,2.9,
2006-03-01,,2.91,
2006-03-01,,2.91,
2006-03-01,,2.92,
2006-03-01,,2.93,
2006-03-01,,2.92,
2006-03-01,,2.93,
2006-03-01,,2.912,
2006-03-01,,2.9,
2006-03-01,,2.92,
2006-03-01,,2.92,
2006-03-01,,2.94,
2006-03-01,,2.94,
2006-03-01,,2.94,
2006-04-01,1.995,,
2006-04-01,,2.92,
2006-04-01,,2.92,
2006-04-01,,2.91,
2006-04-01,,2.94,
2006-04-01,,2.9291,
2006-04-01,,2.93,
2006-04-01,,2.97,
2006-04-01,,2.98,
2006-04-01,,2.9405,
2006-04-01,,2.95,
2006-04-01,,2.94,
2006-04-01,,3.01,
2006-04-01,,3.01,
2006-04-01,,3.0,
2006-04-01,,3.048,
2006-04-01,,3.05,
2006-04-01,,3.06,
2006-04-01,,3.05,
2006-04-01,,3.01,
2006-04-01,,3.01,
2006-04-01,,3.0,
2006-04-01,,3.0,
2006-05-01,2.129,,
2006-05-01,,3.02,
2006-05-01,,3.0,
2006-05-01,,3.0,
2006-05-01,,3.0,
2006-05-01,,3.02,
2006-05-01,,3.03,
2006-05-01,,3.02,
2006-05-01,,3.0,
2006-05-01,,3.0,
2006-05-01,,2.99,
2006-05-01,,3.0,
2006-05-01,,3.02,
2006-05-01,,3.0,
2006-05-01,,3.0,
2006-05-01,,3.0,
2006-05-01,,3.03,
2006-05-01,,3.02,
2006-05-01,,3.02,
2006-06-01,2.203,3.03,0.827
2006-06-01,,3.05,
2006-06-01,,3.03,
2006-06-01,,3.02,
2006-06-01,,3.05,
2006-06-01,,3.05,
2006-06-01,,3.03,
2006-06-01,,3.05,
2006-06-01,,3.08,
2006-06-01,,3.09,
2006-06-01,,3.1,
2006-06-01,,3.1,
2006-06-01,,3.12,
2006-06-01,,3.1,
2006-06-01,,3.15,
2006-06-01,,3.12,
2006-06-01,,3.13,
2006-06-01,,3.15,
2006-06-01,,3.15,
2006-06-01,,3.15,
2006-06-01,,3.15,
2006-06-01,,3.165,
2006-07-01,2.305,,
2006-07-01,,3.159,
2006-07-01,,3.15,
2006-07-01,,3.18,
2006-07-01,,3.172,
2006-07-01,,3.18,
2006-07-01,,3.1729,
2006-07-01,,3.1689,
2006-07-01,,3.2,
2006-07-01,,3.23,
2006-07-01,,3.235,
2006-07-01,,3.2,
2006-07-01,,3.2,
2006-07-01,,3.19,
2006-07-01,,3.2,
2006-07-01,,3.2,
2006-07-01,,3.25,
2006-07-01,,3.24,
2006-07-01,,3.25,
2006-07-01,,3.275,
2006-07-01,,3.25,
2006-07-01,,3.26,
2006-08-01,2.302,3.25,0.948
2006-08-01,,3.25,
2006-08-01,,3.24,
2006-08-01,,3.25,
2006-08-01,,3.25,
2006-08-01,,3.25,
2006-08-01,,3.26,
2006-08-01,,3.26,
2006-08-01,,3.255,
2006-08-01,,3.245,
2006-08-01,,3.245,
2006-08-01,,3.24,
2006-08-01,,3.24,
2006-08-01,,3.2,
2006-08-01,,3.26,
2006-08-01,,3.254,
2006-08-01,,3.251,
2006-08-01,,3.248,
2006-08-01,,3.2389,
2006-08-01,,3.256,
2006-08-01,,3.25,
2006-08-01,,3.24,
2006-08-01,,3.238,
2006-09-01,2.167,3.23,1.0630000000000002
2006-09-01,,3.23,
2006-09-01,,3.225,
2006-09-01,,3.21,
2006-09-01,,3.201,
2006-09-01,,3.2,
2006-09-01,,3.2,
2006-09-01,,3.18,
2006-09-01,,3.18,
2006-09-01,,3.172,
2006-09-01,,3.17,
2006-09-01,,3.155,
2006-09-01,,3.15,
2006-09-01,,3.13,
2006-09-01,,3.11,
2006-09-01,,3.05,
2006-09-01,,3.0,
2006-09-01,,3.0,
2006-09-01,,3.0,
2006-09-01,,3.0,
2006-09-01,,3.0,
2006-09-01,,2.999,
2006-10-01,2.192,,
2006-10-01,,3.0,
2006-10-01,,3.0,
2006-10-01,,2.99,
2006-10-01,,2.97,
2006-10-01,,2.9552,
2006-10-01,,2.9541,
2006-10-01,,2.9567,
2006-10-01,,2.9533,
2006-10-01,,2.9535,
2006-10-01,,2.954,
2006-10-01,,2.9523,
2006-10-01,,2.9492,
2006-10-01,,2.9385,
2006-10-01,,2.9498,
2006-10-01,,2.9374,
2006-10-01,,2.9397,
2006-10-01,,2.9406,
2006-10-01,,2.9512,
2006-11-01,2.251,2.9545,0.7035
2006-11-01,,2.9557,
2006-11-01,,2.9561,
2006-11-01,,2.9844,
2006-11-01,,2.989,
2006-11-01,,2.9781,
2006-11-01,,2.972,
2006-11-01,,2.9595,
2006-11-01,,2.9494,
2006-11-01,,2.9682,
2006-11-01,,2.9688,
2006-11-01,,2.9725,
2006-11-01,,2.9632,
2006-11-01,,2.9806,
2006-11-01,,2.9785,
2006-11-01,,3.0518,
2006-11-01,,3.0609,
2006-11-01,,3.0655,
2006-11-01,,3.02,
2006-11-01,,2.9886,
2006-11-01,,2.9811,
2006-11-01,,2.9781,
2006-12-01,2.273,2.9936,0.7205999999999997
2006-12-01,,2.9895,
2006-12-01,,2.9912,
2006-12-01,,2.9851,
2006-12-01,,2.9947,
2006-12-01,,3.0351,
2006-12-01,,3.0527,
2006-12-01,,3.0393,
2006-12-01,,3.0461,
2006-12-01,,3.0335,
2006-12-01,,3.0402,
2006-12-01,,3.0307,
2006-12-01,,3.0232,
2006-12-01,,3.0267,
2006-12-01,,3.0199,
2006-12-01,,3.0364,
2006-12-01,,3.0408,
2006-12-01,,3.0419,
2006-12-01,,3.0408,
2006-12-01,,3.026,
2006-12-01,,3.0202,
2006-12-01,,3.0204,
2006-12-01,,3.0269,
2007-01-01,2.164,,
2007-01-01,,3.0239,
2007-01-01,,3.0211,
2007-01-01,,3.0356,
2007-01-01,,3.0231,
2007-01-01,,3.0102,
2007-01-01,,3.0047,
2007-01-01,,3.0202,
2007-01-01,,3.0167,
2007-01-01,,3.0175,
2007-01-01,,3.0176,
2007-01-01,,3.0273,
2007-01-01,,3.032,
2007-01-01,,3.0277,
2007-01-01,,3.0373,
2007-01-01,,3.0267,
2007-01-01,,3.032,
2007-01-01,,3.0374,
2007-01-01,,3.0427,
2007-01-01,,3.0559,
2007-01-01,,3.0671,
2007-02-01,2.264,3.0676,0.8036000000000003
2007-02-01,,3.0598,
2007-02-01,,3.0765,
2007-02-01,,3.0705,
2007-02-01,,3.0704,
2007-02-01,,3.0814,
2007-02-01,,3.1171,
2007-02-01,,3.1355,
2007-02-01,,3.1367,
2007-02-01,,3.137,
2007-02-01,,3.1365,
2007-02-01,,3.1361,
2007-02-01,,3.11,
2007-02-01,,3.11,
2007-02-01,,3.12,
2007-02-01,,3.1468,
2007-02-01,,3.1466,
2007-03-01,2.38,3.1553,0.7753000000000001
2007-03-01,,3.1683,
2007-03-01,,3.1726,
2007-03-01,,3.179,
2007-03-01,,3.19,
2007-03-01,,3.2192,
2007-03-01,,3.223,
2007-03-01,,3.2278,
2007-03-01,,3.2051,
2007-03-01,,3.2332,
2007-03-01,,3.2876,
2007-03-01,,3.3042,
2007-03-01,,3.337,
2007-03-01,,3.36,
2007-03-01,,3.4,
2007-03-01,,3.395,
2007-03-01,,3.4235,
2007-03-01,,3.42,
2007-03-01,,3.42,
2007-03-01,,3.4245,
2007-03-01,,3.4386,
2007-03-01,,3.4338,
2007-04-01,2.63,,
2007-04-01,,3.43,
2007-04-01,,3.4277,
2007-04-01,,3.44,
2007-04-01,,3.4441,
2007-04-01,,3.4615,
2007-04-01,,3.488,
2007-04-01,,3.4829,
2007-04-01,,3.493,
2007-04-01,,3.4936,
2007-04-01,,3.5202,
2007-04-01,,3.5327,
2007-04-01,,3.5391,
2007-04-01,,3.56,
2007-04-01,,3.57,
2007-04-01,,3.58,
2007-04-01,,3.59,
2007-04-01,,3.6139,
2007-04-01,,3.6349,
2007-04-01,,3.5931,
2007-04-01,,3.5914,
2007-04-01,,3.5883,
2007-04-01,,3.58,
2007-04-01,,3.5916,
2007-05-01,2.948,,
2007-05-01,,3.5933,
2007-05-01,,3.5906,
2007-05-01,,3.63,
2007-05-01,,3.68,
2007-05-01,,3.7,
2007-05-01,,3.7992,
2007-05-01,,3.83,
2007-05-01,,3.83,
2007-05-01,,3.83,
2007-05-01,,3.966,
2007-05-01,,4.05,
2007-05-01,,4.064,
2007-05-01,,4.03,
2007-05-01,,4.05,
2007-05-01,,4.07,
2007-05-01,,4.08,
2007-05-01,,4.07,
2007-05-01,,4.06,
2007-06-01,3.196,4.08,0.8839999999999999
2007-06-01,,4.1393,
2007-06-01,,4.1309,
2007-06-01,,4.1442,
2007-06-01,,4.1427,
2007-06-01,,4.1624,
2007-06-01,,4.1376,
2007-06-01,,4.2199,
2007-06-01,,4.232,
2007-06-01,,4.2669,
2007-06-01,,4.3483,
2007-06-01,,4.3496,
2007-06-01,,4.3969,
2007-06-01,,4.4408,
2007-06-01,,4.47,
2007-06-01,,4.44,
2007-06-01,,4.42,
2007-06-01,,4.4,
2007-06-01,,4.3985,
2007-06-01,,4.4538,
2007-06-01,,4.45,
2007-07-01,3.302,,
2007-07-01,,4.45,
2007-07-01,,4.4726,
2007-07-01,,4.4745,
2007-07-01,,4.475,
2007-07-01,,4.4261,
2007-07-01,,4.4172,
2007-07-01,,4.4896,
2007-07-01,,4.4773,
2007-07-01,,4.4777,
2007-07-01,,4.4634,
2007-07-01,,4.454,
2007-07-01,,4.4542,
2007-07-01,,4.4547,
2007-07-01,,4.455,
2007-07-01,,4.4551,
2007-07-01,,4.477,
2007-07-01,,4.4651,
2007-07-01,,4.33,
2007-07-01,,4.3086,
2007-07-01,,4.3399,
2007-07-01,,4.2848,
2007-07-01,,4.3401,
2007-08-01,3.272,4.2857,1.0137000000000005
2007-08-01,,4.2594,
2007-08-01,,4.2855,
2007-08-01,,4.3861,
2007-08-01,,4.3775,
2007-08-01,,4.3166,
2007-08-01,,4.3178,
2007-08-01,,4.3378,
2007-08-01,,4.357,
2007-08-01,,4.3568,
2007-08-01,,4.3541,
2007-08-01,,4.3529,
2007-08-01,,4.3038,
2007-08-01,,4.2636,
2007-08-01,,4.2445,
2007-08-01,,4.227,
2007-08-01,,4.2064,
2007-08-01,,4.2164,
2007-08-01,,4.136,
2007-08-01,,4.2049,
2007-08-01,,4.2766,
2007-08-01,,4.2739,
2007-08-01,,4.2743,
2007-09-01,3.679,,
2007-09-01,,4.235,
2007-09-01,,4.2328,
2007-09-01,,4.244,
2007-09-01,,4.2677,
2007-09-01,,4.2872,
2007-09-01,,4.2946,
2007-09-01,,4.3615,
2007-09-01,,4.3788,
2007-09-01,,4.3892,
2007-09-01,,4.4893,
2007-09-01,,4.5421,
2007-09-01,,4.5436,
2007-09-01,,4.5474,
2007-09-01,,4.5477,
2007-09-01,,4.495,
2007-09-01,,4.493,
2007-09-01,,4.4859,
2007-09-01,,4.445,
2007-09-01,,4.42,
2007-09-01,,4.39,
2007-09-01,,4.396,
2007-09-01,,4.3877,
2007-10-01,3.596,,
2007-10-01,,4.3664,
2007-10-01,,4.37,
2007-10-01,,4.3737,
2007-10-01,,4.3732,
2007-10-01,,4.3723,
2007-10-01,,4.3746,
2007-10-01,,4.3743,
2007-10-01,,4.45,
2007-10-01,,4.46,
2007-10-01,,4.47,
2007-10-01,,4.48,
2007-10-01,,4.485,
2007-10-01,,4.485,
2007-10-01,,4.485,
2007-10-01,,4.485,
2007-10-01,,4.48,
2007-10-01,,4.484,
2007-10-01,,4.4937,
2007-11-01,4.159,4.5,0.3410000000000002
2007-11-01,,4.5,
2007-11-01,,4.5263,
2007-11-01,,4.5248,
2007-11-01,,4.5441,
2007-11-01,,4.5441,
2007-11-01,,4.5743,
2007-11-01,,4.5863,
2007-11-01,,4.5861,
2007-11-01,,4.5922,
2007-11-01,,4.5973,
2007-11-01,,4.5974,
2007-11-01,,4.5822,
2007-11-01,,4.5569,
2007-11-01,,4.545,
2007-11-01,,4.55,
2007-11-01,,4.54,
2007-11-01,,4.535,
2007-11-01,,4.5247,
2007-11-01,,4.5089,
2007-11-01,,4.5084,
2007-11-01,,4.5086,
2007-12-01,4.058,,
2007-12-01,,4.5085,
2007-12-01,,4.5085,
2007-12-01,,4.5096,
2007-12-01,,4.5038,
2007-12-01,,4.5043,
2007-12-01,,4.4996,
2007-12-01,,4.5116,
2007-12-01,,4.5118,
2007-12-01,,4.5067,
2007-12-01,,4.4251,
2007-12-01,,4.4282,
2007-12-01,,4.4279,
2007-12-01,,4.428,
2007-12-01,,4.4282,
2007-12-01,,4.4526,
2007-12-01,,4.4517,
2007-12-01,,4.4528,
2007-12-01,,4.4541,
2007-12-01,,4.4005,
2007-12-01,,4.4357,
2007-12-01,,4.4253,
2008-01-01,4.032,,
2008-01-01,,4.4363,
2008-01-01,,4.4263,
2008-01-01,,4.4013,
2008-01-01,,4.3948,
2008-01-01,,4.4024,
2008-01-01,,4.4022,
2008-01-01,,4.4067,
2008-01-01,,4.3893,
2008-01-01,,4.402,
2008-01-01,,4.4022,
2008-01-01,,4.4028,
2008-01-01,,4.3978,
2008-01-01,,4.403,
2008-01-01,,4.3777,
2008-01-01,,4.3679,
2008-01-01,,4.2883,
2008-01-01,,4.2433,
2008-01-01,,4.244,
2008-01-01,,4.2226,
2008-01-01,,4.2539,
2008-01-01,,4.2502,
2008-01-01,,4.1937,
2008-02-01,3.654,4.1308,0.4767999999999999
2008-02-01,,4.1307,
2008-02-01,,4.1309,
2008-02-01,,4.1311,
2008-02-01,,4.1458,
2008-02-01,,4.1559,
2008-02-01,,4.1561,
2008-02-01,,4.1791,
2008-02-01,,4.1924,
2008-02-01,,4.2176,
2008-02-01,,4.1744,
2008-02-01,,4.1818,
2008-02-01,,4.16,
2008-02-01,,4.1439,
2008-02-01,,4.1413,
2008-02-01,,4.1436,
2008-02-01,,4.1283,
2008-02-01,,4.1283,
2008-03-01,3.69,,
2008-03-01,,4.1285,
2008-03-01,,4.1521,
2008-03-01,,4.1635,
2008-03-01,,4.1768,
2008-03-01,,4.176,
2008-03-01,,4.1768,
2008-03-01,,4.1953,
2008-03-01,,4.1954,
2008-03-01,,4.17,
2008-03-01,,4.15,
2008-03-01,,4.1248,
2008-03-01,,4.1151,
2008-03-01,,4.075,
2008-03-01,,4.08,
2008-03-01,,4.08,
2008-03-01,,4.077,
2008-03-01,,4.0511,
2008-03-01,,4.0404,
2008-03-01,,4.0008,
2008-03-01,,4.0116,
2008-03-01,,4.046,
2008-04-01,3.624,4.0563,0.43230000000000013
2008-04-01,,4.0517,
2008-04-01,,4.0444,
2008-04-01,,4.045,
2008-04-01,,4.0451,
2008-04-01,,4.0451,
2008-04-01,,4.0405,
2008-04-01,,4.0457,
2008-04-01,,4.0436,
2008-04-01,,4.0244,
2008-04-01,,4.0184,
2008-04-01,,4.0185,
2008-04-01,,4.0085,
2008-04-01,,4.0087,
2008-04-01,,4.009,
2008-04-01,,4.0244,
2008-04-01,,4.0601,
2008-04-01,,4.0654,
2008-04-01,,4.0707,
2008-04-01,,4.0736,
2008-04-01,,4.0725,
2008-05-01,3.667,,
2008-05-01,,4.0704,
2008-05-01,,4.0631,
2008-05-01,,4.0632,
2008-05-01,,4.135,
2008-05-01,,4.1253,
2008-05-01,,4.121,
2008-05-01,,4.1517,
2008-05-01,,4.1486,
2008-05-01,,4.1653,
2008-05-01,,4.1691,
2008-05-01,,4.1493,
2008-05-01,,4.1669,
2008-05-01,,4.1676,
2008-05-01,,4.1677,
2008-05-01,,4.1631,
2008-05-01,,4.1632,
2008-05-01,,4.1636,
2008-05-01,,4.1618,
2008-05-01,,4.1676,
2008-05-01,,4.1636,
2008-05-01,,4.1589,
2008-06-01,3.804,,
2008-06-01,,4.1626,
2008-06-01,,4.1588,
2008-06-01,,4.1589,
2008-06-01,,4.1591,
2008-06-01,,4.1617,
2008-06-01,,4.2069,
2008-06-01,,4.3193,
2008-06-01,,4.3009,
2008-06-01,,4.3128,
2008-06-01,,4.3179,
2008-06-01,,4.3354,
2008-06-01,,4.3356,
2008-06-01,,4.3358,
2008-06-01,,4.4213,
2008-06-01,,4.4716,
2008-06-01,,4.4626,
2008-06-01,,4.4582,
2008-06-01,,4.5182,
2008-06-01,,4.558,
2008-06-01,,4.5285,
2008-07-01,3.934,4.5309,0.5968999999999998
2008-07-01,,4.536,
2008-07-01,,4.5311,
2008-07-01,,4.5313,
2008-07-01,,4.5529,
2008-07-01,,4.5331,
2008-07-01,,4.5059,
2008-07-01,,4.4725,
2008-07-01,,4.4562,
2008-07-01,,4.4328,
2008-07-01,,4.4332,
2008-07-01,,4.4338,
2008-07-01,,4.434,
2008-07-01,,4.4236,
2008-07-01,,4.419,
2008-07-01,,4.4135,
2008-07-01,,4.4136,
2008-07-01,,4.4137,
2008-07-01,,4.4342,
2008-07-01,,4.4374,
2008-07-01,,4.44,
2008-07-01,,4.4351,
2008-07-01,,4.4401,
2008-08-01,3.855,4.4601,0.6050999999999997
2008-08-01,,4.4612,
2008-08-01,,4.4565,
2008-08-01,,4.4411,
2008-08-01,,4.5238,
2008-08-01,,4.4988,
2008-08-01,,4.5596,
2008-08-01,,4.5139,
2008-08-01,,4.5038,
2008-08-01,,4.4736,
2008-08-01,,4.4133,
2008-08-01,,4.4141,
2008-08-01,,4.4042,
2008-08-01,,4.3944,
2008-08-01,,4.3689,
2008-08-01,,4.3554,
2008-08-01,,4.3431,
2008-08-01,,4.3292,
2008-08-01,,4.3096,
2008-08-01,,4.2753,
2008-08-01,,4.2234,
2008-09-01,3.48,4.1363,0.6563000000000003
2008-09-01,,4.1714,
2008-09-01,,4.1411,
2008-09-01,,4.1643,
2008-09-01,,4.1703,
2008-09-01,,4.1705,
2008-09-01,,4.1429,
2008-09-01,,4.1015,
2008-09-01,,4.0631,
2008-09-01,,3.9712,
2008-09-01,,3.8,
2008-09-01,,3.7119,
2008-09-01,,3.712,
2008-09-01,,3.69,
2008-09-01,,3.7594,
2008-09-01,,3.7612,
2008-09-01,,3.7601,
2008-09-01,,3.7276,
2008-09-01,,3.7282,
2008-09-01,,3.7143,
2008-09-01,,3.7155,
2008-10-01,2.68,,
2008-10-01,,3.6809,
2008-10-01,,3.5309,
2008-10-01,,3.3499,
2008-10-01,,3.15,
2008-10-01,,3.051,
2008-10-01,,3.126,
2008-10-01,,3.1593,
2008-10-01,,3.1062,
2008-10-01,,3.1267,
2008-10-01,,3.1768,
2008-10-01,,3.182,
2008-10-01,,3.1826,
2008-10-01,,3.1922,
2008-10-01,,3.1978,
2008-10-01,,3.1931,
2008-10-01,,3.1522,
2008-10-01,,3.1042,
2008-10-01,,3.0694,
2008-10-01,,3.0703,
2008-10-01,,3.0751,
2008-11-01,1.86,,
2008-11-01,,3.0549,
2008-11-01,,3.0569,
2008-11-01,,3.0676,
2008-11-01,,3.0424,
2008-11-01,,2.9767,
2008-11-01,,2.9005,
2008-11-01,,2.9221,
2008-11-01,,2.8969,
2008-11-01,,2.8639,
2008-11-01,,2.9482,
2008-11-01,,2.9984,
2008-11-01,,2.9974,
2008-11-01,,3.0885,
2008-11-01,,3.0531,
2008-11-01,,3.0049,
2008-11-01,,3.0638,
2008-11-01,,3.1728,
2008-11-01,,3.1034,
2008-11-01,,2.9064,
2008-11-01,,2.9905,
2008-12-01,1.244,3.0378,1.7937999999999998
2008-12-01,,3.0306,
2008-12-01,,2.9467,
2008-12-01,,2.9343,
2008-12-01,,2.9061,
2008-12-01,,2.9053,
2008-12-01,,3.0072,
2008-12-01,,3.013,
2008-12-01,,3.004,
2008-12-01,,2.9237,
2008-12-01,,2.9186,
2008-12-01,,2.9243,
2008-12-01,,2.81,
2008-12-01,,2.7043,
2008-12-01,,2.7384,
2008-12-01,,2.739,
2008-12-01,,2.6887,
2008-12-01,,2.7045,
2008-12-01,,2.7047,
2008-12-01,,2.7301,
2008-12-01,,2.7559,
2008-12-01,,2.7566,
2008-12-01,,2.7521,
2009-01-01,1.378,,
2009-01-01,,2.7102,
2009-01-01,,2.73,
2009-01-01,,2.6909,
2009-01-01,,2.6711,
2009-01-01,,2.6716,
2009-01-01,,2.6722,
2009-01-01,,2.7,
2009-01-01,,2.8257,
2009-01-01,,2.8818,
2009-01-01,,2.9897,
2009-01-01,,2.994,
2009-01-01,,3.0123,
2009-01-01,,3.0995,
2009-01-01,,3.1398,
2009-01-01,,3.0619,
2009-01-01,,3.0367,
2009-01-01,,3.0368,
2009-02-01,1.44,3.0502,1.6101999999999999
2009-02-01,,3.1433,
2009-02-01,,3.1766,
2009-02-01,,3.2946,
2009-02-01,,3.4013,
2009-02-01,,3.2967,
2009-02-01,,3.269,
2009-02-01,,3.3001,
2009-02-01,,3.2323,
2009-02-01,,3.1271,
2009-02-01,,3.1321,
2009-02-01,,3.1547,
2009-02-01,,3.1897,
2009-02-01,,3.1703,
2009-02-01,,3.1385,
2009-02-01,,3.1583,
2009-02-01,,3.1555,
2009-02-01,,3.1508,
2009-02-01,,3.1412,
2009-02-01,,3.1447,
2009-02-01,,3.1508,
2009-03-01,1.377,,
2009-03-01,,3.1582,
2009-03-01,,3.1755,
2009-03-01,,3.2075,
2009-03-01,,3.231,
2009-03-01,,3.2291,
2009-03-01,,3.2036,
2009-03-01,,3.178,
2009-03-01,,3.1331,
2009-03-01,,3.1524,
2009-03-01,,3.148,
2009-03-01,,3.1534,
2009-03-01,,3.1249,
2009-03-01,,3.1,
2009-03-01,,3.0768,
2009-03-01,,3.0772,
2009-03-01,,3.0831,
2009-03-01,,3.1295,
2009-03-01,,3.1297,
2009-03-01,,3.1606,
2009-03-01,,3.1594,
2009-03-01,,3.1608,
2009-03-01,,3.1612,
2009-04-01,1.389,3.1618,1.7728
2009-04-01,,3.1714,
2009-04-01,,3.1805,
2009-04-01,,3.1805,
2009-04-01,,3.1869,
2009-04-01,,3.1949,
2009-04-01,,3.1954,
2009-04-01,,3.1953,
2009-04-01,,3.2044,
2009-04-01,,3.2114,
2009-04-01,,3.1841,
2009-04-01,,3.1634,
2009-04-01,,3.1412,
2009-04-01,,3.1616,
2009-04-01,,3.1609,
2009-04-01,,3.1618,
2009-04-01,,3.1571,
2009-04-01,,3.1579,
2009-04-01,,3.1532,
2009-04-01,,3.1286,
2009-04-01,,3.1072,
2009-05-01,1.22,,
2009-05-01,,3.1092,
2009-05-01,,3.1036,
2009-05-01,,3.0795,
2009-05-01,,3.0739,
2009-05-01,,3.0701,
2009-05-01,,3.0698,
2009-05-01,,3.0662,
2009-05-01,,3.0365,
2009-05-01,,3.0318,
2009-05-01,,3.0321,
2009-05-01,,3.0277,
2009-05-01,,3.0384,
2009-05-01,,3.0386,
2009-05-01,,3.0388,
2009-05-01,,3.0434,
2009-05-01,,3.0441,
2009-05-01,,3.0546,
2009-05-01,,3.039,
2009-05-01,,3.0409,
2009-06-01,1.225,3.0615,1.8365
2009-06-01,,3.0515,
2009-06-01,,3.065,
2009-06-01,,3.1349,
2009-06-01,,3.1474,
2009-06-01,,3.1543,
2009-06-01,,3.1481,
2009-06-01,,3.166,
2009-06-01,,3.17,
2009-06-01,,3.1868,
2009-06-01,,3.1947,
2009-06-01,,3.1476,
2009-06-01,,3.1332,
2009-06-01,,3.1536,
2009-06-01,,3.1543,
2009-06-01,,3.1876,
2009-06-01,,3.2325,
2009-06-01,,3.2397,
2009-06-01,,3.2525,
2009-06-01,,3.2628,
2009-06-01,,3.2456,
2009-06-01,,3.2403,
2009-07-01,1.72,3.23,1.51
2009-07-01,,3.2277,
2009-07-01,,3.2534,
2009-07-01,,3.2702,
2009-07-01,,3.2706,
2009-07-01,,3.2709,
2009-07-01,,3.3068,
2009-07-01,,3.3056,
2009-07-01,,3.306,
2009-07-01,,3.3322,
2009-07-01,,3.3816,
2009-07-01,,3.4421,
2009-07-01,,3.451,
2009-07-01,,3.478,
2009-07-01,,3.4697,
2009-07-01,,3.4522,
2009-07-01,,3.4511,
2009-07-01,,3.4588,
2009-07-01,,3.5091,
2009-07-01,,3.4866,
2009-07-01,,3.502,
2009-07-01,,3.4905,
2009-07-01,,3.503,
2009-08-01,1.75,,
2009-08-01,,3.5034,
2009-08-01,,3.515,
2009-08-01,,3.5165,
2009-08-01,,3.5167,
2009-08-01,,3.5168,
2009-08-01,,3.5177,
2009-08-01,,3.518,
2009-08-01,,3.5209,
2009-08-01,,3.5187,
2009-08-01,,3.518,
2009-08-01,,3.5231,
2009-08-01,,3.5242,
2009-08-01,,3.5255,
2009-08-01,,3.5162,
2009-08-01,,3.5276,
2009-08-01,,3.4886,
2009-08-01,,3.4966,
2009-08-01,,3.485,
2009-08-01,,3.4847,
2009-08-01,,3.48,
2009-08-01,,3.4805,
2009-09-01,1.66,3.481,1.821
2009-09-01,,3.4982,
2009-09-01,,3.4862,
2009-09-01,,3.4698,
2009-09-01,,3.4317,
2009-09-01,,3.4268,
2009-09-01,,3.4323,
2009-09-01,,3.451,
2009-09-01,,3.4652,
2009-09-01,,3.4631,
2009-09-01,,3.4581,
2009-09-01,,3.4535,
2009-09-01,,3.4636,
2009-09-01,,3.4741,
2009-09-01,,3.5132,
2009-09-01,,3.5212,
2009-09-01,,3.5126,
2009-09-01,,3.5096,
2009-09-01,,3.5101,
2009-09-01,,3.5103,
2009-09-01,,3.4917,
2009-09-01,,3.5,
2009-09-01,,3.5132,
2009-10-01,1.7,,
2009-10-01,,3.5542,
2009-10-01,,3.5541,
2009-10-01,,3.6043,
2009-10-01,,3.6305,
2009-10-01,,3.6787,
2009-10-01,,3.7,
2009-10-01,,3.7058,
2009-10-01,,3.6789,
2009-10-01,,3.6773,
2009-10-01,,3.6933,
2009-10-01,,3.6587,
2009-10-01,,3.692,
2009-10-01,,3.6925,
2009-10-01,,3.6905,
2009-10-01,,3.6855,
2009-10-01,,3.6818,
2009-10-01,,3.6886,
2009-11-01,1.87,,
2009-11-01,,3.692,
2009-11-01,,3.6944,
2009-11-01,,3.7038,
2009-11-01,,3.7247,
2009-11-01,,3.7303,
2009-11-01,,3.7313,
2009-11-01,,3.7281,
2009-11-01,,3.6988,
2009-11-01,,3.6918,
2009-11-01,,3.6921,
2009-11-01,,3.6927,
2009-11-01,,3.6956,
2009-11-01,,3.6885,
2009-11-01,,3.6866,
2009-11-01,,3.6648,
2009-11-01,,3.6703,
2009-11-01,,3.6504,
2009-11-01,,3.651,
2009-11-01,,3.6459,
2009-11-01,,3.5759,
2009-11-01,,3.5569,
2009-12-01,1.9,3.5723,1.6723
2009-12-01,,3.5725,
2009-12-01,,3.5929,
2009-12-01,,3.5983,
2009-12-01,,3.62,
2009-12-01,,3.6292,
2009-12-01,,3.6251,
2009-12-01,,3.6258,
2009-12-01,,3.6257,
2009-12-01,,3.6348,
2009-12-01,,3.6314,
2009-12-01,,3.6339,
2009-12-01,,3.6365,
2009-12-01,,3.6393,
2009-12-01,,3.6508,
2009-12-01,,3.6507,
2009-12-01,,3.6589,
2009-12-01,,3.6565,
2009-12-01,,3.6543,
2009-12-01,,3.65,
2009-12-01,,3.6426,
2009-12-01,,3.6429,
2009-12-01,,3.6422,
2010-01-01,1.9,,
2010-01-01,,3.6603,
2010-01-01,,3.6606,
2010-01-01,,3.6425,
2010-01-01,,3.6543,
2010-01-01,,3.6614,
2010-01-01,,3.6696,
2010-01-01,,3.6694,
2010-01-01,,3.7053,
2010-01-01,,3.6868,
2010-01-01,,3.6871,
2010-01-01,,3.6852,
2010-01-01,,3.6559,
2010-01-01,,3.64,
2010-01-01,,3.6558,
2010-01-01,,3.63,
2010-01-01,,3.6,
2010-01-01,,3.5838,
2010-01-01,,3.5648,
2010-01-01,,3.5879,
2010-01-01,,3.58,
2010-02-01,2.08,3.5406,1.4606
2010-02-01,,3.4956,
2010-02-01,,3.4648,
2010-02-01,,3.5006,
2010-02-01,,3.4733,
2010-02-01,,3.4706,
2010-02-01,,3.4743,
2010-02-01,,3.4615,
2010-02-01,,3.4516,
2010-02-01,,3.457,
2010-02-01,,3.4889,
2010-02-01,,3.4841,
2010-02-01,,3.5149,
2010-02-01,,3.51,
2010-02-01,,3.4646,
2010-02-01,,3.4448,
2010-02-01,,3.3753,
2010-03-01,1.97,3.3613,1.3913
2010-03-01,,3.3414,
2010-03-01,,3.3169,
2010-03-01,,3.3518,
2010-03-01,,3.3537,
2010-03-01,,3.3602,
2010-03-01,,3.3817,
2010-03-01,,3.403,
2010-03-01,,3.4559,
2010-03-01,,3.4526,
2010-03-01,,3.4484,
2010-03-01,,3.4331,
2010-03-01,,3.3829,
2010-03-01,,3.3639,
2010-03-01,,3.3805,
2010-03-01,,3.4216,
2010-03-01,,3.4062,
2010-03-01,,3.3961,
2010-03-01,,3.4168,
2010-03-01,,3.4582,
2010-03-01,,3.4784,
2010-03-01,,3.4959,
2010-03-01,,3.4818,
2010-04-01,2.1,3.4742,1.3742
2010-04-01,,3.48,
2010-04-01,,3.5021,
2010-04-01,,3.5182,
2010-04-01,,3.5549,
2010-04-01,,3.5468,
2010-04-01,,3.5343,
2010-04-01,,3.5031,
2010-04-01,,3.5043,
2010-04-01,,3.5071,
2010-04-01,,3.4813,
2010-04-01,,3.4116,
2010-04-01,,3.4086,
2010-04-01,,3.4354,
2010-04-01,,3.4093,
2010-04-01,,3.4106,
2010-04-01,,3.3715,
2010-04-01,,3.3768,
2010-04-01,,3.3456,
2010-04-01,,3.3607,
2010-04-01,,3.3565,
2010-05-01,2.14,,
2010-05-01,,3.3826,
2010-05-01,,3.3636,
2010-05-01,,3.3485,
2010-05-01,,3.2721,
2010-05-01,,3.3027,
2010-05-01,,3.2983,
2010-05-01,,3.2781,
2010-05-01,,3.2686,
2010-05-01,,3.2687,
2010-05-01,,3.2257,
2010-05-01,,3.2118,
2010-05-01,,3.1865,
2010-05-01,,3.2078,
2010-05-01,,3.1972,
2010-05-01,,3.2277,
2010-05-01,,3.203,
2010-05-01,,3.2272,
2010-05-01,,3.2416,
2010-05-01,,3.2529,
2010-05-01,,3.243,
2010-06-01,2.3,3.2726,0.9726000000000004
2010-06-01,,3.2748,
2010-06-01,,3.2478,
2010-06-01,,3.2512,
2010-06-01,,3.226,
2010-06-01,,3.2432,
2010-06-01,,3.2845,
2010-06-01,,3.2891,
2010-06-01,,3.332,
2010-06-01,,3.3282,
2010-06-01,,3.3282,
2010-06-01,,3.3296,
2010-06-01,,3.3836,
2010-06-01,,3.3925,
2010-06-01,,3.3807,
2010-06-01,,3.4129,
2010-06-01,,3.4179,
2010-06-01,,3.3822,
2010-06-01,,3.3435,
2010-06-01,,3.2909,
2010-06-01,,3.279,
2010-07-01,2.22,3.2848,1.0648
2010-07-01,,3.2665,
2010-07-01,,3.2517,
2010-07-01,,3.2168,
2010-07-01,,3.2233,
2010-07-01,,3.2382,
2010-07-01,,3.2347,
2010-07-01,,3.2146,
2010-07-01,,3.1767,
2010-07-01,,3.1744,
2010-07-01,,3.1817,
2010-07-01,,3.1976,
2010-07-01,,3.1901,
2010-07-01,,3.2086,
2010-07-01,,3.2144,
2010-07-01,,3.2161,
2010-07-01,,3.2528,
2010-07-01,,3.2813,
2010-07-01,,3.2816,
2010-07-01,,3.2982,
2010-07-01,,3.2993,
2010-07-01,,3.2996,
2010-08-01,2.22,,
2010-08-01,,3.3131,
2010-08-01,,3.3105,
2010-08-01,,3.2971,
2010-08-01,,3.2967,
2010-08-01,,3.2922,
2010-08-01,,3.2975,
2010-08-01,,3.2972,
2010-08-01,,3.2685,
2010-08-01,,3.223,
2010-08-01,,3.2374,
2010-08-01,,3.2504,
2010-08-01,,3.2461,
2010-08-01,,3.245,
2010-08-01,,3.2501,
2010-08-01,,3.2389,
2010-08-01,,3.2346,
2010-08-01,,3.2229,
2010-08-01,,3.2154,
2010-08-01,,3.2322,
2010-08-01,,3.2379,
2010-08-01,,3.2304,
2010-08-01,,3.2301,
2010-09-01,2.13,3.2358,1.1058
2010-09-01,,3.2418,
2010-09-01,,3.2406,
2010-09-01,,3.258,
2010-09-01,,3.2739,
2010-09-01,,3.2632,
2010-09-01,,3.2681,
2010-09-01,,3.2989,
2010-09-01,,3.3251,
2010-09-01,,3.3205,
2010-09-01,,3.3443,
2010-09-01,,3.3401,
2010-09-01,,3.3504,
2010-09-01,,3.35,
2010-09-01,,3.3388,
2010-09-01,,3.3391,
2010-09-01,,3.3387,
2010-09-01,,3.3428,
2010-09-01,,3.3378,
2010-09-01,,3.3371,
2010-09-01,,3.331,
2010-09-01,,3.3183,
2010-10-01,2.18,,
2010-10-01,,3.3342,
2010-10-01,,3.3584,
2010-10-01,,3.404,
2010-10-01,,3.4179,
2010-10-01,,3.4271,
2010-10-01,,3.4275,
2010-10-01,,3.4247,
2010-10-01,,3.4182,
2010-10-01,,3.4205,
2010-10-01,,3.6201,
2010-10-01,,3.637,
2010-10-01,,3.6358,
2010-10-01,,3.6407,
2010-10-01,,3.6944,
2010-10-01,,3.6975,
2010-10-01,,3.6863,
2010-10-01,,3.6821,
2010-11-01,2.74,3.6941,0.9541
2010-11-01,,3.7497,
2010-11-01,,3.8113,
2010-11-01,,3.8434,
2010-11-01,,3.8458,
2010-11-01,,3.8392,
2010-11-01,,3.8445,
2010-11-01,,3.9204,
2010-11-01,,3.953,
2010-11-01,,3.9534,
2010-11-01,,3.945,
2010-11-01,,3.9065,
2010-11-01,,3.86,
2010-11-01,,3.8336,
2010-11-01,,3.87,
2010-11-01,,3.9161,
2010-11-01,,3.9317,
2010-11-01,,3.9533,
2010-11-01,,3.9674,
2010-11-01,,4.0123,
2010-11-01,,3.9959,
2010-11-01,,3.971,
2010-12-01,3.4,3.8919,0.4919000000000002
2010-12-01,,3.8609,
2010-12-01,,3.8699,
2010-12-01,,3.8696,
2010-12-01,,3.8435,
2010-12-01,,3.8609,
2010-12-01,,3.9024,
2010-12-01,,3.8888,
2010-12-01,,3.8509,
2010-12-01,,3.8521,
2010-12-01,,3.815,
2010-12-01,,3.8044,
2010-12-01,,3.8058,
2010-12-01,,3.785,
2010-12-01,,3.7956,
2010-12-01,,3.8004,
2010-12-01,,3.8108,
2010-12-01,,3.8136,
2010-12-01,,3.8913,
2010-12-01,,3.9118,
2010-12-01,,3.9019,
2010-12-01,,3.88,
2010-12-01,,3.8799,
2011-01-01,3.2,,
2011-01-01,,3.8606,
2011-01-01,,3.8132,
2011-01-01,,3.8339,
2011-01-01,,3.8237,
2011-01-01,,3.8449,
2011-01-01,,3.8703,
2011-01-01,,3.855,
2011-01-01,,3.8831,
2011-01-01,,3.9156,
2011-01-01,,3.9651,
2011-01-01,,3.9954,
2011-01-01,,3.9752,
2011-01-01,,3.9749,
2011-01-01,,3.9837,
2011-01-01,,3.9918,
2011-01-01,,4.0152,
2011-01-01,,3.9991,
2011-01-01,,4.0058,
2011-01-01,,4.0096,
2011-01-01,,4.01,
2011-01-01,,4.0187,
2011-02-01,3.2,4.0186,0.8186
2011-02-01,,4.1006,
2011-02-01,,4.1158,
2011-02-01,,4.1062,
2011-02-01,,4.1087,
2011-02-01,,4.0552,
2011-02-01,,4.0454,
2011-02-01,,4.045,
2011-02-01,,4.0449,
2011-02-01,,4.045,
2011-02-01,,4.0702,
2011-02-01,,4.04,
2011-02-01,,3.9946,
2011-02-01,,3.9132,
2011-02-01,,3.9566,
2011-02-01,,3.9314,
2011-03-01,3.18,3.9259,0.7458999999999998
2011-03-01,,3.9233,
2011-03-01,,3.9279,
2011-03-01,,3.9388,
2011-03-01,,3.9351,
2011-03-01,,3.9078,
2011-03-01,,3.8879,
2011-03-01,,3.9321,
2011-03-01,,3.9328,
2011-03-01,,3.9074,
2011-03-01,,3.8659,
2011-03-01,,3.86,
2011-03-01,,3.8326,
2011-03-01,,3.8489,
2011-03-01,,3.8774,
2011-03-01,,3.8987,
2011-03-01,,3.9037,
2011-03-01,,3.8762,
2011-03-01,,3.8714,
2011-03-01,,3.8807,
2011-03-01,,3.9044,
2011-03-01,,3.9069,
2011-03-01,,3.912,
2011-04-01,3.16,3.9126,0.7525999999999997
2011-04-01,,3.9078,
2011-04-01,,3.9203,
2011-04-01,,3.9167,
2011-04-01,,3.9081,
2011-04-01,,3.8928,
2011-04-01,,3.87,
2011-04-01,,3.8703,
2011-04-01,,3.8707,
2011-04-01,,3.8709,
2011-04-01,,3.896,
2011-04-01,,3.8911,
2011-04-01,,3.8913,
2011-04-01,,3.8912,
2011-04-01,,3.8966,
2011-04-01,,3.8961,
2011-04-01,,3.896,
2011-04-01,,3.8812,
2011-04-01,,3.87,
2011-04-01,,3.8713,
2011-05-01,3.2,,
2011-05-01,,3.8752,
2011-05-01,,3.8772,
2011-05-01,,3.8715,
2011-05-01,,3.8308,
2011-05-01,,3.8378,
2011-05-01,,3.8326,
2011-05-01,,3.8334,
2011-05-01,,3.8211,
2011-05-01,,3.8363,
2011-05-01,,3.8432,
2011-05-01,,3.8318,
2011-05-01,,3.8338,
2011-05-01,,3.8309,
2011-05-01,,3.8429,
2011-05-01,,3.84,
2011-05-01,,3.8414,
2011-05-01,,3.8382,
2011-05-01,,3.8352,
2011-05-01,,3.8217,
2011-05-01,,3.8256,
2011-05-01,,3.8311,
2011-06-01,3.59,3.8311,0.24110000000000031
2011-06-01,,3.8337,
2011-06-01,,3.8337,
2011-06-01,,3.8341,
2011-06-01,,3.8572,
2011-06-01,,3.8726,
2011-06-01,,3.894,
2011-06-01,,3.9036,
2011-06-01,,3.9406,
2011-06-01,,3.9986,
2011-06-01,,3.9839,
2011-06-01,,3.9803,
2011-06-01,,3.9413,
2011-06-01,,3.9003,
2011-06-01,,3.9555,
2011-06-01,,3.9691,
2011-06-01,,3.8963,
2011-06-01,,3.8703,
2011-06-01,,3.8801,
2011-06-01,,3.8833,
2011-06-01,,3.8857,
2011-07-01,3.72,3.8775,0.15749999999999975
2011-07-01,,3.8842,
2011-07-01,,3.8909,
2011-07-01,,3.9116,
2011-07-01,,3.9021,
2011-07-01,,3.8881,
2011-07-01,,3.8923,
2011-07-01,,3.8899,
2011-07-01,,3.8913,
2011-07-01,,3.9204,
2011-07-01,,3.9278,
2011-07-01,,3.9558,
2011-07-01,,4.0088,
2011-07-01,,4.0715,
2011-07-01,,4.0889,
2011-07-01,,4.0671,
2011-07-01,,4.0663,
2011-07-01,,4.0753,
2011-07-01,,4.0855,
2011-07-01,,4.0627,
2011-07-01,,4.0477,
2011-08-01,3.95,4.0502,0.10020000000000007
2011-08-01,,4.0615,
2011-08-01,,4.1201,
2011-08-01,,4.0911,
2011-08-01,,4.0423,
2011-08-01,,4.0007,
2011-08-01,,3.9554,
2011-08-01,,3.9639,
2011-08-01,,3.9291,
2011-08-01,,3.9268,
2011-08-01,,3.9231,
2011-08-01,,3.9492,
2011-08-01,,3.9432,
2011-08-01,,3.956,
2011-08-01,,3.9331,
2011-08-01,,3.9325,
2011-08-01,,3.9356,
2011-08-01,,3.9501,
2011-08-01,,3.975,
2011-08-01,,3.9886,
2011-08-01,,4.0994,
2011-08-01,,4.1303,
2011-08-01,,4.105,
2011-09-01,3.7,4.0708,0.3708
2011-09-01,,4.07,
2011-09-01,,4.0501,
2011-09-01,,4.0107,
2011-09-01,,4.05,
2011-09-01,,4.065,
2011-09-01,,4.0452,
2011-09-01,,4.0208,
2011-09-01,,4.021,
2011-09-01,,4.0495,
2011-09-01,,4.0752,
2011-09-01,,4.0801,
2011-09-01,,4.0801,
2011-09-01,,4.0908,
2011-09-01,,4.0676,
2011-09-01,,3.9662,
2011-09-01,,3.8878,
2011-09-01,,3.9158,
2011-09-01,,3.9203,
2011-09-01,,3.884,
2011-09-01,,3.8605,
2011-10-01,3.4,,
2011-10-01,,3.8605,
2011-10-01,,3.8056,
2011-10-01,,3.7706,
2011-10-01,,3.7593,
2011-10-01,,3.8005,
2011-10-01,,3.8205,
2011-10-01,,3.7707,
2011-10-01,,3.7906,
2011-10-01,,3.7407,
2011-10-01,,3.7311,
2011-10-01,,3.7266,
2011-10-01,,3.7385,
2011-10-01,,3.7533,
2011-10-01,,3.796,
2011-10-01,,3.7918,
2011-10-01,,3.8032,
2011-10-01,,3.787,
2011-10-01,,3.7607,
2011-11-01,3.0,3.7395,0.7395
2011-11-01,,3.7208,
2011-11-01,,3.7233,
2011-11-01,,3.7158,
2011-11-01,,3.7333,
2011-11-01,,3.6988,
2011-11-01,,3.6436,
2011-11-01,,3.5563,
2011-11-01,,3.5916,
2011-11-01,,3.5807,
2011-11-01,,3.6563,
2011-11-01,,3.626,
2011-11-01,,3.636,
2011-11-01,,3.6412,
2011-11-01,,3.6598,
2011-11-01,,3.6412,
2011-11-01,,3.5914,
2011-11-01,,3.6103,
2011-11-01,,3.6115,
2011-11-01,,3.6402,
2011-11-01,,3.6315,
2011-11-01,,3.6091,
2011-12-01,2.82,3.5005,0.6805000000000003
2011-12-01,,3.472,
2011-12-01,,3.442,
2011-12-01,,3.479,
2011-12-01,,3.489,
2011-12-01,,3.4953,
2011-12-01,,3.4817,
2011-12-01,,3.4927,
2011-12-01,,3.4982,
2011-12-01,,3.4807,
2011-12-01,,3.489,
2011-12-01,,3.4637,
2011-12-01,,3.4702,
2011-12-01,,3.4655,
2011-12-01,,3.4709,
2011-12-01,,3.4752,
2011-12-01,,3.4803,
2011-12-01,,3.4652,
2011-12-01,,3.4603,
2011-12-01,,3.4603,
2011-12-01,,3.4453,
2011-12-01,,3.4303,
2011-12-01,,3.4211,
2012-01-01,2.88,,
2012-01-01,,3.4395,
2012-01-01,,3.4304,
2012-01-01,,3.397,
2012-01-01,,3.3806,
2012-01-01,,3.403,
2012-01-01,,3.4208,
2012-01-01,,3.402,
2012-01-01,,3.4108,
2012-01-01,,3.4233,
2012-01-01,,3.4045,
2012-01-01,,3.3957,
2012-01-01,,3.3758,
2012-01-01,,3.3808,
2012-01-01,,3.3811,
2012-01-01,,3.3812,
2012-01-01,,3.4005,
2012-01-01,,3.4064,
2012-02-01,3.03,3.4318,0.40180000000000016
2012-02-01,,3.441,
2012-02-01,,3.436,
2012-02-01,,3.4785,
2012-02-01,,3.481,
2012-02-01,,3.5098,
2012-02-01,,3.5409,
2012-02-01,,3.521,
2012-02-01,,3.5148,
2012-02-01,,3.516,
2012-02-01,,3.5335,
2012-02-01,,3.5361,
2012-02-01,,3.5361,
2012-02-01,,3.5116,
2012-02-01,,3.5164,
2012-02-01,,3.5276,
2012-02-01,,3.5254,
2012-02-01,,3.5164,
2012-02-01,,3.5501,
2012-02-01,,3.5464,
2012-02-01,,3.534,
2012-03-01,2.94,3.55,0.6099999999999999
2012-03-01,,3.5616,
2012-03-01,,3.5614,
2012-03-01,,3.5465,
2012-03-01,,3.5316,
2012-03-01,,3.5316,
2012-03-01,,3.5367,
2012-03-01,,3.5242,
2012-03-01,,3.5401,
2012-03-01,,3.5451,
2012-03-01,,3.5589,
2012-03-01,,3.5483,
2012-03-01,,3.559,
2012-03-01,,3.5601,
2012-03-01,,3.5608,
2012-03-01,,3.5502,
2012-03-01,,3.5267,
2012-03-01,,3.5247,
2012-03-01,,3.5403,
2012-03-01,,3.5223,
2012-03-01,,3.5143,
2012-03-01,,3.5054,
2012-03-01,,3.5004,
2012-04-01,2.91,3.5204,0.6103999999999998
2012-04-01,,3.5191,
2012-04-01,,3.5203,
2012-04-01,,3.5352,
2012-04-01,,3.5366,
2012-04-01,,3.5308,
2012-04-01,,3.5407,
2012-04-01,,3.5277,
2012-04-01,,3.5318,
2012-04-01,,3.5291,
2012-04-01,,3.5366,
2012-04-01,,3.5518,
2012-04-01,,3.5414,
2012-04-01,,3.5407,
2012-04-01,,3.5302,
2012-04-01,,3.5369,
2012-04-01,,3.5357,
2012-04-01,,3.5389,
2012-04-01,,3.5391,
2012-05-01,2.55,,
2012-05-01,,3.5449,
2012-05-01,,3.5454,
2012-05-01,,3.5512,
2012-05-01,,3.5518,
2012-05-01,,3.552,
2012-05-01,,3.5414,
2012-05-01,,3.5287,
2012-05-01,,3.4907,
2012-05-01,,3.4461,
2012-05-01,,3.405,
2012-05-01,,3.3618,
2012-05-01,,3.4116,
2012-05-01,,3.3614,
2012-05-01,,3.3866,
2012-05-01,,3.3948,
2012-05-01,,3.3825,
2012-05-01,,3.3619,
2012-05-01,,3.3019,
2012-05-01,,3.3418,
2012-05-01,,3.3718,
2012-05-01,,3.3766,
2012-05-01,,3.3443,
2012-06-01,2.4,3.3416,0.9416000000000002
2012-06-01,,3.3469,
2012-06-01,,3.3568,
2012-06-01,,3.36,
2012-06-01,,3.3751,
2012-06-01,,3.3101,
2012-06-01,,3.3491,
2012-06-01,,3.3747,
2012-06-01,,3.3909,
2012-06-01,,3.4009,
2012-06-01,,3.3932,
2012-06-01,,3.4107,
2012-06-01,,3.4093,
2012-06-01,,3.4101,
2012-06-01,,3.4001,
2012-06-01,,3.3677,
2012-06-01,,3.3653,
2012-06-01,,3.3252,
2012-06-01,,3.3253,
2012-06-01,,3.3253,
2012-07-01,2.39,,
2012-07-01,,3.3353,
2012-07-01,,3.3204,
2012-07-01,,3.3195,
2012-07-01,,3.3193,
2012-07-01,,3.296,
2012-07-01,,3.2709,
2012-07-01,,3.2549,
2012-07-01,,3.2398,
2012-07-01,,3.2502,
2012-07-01,,3.2591,
2012-07-01,,3.2752,
2012-07-01,,3.285,
2012-07-01,,3.2858,
2012-07-01,,3.286,
2012-07-01,,3.281,
2012-07-01,,3.276,
2012-07-01,,3.2759,
2012-07-01,,3.276,
2012-07-01,,3.2763,
2012-07-01,,3.2764,
2012-07-01,,3.2755,
2012-07-01,,3.2915,
2012-08-01,2.87,3.2921,0.4220999999999999
2012-08-01,,3.2861,
2012-08-01,,3.2902,
2012-08-01,,3.31,
2012-08-01,,3.33,
2012-08-01,,3.3545,
2012-08-01,,3.3023,
2012-08-01,,3.2825,
2012-08-01,,3.3029,
2012-08-01,,3.3105,
2012-08-01,,3.3402,
2012-08-01,,3.3467,
2012-08-01,,3.3342,
2012-08-01,,3.3564,
2012-08-01,,3.3578,
2012-08-01,,3.3935,
2012-08-01,,3.3702,
2012-08-01,,3.3364,
2012-08-01,,3.3498,
2012-08-01,,3.3634,
2012-08-01,,3.3943,
2012-08-01,,3.3904,
2012-08-01,,3.3928,
2012-09-01,2.94,,
2012-09-01,,3.4001,
2012-09-01,,3.3836,
2012-09-01,,3.3887,
2012-09-01,,3.3963,
2012-09-01,,3.4162,
2012-09-01,,3.4611,
2012-09-01,,3.4714,
2012-09-01,,3.4909,
2012-09-01,,3.4834,
2012-09-01,,3.5485,
2012-09-01,,3.5717,
2012-09-01,,3.5216,
2012-09-01,,3.5166,
2012-09-01,,3.5171,
2012-09-01,,3.4998,
2012-09-01,,3.4956,
2012-09-01,,3.4676,
2012-09-01,,3.4444,
2012-09-01,,3.4525,
2012-09-01,,3.4575,
2012-09-01,,3.4574,
2012-10-01,3.08,,
2012-10-01,,3.4814,
2012-10-01,,3.4921,
2012-10-01,,3.5036,
2012-10-01,,3.499,
2012-10-01,,3.4807,
2012-10-01,,3.473,
2012-10-01,,3.4903,
2012-10-01,,3.5036,
2012-10-01,,3.519,
2012-10-01,,3.535,
2012-10-01,,3.5293,
2012-10-01,,3.5454,
2012-10-01,,3.5478,
2012-10-01,,3.5672,
2012-10-01,,3.5727,
2012-10-01,,3.5668,
2012-10-01,,3.5648,
2012-10-01,,3.5739,
2012-11-01,3.05,3.5984,0.5484
2012-11-01,,3.5852,
2012-11-01,,3.5872,
2012-11-01,,3.5771,
2012-11-01,,3.5644,
2012-11-01,,3.5609,
2012-11-01,,3.5594,
2012-11-01,,3.5585,
2012-11-01,,3.547,
2012-11-01,,3.5356,
2012-11-01,,3.5279,
2012-11-01,,3.5133,
2012-11-01,,3.501,
2012-11-01,,3.5111,
2012-11-01,,3.5205,
2012-11-01,,3.5357,
2012-11-01,,3.5428,
2012-11-01,,3.5511,
2012-11-01,,3.557,
2012-11-01,,3.5535,
2012-11-01,,3.5311,
2012-11-01,,3.5332,
2012-12-01,3.085,,
2012-12-01,,3.5397,
2012-12-01,,3.5498,
2012-12-01,,3.5622,
2012-12-01,,3.558,
2012-12-01,,3.5689,
2012-12-01,,3.5707,
2012-12-01,,3.5658,
2012-12-01,,3.5666,
2012-12-01,,3.5649,
2012-12-01,,3.5781,
2012-12-01,,3.5814,
2012-12-01,,3.5843,
2012-12-01,,3.5942,
2012-12-01,,3.6086,
2012-12-01,,3.606,
2012-12-01,,3.6009,
2012-12-01,,3.5955,
2012-12-01,,3.5925,
2012-12-01,,3.5803,
2012-12-01,,3.5752,
2012-12-01,,3.5738,
2013-01-01,3.08,,
2013-01-01,,3.6062,
2013-01-01,,3.6003,
2013-01-01,,3.595,
2013-01-01,,3.5965,
2013-01-01,,3.5943,
2013-01-01,,3.575,
2013-01-01,,3.595,
2013-01-01,,3.5999,
2013-01-01,,3.6023,
2013-01-01,,3.6008,
2013-01-01,,3.6047,
2013-01-01,,3.5986,
2013-01-01,,3.5834,
2013-01-01,,3.5743,
2013-01-01,,3.5705,
2013-01-01,,3.5682,
2013-01-01,,3.5816,
2013-01-01,,3.5837,
2013-01-01,,3.6042,
2013-01-01,,3.6116,
2013-01-01,,3.6053,
2013-01-01,,3.6054,
2013-02-01,3.06,3.6004,0.5404
2013-02-01,,3.6016,
2013-02-01,,3.591,
2013-02-01,,3.5922,
2013-02-01,,3.5928,
2013-02-01,,3.5859,
2013-02-01,,3.5922,
2013-02-01,,3.5847,
2013-02-01,,3.5929,
2013-02-01,,3.5931,
2013-02-01,,3.5632,
2013-02-01,,3.5623,
2013-02-01,,3.5708,
2013-02-01,,3.5821,
2013-02-01,,3.5948,
2013-02-01,,3.5904,
2013-02-01,,3.5957,
2013-03-01,3.06,3.5878,0.5278
2013-03-01,,3.5785,
2013-03-01,,3.576,
2013-03-01,,3.5802,
2013-03-01,,3.5813,
2013-03-01,,3.5816,
2013-03-01,,3.583,
2013-03-01,,3.5897,
2013-03-01,,3.5898,
2013-03-01,,3.5919,
2013-03-01,,3.5919,
2013-03-01,,3.5971,
2013-03-01,,3.5922,
2013-03-01,,3.5722,
2013-03-01,,3.5819,
2013-03-01,,3.5816,
2013-03-01,,3.577,
2013-03-01,,3.5717,
2013-03-01,,3.5611,
2013-03-01,,3.5505,
2013-03-01,,3.5392,
2013-04-01,3.06,3.5303,0.47029999999999994
2013-04-01,,3.5106,
2013-04-01,,3.5005,
2013-04-01,,3.4907,
2013-04-01,,3.4905,
2013-04-01,,3.4705,
2013-04-01,,3.4624,
2013-04-01,,3.4705,
2013-04-01,,3.4655,
2013-04-01,,3.4405,
2013-04-01,,3.4005,
2013-04-01,,3.4131,
2013-04-01,,3.4431,
2013-04-01,,3.4503,
2013-04-01,,3.4867,
2013-04-01,,3.4629,
2013-04-01,,3.4498,
2013-04-01,,3.4314,
2013-04-01,,3.4313,
2013-04-01,,3.4311,
2013-04-01,,3.4314,
2013-05-01,3.06,,
2013-05-01,,3.4119,
2013-05-01,,3.4212,
2013-05-01,,3.4354,
2013-05-01,,3.4261,
2013-05-01,,3.4345,
2013-05-01,,3.4317,
2013-05-01,,3.4212,
2013-05-01,,3.4238,
2013-05-01,,3.4248,
2013-05-01,,3.4218,
2013-05-01,,3.4219,
2013-05-01,,3.4213,
2013-05-01,,3.4253,
2013-05-01,,3.4253,
2013-05-01,,3.4153,
2013-05-01,,3.413,
2013-05-01,,3.4181,
2013-05-01,,3.4166,
2013-05-01,,3.4206,
2013-05-01,,3.434,
2013-05-01,,3.434,
2013-05-01,,3.4399,
2013-06-01,3.38,,
2013-06-01,,3.4478,
2013-06-01,,3.4603,
2013-06-01,,3.4615,
2013-06-01,,3.4651,
2013-06-01,,3.4822,
2013-06-01,,3.4822,
2013-06-01,,3.4491,
2013-06-01,,3.4591,
2013-06-01,,3.4689,
2013-06-01,,3.4785,
2013-06-01,,3.4818,
2013-06-01,,3.5516,
2013-06-01,,3.7016,
2013-06-01,,3.6014,
2013-06-01,,3.5999,
2013-06-01,,3.5999,
2013-06-01,,3.55,
2013-06-01,,3.5231,
2013-06-01,,3.5125,
2013-07-01,3.3,3.5245,0.22450000000000037
2013-07-01,,3.5243,
2013-07-01,,3.5302,
2013-07-01,,3.5102,
2013-07-01,,3.5127,
2013-07-01,,3.5177,
2013-07-01,,3.5202,
2013-07-01,,3.5802,
2013-07-01,,3.5902,
2013-07-01,,3.6001,
2013-07-01,,3.6102,
2013-07-01,,3.619,
2013-07-01,,3.669,
2013-07-01,,3.6903,
2013-07-01,,3.7051,
2013-07-01,,3.7401,
2013-07-01,,3.7602,
2013-07-01,,3.7952,
2013-07-01,,3.7102,
2013-07-01,,3.7152,
2013-07-01,,3.7228,
2013-07-01,,3.7227,
2013-07-01,,3.7214,
2013-08-01,3.76,3.7053,-0.05469999999999997
2013-08-01,,3.7034,
2013-08-01,,3.7104,
2013-08-01,,3.7153,
2013-08-01,,3.7703,
2013-08-01,,3.8455,
2013-08-01,,3.8407,
2013-08-01,,3.8513,
2013-08-01,,3.9252,
2013-08-01,,3.9516,
2013-08-01,,3.9602,
2013-08-01,,3.9401,
2013-08-01,,4.0103,
2013-08-01,,4.0881,
2013-08-01,,4.0382,
2013-08-01,,4.0302,
2013-08-01,,3.9916,
2013-08-01,,3.9555,
2013-08-01,,3.9654,
2013-08-01,,4.0222,
2013-08-01,,4.03,
2013-08-01,,4.0354,
2013-09-01,3.8,,
2013-09-01,,4.0356,
2013-09-01,,4.0404,
2013-09-01,,4.055,
2013-09-01,,4.055,
2013-09-01,,4.0455,
2013-09-01,,4.055,
2013-09-01,,4.065,
2013-09-01,,4.1341,
2013-09-01,,4.1291,
2013-09-01,,4.1406,
2013-09-01,,4.1201,
2013-09-01,,4.0721,
2013-09-01,,4.0502,
2013-09-01,,3.9851,
2013-09-01,,4.0095,
2013-09-01,,4.0201,
2013-09-01,,4.0202,
2013-09-01,,3.9901,
2013-09-01,,4.0002,
2013-09-01,,4.0002,
2013-09-01,,3.9954,
2013-10-01,3.91,,
2013-10-01,,3.9903,
2013-10-01,,4.0316,
2013-10-01,,4.0166,
2013-10-01,,4.0265,
2013-10-01,,4.0263,
2013-10-01,,4.0663,
2013-10-01,,4.0791,
2013-10-01,,4.0966,
2013-10-01,,4.0966,
2013-10-01,,4.1055,
2013-10-01,,4.1105,
2013-10-01,,4.1305,
2013-10-01,,4.1491,
2013-10-01,,4.194,
2013-10-01,,4.214,
2013-10-01,,4.204,
2013-10-01,,4.2173,
2013-10-01,,4.2173,
2013-10-01,,4.1806,
2013-11-01,4.29,4.1556,-0.1344000000000003
2013-11-01,,4.1731,
2013-11-01,,4.2106,
2013-11-01,,4.2206,
2013-11-01,,4.2945,
2013-11-01,,4.3186,
2013-11-01,,4.4034,
2013-11-01,,4.4146,
2013-11-01,,4.4628,
2013-11-01,,4.5006,
2013-11-01,,4.6006,
2013-11-01,,4.6619,
2013-11-01,,4.6722,
2013-11-01,,4.7222,
2013-11-01,,4.7009,
2013-11-01,,4.6509,
2013-11-01,,4.6159,
2013-11-01,,4.6059,
2013-11-01,,4.5511,
2013-11-01,,4.4313,
2013-11-01,,4.3612,
2013-12-01,4.39,,
2013-12-01,,4.4812,
2013-12-01,,4.4412,
2013-12-01,,4.4262,
2013-12-01,,4.4962,
2013-12-01,,4.5162,
2013-12-01,,4.5413,
2013-12-01,,4.6012,
2013-12-01,,4.6213,
2013-12-01,,4.5913,
2013-12-01,,4.5411,
2013-12-01,,4.5539,
2013-12-01,,4.5639,
2013-12-01,,4.5814,
2013-12-01,,4.6016,
2013-12-01,,4.6016,
2013-12-01,,4.6017,
2013-12-01,,4.5566,
2013-12-01,,4.5666,
2013-12-01,,4.5579,
2013-12-01,,4.5437,
2013-12-01,,4.5437,
2013-12-01,,4.5518,
2014-01-01,3.82,,
2014-01-01,,4.6018,
2014-01-01,,4.6415,
2014-01-01,,4.6569,
2014-01-01,,4.642,
2014-01-01,,4.5919,
2014-01-01,,4.5969,
2014-01-01,,4.6016,
2014-01-01,,4.597,
2014-01-01,,4.602,
2014-01-01,,4.5523,
2014-01-01,,4.5871,
2014-01-01,,4.5969,
2014-01-01,,4.5923,
2014-01-01,,4.5423,
2014-01-01,,4.5023,
2014-01-01,,4.4825,
2014-01-01,,4.5123,
2014-01-01,,4.4777,
2014-01-01,,4.4802,
2014-01-01,,4.5027,
2014-01-01,,4.5102,
2014-01-01,,4.5019,
2014-02-01,3.57,,
2014-02-01,,4.4781,
2014-02-01,,4.468,
2014-02-01,,4.4831,
2014-02-01,,4.4881,
2014-02-01,,4.4783,
2014-02-01,,4.4783,
2014-02-01,,4.4781,
2014-02-01,,4.5135,
2014-02-01,,4.5385,
2014-02-01,,4.5535,
2014-02-01,,4.5336,
2014-02-01,,4.5234,
2014-02-01,,4.4836,
2014-02-01,,4.4336,
2014-02-01,,4.4496,
2014-02-01,,4.3896,
2014-02-01,,4.4276,
2014-03-01,3.52,,
2014-03-01,,4.4576,
2014-03-01,,4.5026,
2014-03-01,,4.5176,
2014-03-01,,4.5145,
2014-03-01,,4.5142,
2014-03-01,,4.5043,
2014-03-01,,4.5125,
2014-03-01,,4.5024,
2014-03-01,,4.5024,
2014-03-01,,4.4924,
2014-03-01,,4.482,
2014-03-01,,4.5095,
2014-03-01,,4.5095,
2014-03-01,,4.5195,
2014-03-01,,4.5044,
2014-03-01,,4.5148,
2014-03-01,,4.5192,
2014-03-01,,4.4992,
2014-03-01,,4.5109,
2014-03-01,,4.5104,
2014-03-01,,4.5004,
2014-04-01,3.8,4.4954,0.6954000000000002
2014-04-01,,4.4904,
2014-04-01,,4.4904,
2014-04-01,,4.4904,
2014-04-01,,4.4499,
2014-04-01,,4.4771,
2014-04-01,,4.4571,
2014-04-01,,4.4521,
2014-04-01,,4.4248,
2014-04-01,,4.4001,
2014-04-01,,4.3601,
2014-04-01,,4.2749,
2014-04-01,,4.2997,
2014-04-01,,4.2997,
2014-04-01,,4.2997,
2014-04-01,,4.3297,
2014-04-01,,4.3394,
2014-04-01,,4.3294,
2014-04-01,,4.3301,
2014-04-01,,4.3202,
2014-04-01,,4.3002,
2014-05-01,3.78,,
2014-05-01,,4.2902,
2014-05-01,,4.3002,
2014-05-01,,4.2803,
2014-05-01,,4.2803,
2014-05-01,,4.2303,
2014-05-01,,4.1205,
2014-05-01,,4.1205,
2014-05-01,,4.1505,
2014-05-01,,4.1704,
2014-05-01,,4.1915,
2014-05-01,,4.1919,
2014-05-01,,4.1708,
2014-05-01,,4.177,
2014-05-01,,4.177,
2014-05-01,,4.177,
2014-05-01,,4.1574,
2014-05-01,,4.1674,
2014-05-01,,4.1574,
2014-05-01,,4.1457,
2014-05-01,,4.1159,
2014-05-01,,4.0714,
2014-06-01,3.65,,
2014-06-01,,4.0214,
2014-06-01,,4.0114,
2014-06-01,,4.0314,
2014-06-01,,4.0614,
2014-06-01,,4.0714,
2014-06-01,,4.0614,
2014-06-01,,4.0614,
2014-06-01,,4.064,
2014-06-01,,4.084,
2014-06-01,,4.064,
2014-06-01,,4.054,
2014-06-01,,4.054,
2014-06-01,,4.0408,
2014-06-01,,4.0515,
2014-06-01,,4.0515,
2014-06-01,,4.0515,
2014-06-01,,4.0557,
2014-06-01,,4.0472,
2014-06-01,,4.0485,
2014-06-01,,4.0612,
2014-07-01,3.925,4.0812,0.15620000000000012
2014-07-01,,4.1212,
2014-07-01,,4.1503,
2014-07-01,,4.1747,
2014-07-01,,4.1212,
2014-07-01,,4.1162,
2014-07-01,,4.1276,
2014-07-01,,4.1298,
2014-07-01,,4.1198,
2014-07-01,,4.1298,
2014-07-01,,4.1571,
2014-07-01,,4.2171,
2014-07-01,,4.267,
2014-07-01,,4.3019,
2014-07-01,,4.3017,
2014-07-01,,4.2717,
2014-07-01,,4.2967,
2014-07-01,,4.2967,
2014-07-01,,4.2711,
2014-07-01,,4.2713,
2014-07-01,,4.2805,
2014-07-01,,4.2905,
2014-07-01,,4.2655,
2014-08-01,3.943,4.2569,0.31389999999999985
2014-08-01,,4.253,
2014-08-01,,4.2576,
2014-08-01,,4.2463,
2014-08-01,,4.2563,
2014-08-01,,4.2712,
2014-08-01,,4.2815,
2014-08-01,,4.2815,
2014-08-01,,4.255,
2014-08-01,,4.21,
2014-08-01,,4.2002,
2014-08-01,,4.2153,
2014-08-01,,4.2422,
2014-08-01,,4.2523,
2014-08-01,,4.2512,
2014-08-01,,4.256,
2014-08-01,,4.2524,
2014-08-01,,4.2462,
2014-08-01,,4.231,
2014-08-01,,4.2254,
2014-08-01,,4.2361,
2014-09-01,3.85,4.2405,0.39049999999999985
2014-09-01,,4.249,
2014-09-01,,4.264,
2014-09-01,,4.2814,
2014-09-01,,4.2928,
2014-09-01,,4.2868,
2014-09-01,,4.2934,
2014-09-01,,4.2937,
2014-09-01,,4.2793,
2014-09-01,,4.2597,
2014-09-01,,4.2634,
2014-09-01,,4.2008,
2014-09-01,,4.1438,
2014-09-01,,4.031,
2014-09-01,,4.011,
2014-09-01,,3.9911,
2014-09-01,,4.0425,
2014-09-01,,4.0025,
2014-09-01,,4.0092,
2014-09-01,,4.0227,
2014-09-01,,3.9925,
2014-09-01,,3.9824,
2014-10-01,3.468,,
2014-10-01,,3.993,
2014-10-01,,4.0014,
2014-10-01,,4.0131,
2014-10-01,,3.9965,
2014-10-01,,3.9953,
2014-10-01,,3.9015,
2014-10-01,,3.8215,
2014-10-01,,3.8116,
2014-10-01,,3.811,
2014-10-01,,3.7441,
2014-10-01,,3.7323,
2014-10-01,,3.7929,
2014-10-01,,3.8108,
2014-10-01,,3.8013,
2014-10-01,,3.7756,
2014-10-01,,3.7424,
2014-10-01,,3.7176,
2014-10-01,,3.7688,
2014-10-01,,3.7559,
2014-11-01,3.166,,
2014-11-01,,3.7007,
2014-11-01,,3.6412,
2014-11-01,,3.6117,
2014-11-01,,3.6223,
2014-11-01,,3.5631,
2014-11-01,,3.5132,
2014-11-01,,3.4981,
2014-11-01,,3.556,
2014-11-01,,3.5924,
2014-11-01,,3.6466,
2014-11-01,,3.6609,
2014-11-01,,3.607,
2014-11-01,,3.6154,
2014-11-01,,3.6521,
2014-11-01,,3.6514,
2014-11-01,,3.4767,
2014-11-01,,3.5216,
2014-11-01,,3.5228,
2014-11-01,,3.5243,
2014-11-01,,3.5249,
2014-12-01,3.369,3.5145,0.14549999999999974
2014-12-01,,3.5553,
2014-12-01,,3.6238,
2014-12-01,,3.6633,
2014-12-01,,3.7759,
2014-12-01,,3.7918,
2014-12-01,,3.7532,
2014-12-01,,3.7111,
2014-12-01,,3.7282,
2014-12-01,,3.7513,
2014-12-01,,3.7815,
2014-12-01,,3.7522,
2014-12-01,,3.7377,
2014-12-01,,3.7614,
2014-12-01,,3.7106,
2014-12-01,,3.703,
2014-12-01,,3.6604,
2014-12-01,,3.5975,
2014-12-01,,3.6305,
2014-12-01,,3.6339,
2014-12-01,,3.6213,
2014-12-01,,3.6213,
2014-12-01,,3.6219,
2015-01-01,3.22,,
2015-01-01,,3.6285,
2015-01-01,,3.6251,
2015-01-01,,3.6353,
2015-01-01,,3.6408,
2015-01-01,,3.6415,
2015-01-01,,3.6348,
2015-01-01,,3.6371,
2015-01-01,,3.5836,
2015-01-01,,3.5411,
2015-01-01,,3.5464,
2015-01-01,,3.5017,
2015-01-01,,3.475,
2015-01-01,,3.4711,
2015-01-01,,3.4672,
2015-01-01,,3.4521,
2015-01-01,,3.452,
2015-01-01,,3.4341,
2015-01-01,,3.4309,
2015-01-01,,3.4767,
2015-01-01,,3.4966,
2015-01-01,,3.5019,
2015-02-01,3.141,,
2015-02-01,,3.4729,
2015-02-01,,3.4533,
2015-02-01,,3.4589,
2015-02-01,,3.4018,
2015-02-01,,3.4325,
2015-02-01,,3.4236,
2015-02-01,,3.4299,
2015-02-01,,3.3955,
2015-02-01,,3.3865,
2015-02-01,,3.3552,
2015-02-01,,3.3625,
2015-02-01,,3.3374,
2015-02-01,,3.3373,
2015-02-01,,3.349,
2015-02-01,,3.3594,
2015-02-01,,3.3745,
2015-02-01,,3.3602,
2015-03-01,3.256,,
2015-03-01,,3.3883,
2015-03-01,,3.4022,
2015-03-01,,3.3869,
2015-03-01,,3.4369,
2015-03-01,,3.4753,
2015-03-01,,3.4922,
2015-03-01,,3.5228,
2015-03-01,,3.4466,
2015-03-01,,3.4412,
2015-03-01,,3.4879,
2015-03-01,,3.5301,
2015-03-01,,3.5428,
2015-03-01,,3.5519,
2015-03-01,,3.5348,
2015-03-01,,3.4958,
2015-03-01,,3.4933,
2015-03-01,,3.4841,
2015-03-01,,3.5037,
2015-03-01,,3.544,
2015-03-01,,3.5678,
2015-03-01,,3.5849,
2015-03-01,,3.6483,
2015-04-01,2.978,3.5997,0.6216999999999997
2015-04-01,,3.5438,
2015-04-01,,3.572,
2015-04-01,,3.5987,
2015-04-01,,3.6938,
2015-04-01,,3.704,
2015-04-01,,3.6947,
2015-04-01,,3.6685,
2015-04-01,,3.6211,
2015-04-01,,3.5954,
2015-04-01,,3.56,
2015-04-01,,3.5627,
2015-04-01,,3.4554,
2015-04-01,,3.4055,
2015-04-01,,3.4052,
2015-04-01,,3.4151,
2015-04-01,,3.4454,
2015-04-01,,3.3952,
2015-04-01,,3.3804,
2015-04-01,,3.4,
2015-04-01,,3.3503,
2015-05-01,2.226,,
2015-05-01,,3.3804,
2015-05-01,,3.4006,
2015-05-01,,3.456,
2015-05-01,,3.4401,
2015-05-01,,3.3703,
2015-05-01,,3.3752,
2015-05-01,,3.4002,
2015-05-01,,3.4002,
2015-05-01,,3.3803,
2015-05-01,,3.3907,
2015-05-01,,3.4109,
2015-05-01,,3.4311,
2015-05-01,,3.4282,
2015-05-01,,3.4257,
2015-05-01,,3.416,
2015-05-01,,3.431,
2015-05-01,,3.5214,
2015-05-01,,3.5055,
2015-05-01,,3.5652,
2015-05-01,,3.5954,
2015-06-01,2.477,3.6404,1.1634000000000002
2015-06-01,,3.588,
2015-06-01,,3.6111,
2015-06-01,,3.5912,
2015-06-01,,3.5814,
2015-06-01,,3.5613,
2015-06-01,,3.5565,
2015-06-01,,3.5912,
2015-06-01,,3.6197,
2015-06-01,,3.6226,
2015-06-01,,3.6681,
2015-06-01,,3.6099,
2015-06-01,,3.6052,
2015-06-01,,3.573,
2015-06-01,,3.5825,
2015-06-01,,3.6054,
2015-06-01,,3.6079,
2015-06-01,,3.6028,
2015-06-01,,3.608,
2015-06-01,,3.603,
2015-06-01,,3.5976,
2015-07-01,2.63,3.6127,0.9826999999999999
2015-07-01,,3.6223,
2015-07-01,,3.5719,
2015-07-01,,3.4917,
2015-07-01,,3.4361,
2015-07-01,,3.4307,
2015-07-01,,3.4358,
2015-07-01,,3.4885,
2015-07-01,,3.5014,
2015-07-01,,3.5341,
2015-07-01,,3.5495,
2015-07-01,,3.5208,
2015-07-01,,3.5123,
2015-07-01,,3.5009,
2015-07-01,,3.5214,
2015-07-01,,3.5145,
2015-07-01,,3.4751,
2015-07-01,,3.4602,
2015-07-01,,3.4602,
2015-07-01,,3.4401,
2015-07-01,,3.4302,
2015-07-01,,3.4402,
2015-07-01,,3.4752,
2015-08-01,2.56,,
2015-08-01,,3.47,
2015-08-01,,3.47,
2015-08-01,,3.4701,
2015-08-01,,3.46,
2015-08-01,,3.4553,
2015-08-01,,3.4755,
2015-08-01,,3.5256,
2015-08-01,,3.5402,
2015-08-01,,3.5153,
2015-08-01,,3.5052,
2015-08-01,,3.5176,
2015-08-01,,3.5126,
2015-08-01,,3.5201,
2015-08-01,,3.5051,
2015-08-01,,3.4951,
2015-08-01,,3.4701,
2015-08-01,,3.4577,
2015-08-01,,3.429,
2015-08-01,,3.3902,
2015-08-01,,3.3803,
2015-08-01,,3.3252,
2015-09-01,2.751,3.3002,0.5491999999999999
2015-09-01,,3.3002,
2015-09-01,,3.3203,
2015-09-01,,3.3353,
2015-09-01,,3.3603,
2015-09-01,,3.3478,
2015-09-01,,3.3453,
2015-09-01,,3.3404,
2015-09-01,,3.3303,
2015-09-01,,3.3104,
2015-09-01,,3.3103,
2015-09-01,,3.3204,
2015-09-01,,3.3105,
2015-09-01,,3.3204,
2015-09-01,,3.3255,
2015-09-01,,3.3354,
2015-09-01,,3.318,
2015-09-01,,3.3101,
2015-09-01,,3.2906,
2015-09-01,,3.2457,
2015-09-01,,3.2362,
2015-10-01,2.63,,
2015-10-01,,3.2409,
2015-10-01,,3.1486,
2015-10-01,,3.1612,
2015-10-01,,3.1488,
2015-10-01,,3.1064,
2015-10-01,,3.0414,
2015-10-01,,3.0814,
2015-10-01,,3.1216,
2015-10-01,,3.1214,
2015-10-01,,3.0615,
2015-10-01,,3.0616,
2015-10-01,,3.0516,
2015-10-01,,3.04,
2015-10-01,,3.02,
2015-10-01,,2.98,
2015-10-01,,2.987,
2015-10-01,,3.05,
2015-10-01,,3.06,
2015-11-01,2.754,,
2015-11-01,,3.0525,
2015-11-01,,3.08,
2015-11-01,,3.1351,
2015-11-01,,3.115,
2015-11-01,,3.125,
2015-11-01,,3.2099,
2015-11-01,,3.2001,
2015-11-01,,3.1226,
2015-11-01,,3.1351,
2015-11-01,,3.1251,
2015-11-01,,3.1352,
2015-11-01,,3.1252,
2015-11-01,,3.1402,
2015-11-01,,3.1402,
2015-11-01,,3.1251,
2015-11-01,,3.1302,
2015-11-01,,3.1077,
2015-11-01,,3.0853,
2015-11-01,,3.0503,
2015-11-01,,3.0603,
2015-11-01,,3.0404,
2015-12-01,2.473,3.0504,0.5773999999999999
2015-12-01,,3.0454,
2015-12-01,,3.0304,
2015-12-01,,3.0254,
2015-12-01,,3.028,
2015-12-01,,3.0005,
2015-12-01,,2.9968,
2015-12-01,,3.0018,
2015-12-01,,2.9931,
2015-12-01,,3.0306,
2015-12-01,,3.0157,
2015-12-01,,3.0007,
2015-12-01,,2.9857,
2015-12-01,,2.9408,
2015-12-01,,2.8811,
2015-12-01,,2.861,
2015-12-01,,2.846,
2015-12-01,,2.801,
2015-12-01,,2.8061,
2015-12-01,,2.7961,
2015-12-01,,2.8061,
2015-12-01,,2.8261,
2015-12-01,,2.8212,
2016-01-01,2.584,,
2016-01-01,,2.871,
2016-01-01,,2.8911,
2016-01-01,,2.8861,
2016-01-01,,2.8511,
2016-01-01,,2.8362,
2016-01-01,,2.8187,
2016-01-01,,2.7887,
2016-01-01,,2.7237,
2016-01-01,,2.7513,
2016-01-01,,2.7464,
2016-01-01,,2.7764,
2016-01-01,,2.7964,
2016-01-01,,2.8114,
2016-01-01,,2.7914,
2016-01-01,,2.7741,
2016-01-01,,2.859,
2016-01-01,,2.8616,
2016-01-01,,2.9016,
2016-01-01,,2.8866,
2016-01-01,,2.8419,
2016-02-01,2.498,2.8368,0.3388
2016-02-01,,2.8818,
2016-02-01,,2.8918,
2016-02-01,,2.855,
2016-02-01,,2.8535,
2016-02-01,,2.8535,
2016-02-01,,2.8221,
2016-02-01,,2.8371,
2016-02-01,,2.8376,
2016-02-01,,2.8351,
2016-02-01,,2.8351,
2016-02-01,,2.8251,
2016-02-01,,2.8426,
2016-02-01,,2.8451,
2016-02-01,,2.8676,
2016-02-01,,2.8651,
2016-02-01,,2.8551,
2016-02-01,,2.8502,
2016-03-01,2.357,2.8527,0.4956999999999998
2016-03-01,,2.8752,
2016-03-01,,2.9002,
2016-03-01,,2.8952,
2016-03-01,,2.9303,
2016-03-01,,2.9352,
2016-03-01,,2.8928,
2016-03-01,,2.8653,
2016-03-01,,2.8453,
2016-03-01,,2.8504,
2016-03-01,,2.8404,
2016-03-01,,2.8054,
2016-03-01,,2.8154,
2016-03-01,,2.8229,
2016-03-01,,2.8305,
2016-03-01,,2.8304,
2016-03-01,,2.8307,
2016-03-01,,2.8309,
2016-03-01,,2.8311,
2016-03-01,,2.8665,
2016-03-01,,2.851,
2016-03-01,,2.8362,
2016-03-01,,2.8419,
2016-04-01,2.591,2.8422,0.25119999999999987
2016-04-01,,2.8637,
2016-04-01,,2.8689,
2016-04-01,,2.9049,
2016-04-01,,2.9158,
2016-04-01,,2.9091,
2016-04-01,,2.91,
2016-04-01,,2.9271,
2016-04-01,,2.9352,
2016-04-01,,2.9151,
2016-04-01,,2.9047,
2016-04-01,,2.906,
2016-04-01,,2.9258,
2016-04-01,,2.9208,
2016-04-01,,2.9309,
2016-04-01,,2.9362,
2016-04-01,,2.9212,
2016-04-01,,2.9108,
2016-04-01,,2.8863,
2016-04-01,,2.8913,
2016-05-01,2.585,,
2016-05-01,,2.889,
2016-05-01,,2.8965,
2016-05-01,,2.9017,
2016-05-01,,2.9016,
2016-05-01,,2.8818,
2016-05-01,,2.9,
2016-05-01,,2.9075,
2016-05-01,,2.8975,
2016-05-01,,2.905,
2016-05-01,,2.9275,
2016-05-01,,2.93,
2016-05-01,,2.955,
2016-05-01,,2.96,
2016-05-01,,2.95,
2016-05-01,,2.955,
2016-05-01,,2.935,
2016-05-01,,2.9401,
2016-05-01,,2.9401,
2016-05-01,,2.9451,
2016-05-01,,2.9776,
2016-05-01,,2.9851,
2016-06-01,2.538,2.9952,0.4572000000000003
2016-06-01,,3.0127,
2016-06-01,,3.0152,
2016-06-01,,3.0041,
2016-06-01,,3.0071,
2016-06-01,,3.0077,
2016-06-01,,3.0053,
2016-06-01,,2.9979,
2016-06-01,,2.9654,
2016-06-01,,2.9604,
2016-06-01,,2.9455,
2016-06-01,,2.9379,
2016-06-01,,2.9481,
2016-06-01,,2.9405,
2016-06-01,,2.9307,
2016-06-01,,2.9307,
2016-06-01,,2.8808,
2016-06-01,,2.831,
2016-06-01,,2.861,
2016-06-01,,2.8586,
2016-06-01,,2.8411,
2016-07-01,2.447,2.8038,0.3567999999999998
2016-07-01,,2.8314,
2016-07-01,,2.8514,
2016-07-01,,2.8365,
2016-07-01,,2.8066,
2016-07-01,,2.8016,
2016-07-01,,2.8268,
2016-07-01,,2.8368,
2016-07-01,,2.8493,
2016-07-01,,2.8395,
2016-07-01,,2.8271,
2016-07-01,,2.8271,
2016-07-01,,2.8197,
2016-07-01,,2.7996,
2016-07-01,,2.7806,
2016-07-01,,2.7907,
2016-07-01,,2.8068,
2016-07-01,,2.7914,
2016-07-01,,2.7967,
2016-07-01,,2.7867,
2016-07-01,,2.7768,
2016-08-01,2.38,2.783,0.403
2016-08-01,,2.7792,
2016-08-01,,2.7718,
2016-08-01,,2.7694,
2016-08-01,,2.7534,
2016-08-01,,2.7472,
2016-08-01,,2.7125,
2016-08-01,,2.695,
2016-08-01,,2.6875,
2016-08-01,,2.6701,
2016-08-01,,2.6401,
2016-08-01,,2.6651,
2016-08-01,,2.6901,
2016-08-01,,2.6801,
2016-08-01,,2.7001,
2016-08-01,,2.6801,
2016-08-01,,2.7201,
2016-08-01,,2.7301,
2016-08-01,,2.7201,
2016-08-01,,2.6927,
2016-08-01,,2.7064,
2016-08-01,,2.7527,
2016-08-01,,2.7425,
2016-09-01,2.363,2.7452,0.3822000000000001
2016-09-01,,2.7452,
2016-09-01,,2.7503,
2016-09-01,,2.7628,
2016-09-01,,2.7853,
2016-09-01,,2.7753,
2016-09-01,,2.7678,
2016-09-01,,2.7916,
2016-09-01,,2.7654,
2016-09-01,,2.7579,
2016-09-01,,2.7655,
2016-09-01,,2.7605,
2016-09-01,,2.7431,
2016-09-01,,2.7518,
2016-09-01,,2.7456,
2016-09-01,,2.7318,
2016-09-01,,2.7157,
2016-09-01,,2.7144,
2016-09-01,,2.7244,
2016-09-01,,2.7282,
2016-09-01,,2.7258,
2016-10-01,2.357,,
2016-10-01,,2.7047,
2016-10-01,,2.676,
2016-10-01,,2.6735,
2016-10-01,,2.6835,
2016-10-01,,2.7098,
2016-10-01,,2.701,
2016-10-01,,2.6952,
2016-10-01,,2.6904,
2016-10-01,,2.6965,
2016-10-01,,2.6664,
2016-10-01,,2.6518,
2016-10-01,,2.6451,
2016-10-01,,2.6595,
2016-10-01,,2.6859,
2016-10-01,,2.72,
2016-10-01,,2.7068,
2016-10-01,,2.7027,
2016-10-01,,2.7425,
2016-11-01,2.505,2.7375,0.23249999999999993
2016-11-01,,2.7372,
2016-11-01,,2.7301,
2016-11-01,,2.7339,
2016-11-01,,2.7475,
2016-11-01,,2.7634,
2016-11-01,,2.7651,
2016-11-01,,2.7926,
2016-11-01,,2.815,
2016-11-01,,2.8577,
2016-11-01,,2.8501,
2016-11-01,,2.8652,
2016-11-01,,2.9055,
2016-11-01,,2.8901,
2016-11-01,,2.8851,
2016-11-01,,2.8689,
2016-11-01,,2.8451,
2016-11-01,,2.8502,
2016-11-01,,2.865,
2016-11-01,,2.8502,
2016-11-01,,2.8906,
2016-11-01,,2.9502,
2016-12-01,2.798,2.9893,0.19130000000000003
2016-12-01,,2.9895,
2016-12-01,,3.0302,
2016-12-01,,3.1151,
2016-12-01,,3.0877,
2016-12-01,,3.0753,
2016-12-01,,3.0853,
2016-12-01,,3.1458,
2016-12-01,,3.1863,
2016-12-01,,3.2186,
2016-12-01,,3.3315,
2016-12-01,,3.2803,
2016-12-01,,3.3316,
2016-12-01,,3.3739,
2016-12-01,,3.2815,
2016-12-01,,3.1908,
2016-12-01,,3.1769,
2016-12-01,,3.1551,
2016-12-01,,3.1628,
2016-12-01,,3.1223,
2016-12-01,,3.0471,
2016-12-01,,3.0115,
2016-12-01,,3.0115,
2017-01-01,2.819,,
2017-01-01,,3.1054,
2017-01-01,,3.1823,
2017-01-01,,3.2086,
2017-01-01,,3.1953,
2017-01-01,,3.1692,
2017-01-01,,3.1792,
2017-01-01,,3.2055,
2017-01-01,,3.1888,
2017-01-01,,3.2022,
2017-01-01,,3.2496,
2017-01-01,,3.2692,
2017-01-01,,3.2682,
2017-01-01,,3.2584,
2017-01-01,,3.244,
2017-01-01,,3.255,
2017-01-01,,3.2429,
2017-01-01,,3.2837,
2017-01-01,,3.3463,
2017-01-01,,3.3465,
2017-02-01,2.872,,
2017-02-01,,3.4214,
2017-02-01,,3.4099,
2017-02-01,,3.4905,
2017-02-01,,3.4866,
2017-02-01,,3.4591,
2017-02-01,,3.4148,
2017-02-01,,3.4368,
2017-02-01,,3.4192,
2017-02-01,,3.4107,
2017-02-01,,3.4058,
2017-02-01,,3.3559,
2017-02-01,,3.3311,
2017-02-01,,3.2812,
2017-02-01,,3.3013,
2017-02-01,,3.2839,
2017-02-01,,3.2714,
2017-02-01,,3.2916,
2017-02-01,,3.2871,
2017-02-01,,3.292,
2017-03-01,2.971,3.3252,0.35420000000000007
2017-03-01,,3.3483,
2017-03-01,,3.3573,
2017-03-01,,3.3615,
2017-03-01,,3.3643,
2017-03-01,,3.4088,
2017-03-01,,3.4151,
2017-03-01,,3.4156,
2017-03-01,,3.3851,
2017-03-01,,3.3653,
2017-03-01,,3.3524,
2017-03-01,,3.3097,
2017-03-01,,3.3124,
2017-03-01,,3.3141,
2017-03-01,,3.3141,
2017-03-01,,3.3068,
2017-03-01,,3.3034,
2017-03-01,,3.2529,
2017-03-01,,3.2451,
2017-03-01,,3.2626,
2017-03-01,,3.2695,
2017-03-01,,3.289,
2017-03-01,,3.2828,
2017-04-01,3.251,3.273,0.02200000000000024
2017-04-01,,3.3102,
2017-04-01,,3.3109,
2017-04-01,,3.2966,
2017-04-01,,3.3166,
2017-04-01,,3.3209,
2017-04-01,,3.3283,
2017-04-01,,3.322,
2017-04-01,,3.3599,
2017-04-01,,3.416,
2017-04-01,,3.4064,
2017-04-01,,3.4065,
2017-04-01,,3.424,
2017-04-01,,3.4614,
2017-04-01,,3.4991,
2017-04-01,,3.4568,
2017-04-01,,3.4519,
2017-04-01,,3.4494,
2017-04-01,,3.4668,
2017-05-01,3.62,,
2017-05-01,,3.487,
2017-05-01,,3.5219,
2017-05-01,,3.5517,
2017-05-01,,3.5592,
2017-05-01,,3.6042,
2017-05-01,,3.6325,
2017-05-01,,3.69,
2017-05-01,,3.64,
2017-05-01,,3.6525,
2017-05-01,,3.61,
2017-05-01,,3.6225,
2017-05-01,,3.6275,
2017-05-01,,3.6075,
2017-05-01,,3.625,
2017-05-01,,3.6601,
2017-05-01,,3.6725,
2017-05-01,,3.6601,
2017-05-01,,3.6476,
2017-05-01,,3.6501,
2017-05-01,,3.6499,
2017-05-01,,3.6102,
2017-06-01,3.491,3.6152,0.12420000000000009
2017-06-01,,3.6277,
2017-06-01,,3.6152,
2017-06-01,,3.6328,
2017-06-01,,3.6427,
2017-06-01,,3.6478,
2017-06-01,,3.6303,
2017-06-01,,3.5841,
2017-06-01,,3.5754,
2017-06-01,,3.5354,
2017-06-01,,3.5554,
2017-06-01,,3.568,
2017-06-01,,3.5006,
2017-06-01,,3.4881,
2017-06-01,,3.5406,
2017-06-01,,3.5607,
2017-06-01,,3.5457,
2017-06-01,,3.5134,
2017-06-01,,3.5084,
2017-06-01,,3.5333,
2017-06-01,,3.5483,
2017-06-01,,3.5683,
2017-07-01,3.473,,
2017-07-01,,3.6033,
2017-07-01,,3.6009,
2017-07-01,,3.576,
2017-07-01,,3.566,
2017-07-01,,3.5897,
2017-07-01,,3.5911,
2017-07-01,,3.5836,
2017-07-01,,3.5749,
2017-07-01,,3.5643,
2017-07-01,,3.5637,
2017-07-01,,3.5626,
2017-07-01,,3.5851,
2017-07-01,,3.5901,
2017-07-01,,3.574,
2017-07-01,,3.5829,
2017-07-01,,3.5769,
2017-07-01,,3.592,
2017-07-01,,3.617,
2017-07-01,,3.6021,
2017-07-01,,3.6034,
2017-07-01,,3.626,
2017-08-01,3.547,3.6373,0.09030000000000005
2017-08-01,,3.6311,
2017-08-01,,3.6262,
2017-08-01,,3.6262,
2017-08-01,,3.6626,
2017-08-01,,3.6538,
2017-08-01,,3.66,
2017-08-01,,3.6375,
2017-08-01,,3.6163,
2017-08-01,,3.5925,
2017-08-01,,3.5801,
2017-08-01,,3.5988,
2017-08-01,,3.5926,
2017-08-01,,3.5951,
2017-08-01,,3.6181,
2017-08-01,,3.6201,
2017-08-01,,3.6152,
2017-08-01,,3.6252,
2017-08-01,,3.6327,
2017-08-01,,3.6502,
2017-08-01,,3.6303,
2017-08-01,,3.6303,
2017-08-01,,3.6265,
2017-09-01,3.545,3.6353,0.09030000000000005
2017-09-01,,3.6454,
2017-09-01,,3.6641,
2017-09-01,,3.6554,
2017-09-01,,3.6155,
2017-09-01,,3.6005,
2017-09-01,,3.6156,
2017-09-01,,3.6181,
2017-09-01,,3.6356,
2017-09-01,,3.5982,
2017-09-01,,3.5982,
2017-09-01,,3.622,
2017-09-01,,3.6158,
2017-09-01,,3.6209,
2017-09-01,,3.6334,
2017-09-01,,3.6209,
2017-09-01,,3.5985,
2017-09-01,,3.6172,
2017-09-01,,3.6235,
2017-09-01,,3.6136,
2017-09-01,,3.6136,
2017-09-01,,3.6136,
2017-10-01,3.652,,
2017-10-01,,3.6477,
2017-10-01,,3.647,
2017-10-01,,3.654,
2017-10-01,,3.6765,
2017-10-01,,3.674,
2017-10-01,,3.7054,
2017-10-01,,3.7409,
2017-10-01,,3.7366,
2017-10-01,,3.7167,
2017-10-01,,3.7217,
2017-10-01,,3.7231,
2017-10-01,,3.722,
2017-10-01,,3.7768,
2017-10-01,,3.7769,
2017-10-01,,3.8266,
2017-10-01,,3.9115,
2017-10-01,,3.8917,
2017-11-01,3.749,3.863,0.11399999999999988
2017-11-01,,3.8718,
2017-11-01,,3.8816,
2017-11-01,,3.8694,
2017-11-01,,3.8813,
2017-11-01,,3.8725,
2017-11-01,,3.8863,
2017-11-01,,3.9,
2017-11-01,,3.95,
2017-11-01,,3.9525,
2017-11-01,,3.95,
2017-11-01,,3.9225,
2017-11-01,,3.92,
2017-11-01,,3.94,
2017-11-01,,3.95,
2017-11-01,,3.985,
2017-11-01,,3.9851,
2017-11-01,,3.9463,
2017-11-01,,3.9501,
2017-11-01,,3.9601,
2017-11-01,,3.9101,
2017-11-01,,3.8901,
2017-12-01,3.824,3.8852,0.061200000000000365
2017-12-01,,3.8902,
2017-12-01,,3.8752,
2017-12-01,,3.8752,
2017-12-01,,3.8927,
2017-12-01,,3.9102,
2017-12-01,,3.9303,
2017-12-01,,3.9378,
2017-12-01,,3.9303,
2017-12-01,,3.9104,
2017-12-01,,3.8904,
2017-12-01,,3.8904,
2017-12-01,,3.9005,
2017-12-01,,3.9005,
2017-12-01,,3.9005,
2017-12-01,,3.878,
2017-12-01,,3.8731,
2017-12-01,,3.8881,
2017-12-01,,3.8956,
2017-12-01,,3.8857,
2017-12-01,,3.8807,
2017-12-01,,3.8807,
2017-12-01,,3.8807,
2018-01-01,3.623,,
2018-01-01,,3.9008,
2018-01-01,,3.9162,
2018-01-01,,3.9319,
2018-01-01,,3.9212,
2018-01-01,,3.911,
2018-01-01,,3.8909,
2018-01-01,,3.9201,
2018-01-01,,3.9546,
2018-01-01,,3.9337,
2018-01-01,,3.965,
2018-01-01,,3.9596,
2018-01-01,,3.9597,
2018-01-01,,3.9797,
2018-01-01,,3.9754,
2018-01-01,,3.9522,
2018-01-01,,3.9414,
2018-01-01,,3.9507,
2018-01-01,,3.9435,
2018-01-01,,3.9365,
2018-01-01,,3.9368,
2018-01-01,,3.9292,
2018-01-01,,3.914,
2018-02-01,3.35,3.9066,0.5566
2018-02-01,,3.9092,
2018-02-01,,3.9167,
2018-02-01,,3.8825,
2018-02-01,,3.87,
2018-02-01,,3.8801,
2018-02-01,,3.88,
2018-02-01,,3.8775,
2018-02-01,,3.875,
2018-02-01,,3.87,
2018-02-01,,3.8702,
2018-02-01,,3.8752,
2018-02-01,,3.8702,
2018-02-01,,3.8652,
2018-02-01,,3.8452,
2018-02-01,,3.8201,
2018-02-01,,3.8202,
2018-03-01,3.519,3.8201,0.3010999999999999
2018-03-01,,3.8352,
2018-03-01,,3.8453,
2018-03-01,,3.8253,
2018-03-01,,3.8203,
2018-03-01,,3.8203,
2018-03-01,,3.8278,
2018-03-01,,3.8243,
2018-03-01,,3.8362,
2018-03-01,,3.8413,
2018-03-01,,3.8257,
2018-03-01,,3.8154,
2018-03-01,,3.8104,
2018-03-01,,3.7906,
2018-03-01,,3.763,
2018-03-01,,3.748,
2018-03-01,,3.7005,
2018-03-01,,3.7307,
2018-03-01,,3.7432,
2018-03-01,,3.7406,
2018-03-01,,3.7456,
2018-03-01,,3.7407,
2018-04-01,3.13,,
2018-04-01,,3.7357,
2018-04-01,,3.7507,
2018-04-01,,3.7234,
2018-04-01,,3.7008,
2018-04-01,,3.6959,
2018-04-01,,3.7159,
2018-04-01,,3.7109,
2018-04-01,,3.7109,
2018-04-01,,3.7062,
2018-04-01,,3.6561,
2018-04-01,,3.6512,
2018-04-01,,3.5013,
2018-04-01,,3.5064,
2018-04-01,,3.5215,
2018-04-01,,3.6019,
2018-04-01,,3.5855,
2018-04-01,,3.6118,
2018-04-01,,3.6344,
2018-04-01,,3.6364,
2018-04-01,,3.6217,
2018-05-01,3.2,,
2018-05-01,,3.6665,
2018-05-01,,3.6467,
2018-05-01,,3.6319,
2018-05-01,,3.6518,
2018-05-01,,3.6922,
2018-05-01,,3.7074,
2018-05-01,,3.6924,
2018-05-01,,3.6882,
2018-05-01,,3.6937,
2018-05-01,,3.7151,
2018-05-01,,3.7076,
2018-05-01,,3.712,
2018-05-01,,3.7099,
2018-05-01,,3.6939,
2018-05-01,,3.67,
2018-05-01,,3.64,
2018-05-01,,3.6501,
2018-05-01,,3.6126,
2018-05-01,,3.6101,
2018-05-01,,3.6001,
2018-05-01,,3.5976,
2018-05-01,,3.6129,
2018-06-01,3.33,3.6202,0.2902
2018-06-01,,3.6532,
2018-06-01,,3.6602,
2018-06-01,,3.6602,
2018-06-01,,3.6702,
2018-06-01,,3.6453,
2018-06-01,,3.6502,
2018-06-01,,3.6853,
2018-06-01,,3.6627,
2018-06-01,,3.6227,
2018-06-01,,3.6028,
2018-06-01,,3.5603,
2018-06-01,,3.6054,
2018-06-01,,3.5753,
2018-06-01,,3.5604,
2018-06-01,,3.5803,
2018-06-01,,3.5804,
2018-06-01,,3.5529,
2018-06-01,,3.5304,
2018-06-01,,3.4756,
2018-07-01,3.064,,
2018-07-01,,3.4668,
2018-07-01,,3.4955,
2018-07-01,,3.5107,
2018-07-01,,3.5005,
2018-07-01,,3.5259,
2018-07-01,,3.5432,
2018-07-01,,3.5431,
2018-07-01,,3.5107,
2018-07-01,,3.5158,
2018-07-01,,3.4858,
2018-07-01,,3.4808,
2018-07-01,,3.4808,
2018-07-01,,3.4708,
2018-07-01,,3.4409,
2018-07-01,,3.5135,
2018-07-01,,3.5186,
2018-07-01,,3.5615,
2018-07-01,,3.5614,
2018-07-01,,3.5361,
2018-07-01,,3.5212,
2018-07-01,,3.5213,
2018-07-01,,3.4812,
2018-08-01,3.149,3.4638,0.31479999999999997
2018-08-01,,3.4713,
2018-08-01,,3.4567,
2018-08-01,,3.4568,
2018-08-01,,3.4876,
2018-08-01,,3.5222,
2018-08-01,,3.5476,
2018-08-01,,3.5525,
2018-08-01,,3.5826,
2018-08-01,,3.5519,
2018-08-01,,3.5829,
2018-08-01,,3.6141,
2018-08-01,,3.6524,
2018-08-01,,3.6326,
2018-08-01,,3.63,
2018-08-01,,3.6075,
2018-08-01,,3.6101,
2018-08-01,,3.6278,
2018-08-01,,3.6303,
2018-08-01,,3.6101,
2018-08-01,,3.6101,
2018-08-01,,3.5801,
2018-08-01,,3.5751,
2018-09-01,3.265,,
2018-09-01,,3.5951,
2018-09-01,,3.6101,
2018-09-01,,3.6101,
2018-09-01,,3.6101,
2018-09-01,,3.6301,
2018-09-01,,3.6551,
2018-09-01,,3.6751,
2018-09-01,,3.6551,
2018-09-01,,3.6526,
2018-09-01,,3.6351,
2018-09-01,,3.6327,
2018-09-01,,3.6452,
2018-09-01,,3.6727,
2018-09-01,,3.7003,
2018-09-01,,3.6752,
2018-09-01,,3.6754,
2018-09-01,,3.6503,
2018-09-01,,3.6253,
2018-09-01,,3.6154,
2018-09-01,,3.6104,
2018-09-01,,3.6103,
2018-10-01,3.075,,
2018-10-01,,3.6155,
2018-10-01,,3.6156,
2018-10-01,,3.6156,
2018-10-01,,3.5806,
2018-10-01,,3.5831,
2018-10-01,,3.5857,
2018-10-01,,3.5757,
2018-10-01,,3.5807,
2018-10-01,,3.5508,
2018-10-01,,3.5658,
2018-10-01,,3.591,
2018-10-01,,3.5709,
2018-10-01,,3.5409,
2018-10-01,,3.5409,
2018-10-01,,3.541,
2018-10-01,,3.5111,
2018-10-01,,3.5161,
2018-10-01,,3.5086,
2018-11-01,2.837,3.4936,0.6565999999999996
2018-11-01,,3.5461,
2018-11-01,,3.5312,
2018-11-01,,3.5113,
2018-11-01,,3.4813,
2018-11-01,,3.4813,
2018-11-01,,3.4763,
2018-11-01,,3.4865,
2018-11-01,,3.474,
2018-11-01,,3.4218,
2018-11-01,,3.3915,
2018-11-01,,3.3515,
2018-11-01,,3.3772,
2018-11-01,,3.3771,
2018-11-01,,3.3716,
2018-11-01,,3.3917,
2018-11-01,,3.3917,
2018-11-01,,3.4151,
2018-11-01,,3.4,
2018-11-01,,3.37,
2018-11-01,,3.36,
2018-11-01,,3.355,
2018-12-01,2.897,,
2018-12-01,,3.35,
2018-12-01,,3.305,
2018-12-01,,3.275,
2018-12-01,,3.2751,
2018-12-01,,3.2853,
2018-12-01,,3.2678,
2018-12-01,,3.2652,
2018-12-01,,3.2703,
2018-12-01,,3.3311,
2018-12-01,,3.3468,
2018-12-01,,3.3713,
2018-12-01,,3.3714,
2018-12-01,,3.3412,
2018-12-01,,3.3003,
2018-12-01,,3.3168,
2018-12-01,,3.3483,
2018-12-01,,3.3113,
2018-12-01,,3.3011,
2018-12-01,,3.2709,
2018-12-01,,3.2315,
2018-12-01,,3.2265,
2018-12-01,,3.2265,
2018-12-01,,3.2265,
2019-01-01,2.7,,
2019-01-01,,3.1734,
2019-01-01,,3.141,
2019-01-01,,3.1513,
2019-01-01,,3.1507,
2019-01-01,,3.1211,
2019-01-01,,3.1106,
2019-01-01,,3.1006,
2019-01-01,,3.1058,
2019-01-01,,3.1297,
2019-01-01,,3.1383,
2019-01-01,,3.0745,
2019-01-01,,3.076,
2019-01-01,,3.091,
2019-01-01,,3.1037,
2019-01-01,,3.1071,
2019-01-01,,3.119,
2019-01-01,,3.1338,
2019-01-01,,3.1398,
2019-01-01,,3.1397,
2019-01-01,,3.1246,
2019-01-01,,3.1151,
2019-01-01,,3.1037,
2019-02-01,2.732,3.1032,0.3712
2019-02-01,,3.0978,
2019-02-01,,3.0967,
2019-02-01,,3.067,
2019-02-01,,3.0748,
2019-02-01,,3.0719,
2019-02-01,,3.0726,
2019-02-01,,3.0794,
2019-02-01,,3.1094,
2019-02-01,,3.1279,
2019-02-01,,3.1196,
2019-02-01,,3.1361,
2019-02-01,,3.1451,
2019-02-01,,3.1787,
2019-02-01,,3.1878,
2019-02-01,,3.1689,
2019-02-01,,3.1731,
2019-03-01,2.603,3.187,0.5839999999999996
2019-03-01,,3.2023,
2019-03-01,,3.2149,
2019-03-01,,3.2021,
2019-03-01,,3.1572,
2019-03-01,,3.1423,
2019-03-01,,3.1374,
2019-03-01,,3.1424,
2019-03-01,,3.1375,
2019-03-01,,3.1475,
2019-03-01,,3.1376,
2019-03-01,,3.1377,
2019-03-01,,3.1377,
2019-03-01,,3.1453,
2019-03-01,,3.1291,
2019-03-01,,3.108,
2019-03-01,,3.0831,
2019-03-01,,3.0633,
2019-03-01,,3.0882,
2019-03-01,,3.0634,
2019-03-01,,3.0683,
2019-04-01,2.923,3.1332,0.21019999999999994
2019-04-01,,3.1681,
2019-04-01,,3.2331,
2019-04-01,,3.2679,
2019-04-01,,3.2482,
2019-04-01,,3.2882,
2019-04-01,,3.2932,
2019-04-01,,3.2784,
2019-04-01,,3.3334,
2019-04-01,,3.3736,
2019-04-01,,3.3937,
2019-04-01,,3.3938,
2019-04-01,,3.3589,
2019-04-01,,3.3741,
2019-04-01,,3.4091,
2019-04-01,,3.3993,
2019-04-01,,3.4343,
2019-04-01,,3.4193,
2019-04-01,,3.4043,
2019-04-01,,3.4043,
2019-04-01,,3.4268,
2019-04-01,,3.3869,
2019-05-01,2.838,,
2019-05-01,,3.3849,
2019-05-01,,3.355,
2019-05-01,,3.3551,
2019-05-01,,3.3426,
2019-05-01,,3.3116,
2019-05-01,,3.3017,
2019-05-01,,3.2709,
2019-05-01,,3.2859,
2019-05-01,,3.2762,
2019-05-01,,3.2662,
2019-05-01,,3.2665,
2019-05-01,,3.2717,
2019-05-01,,3.299,
2019-05-01,,3.3264,
2019-05-01,,3.31,
2019-05-01,,3.3125,
2019-05-01,,3.35,
2019-05-01,,3.31,
2019-05-01,,3.2875,
2019-05-01,,3.275,
2019-05-01,,3.2751,
2019-06-01,2.833,,
2019-06-01,,3.2401,
2019-06-01,,3.2101,
2019-06-01,,3.21,
2019-06-01,,3.2136,
2019-06-01,,3.2251,
2019-06-01,,3.2651,
2019-06-01,,3.2601,
2019-06-01,,3.2451,
2019-06-01,,3.2302,
2019-06-01,,3.2252,
2019-06-01,,3.2302,
2019-06-01,,3.2427,
2019-06-01,,3.2352,
2019-06-01,,3.2303,
2019-06-01,,3.2453,
2019-06-01,,3.2353,
2019-06-01,,3.2453,
2019-06-01,,3.2553,
2019-06-01,,3.2254,
2019-07-01,2.777,3.2254,0.4483999999999999
2019-07-01,,3.1704,
2019-07-01,,3.1554,
2019-07-01,,3.1479,
2019-07-01,,3.1705,
2019-07-01,,3.1805,
2019-07-01,,3.168,
2019-07-01,,3.1706,
2019-07-01,,3.168,
2019-07-01,,3.1531,
2019-07-01,,3.1782,
2019-07-01,,3.1732,
2019-07-01,,3.1757,
2019-07-01,,3.1608,
2019-07-01,,3.1559,
2019-07-01,,3.1484,
2019-07-01,,3.1484,
2019-07-01,,3.171,
2019-07-01,,3.1635,
2019-07-01,,3.1661,
2019-07-01,,3.1836,
2019-07-01,,3.1761,
2019-07-01,,3.1552,
2019-08-01,2.674,3.1487,0.4746999999999999
2019-08-01,,3.0914,
2019-08-01,,3.0563,
2019-08-01,,3.0613,
2019-08-01,,3.0514,
2019-08-01,,3.0465,
2019-08-01,,3.0216,
2019-08-01,,3.0391,
2019-08-01,,3.0041,
2019-08-01,,3.0105,
2019-08-01,,3.0115,
2019-08-01,,3.0217,
2019-08-01,,3.0191,
2019-08-01,,3.0317,
2019-08-01,,3.0567,
2019-08-01,,3.0543,
2019-08-01,,3.0644,
2019-08-01,,3.0494,
2019-08-01,,3.052,
2019-08-01,,3.052,
2019-08-01,,3.0321,
2019-08-01,,3.0573,
2019-09-01,2.767,,
2019-09-01,,3.0723,
2019-09-01,,3.0624,
2019-09-01,,3.0473,
2019-09-01,,3.0173,
2019-09-01,,3.0173,
2019-09-01,,3.025,
2019-09-01,,3.0425,
2019-09-01,,3.0525,
2019-09-01,,3.0876,
2019-09-01,,3.0926,
2019-09-01,,3.1076,
2019-09-01,,3.1277,
2019-09-01,,3.1053,
2019-09-01,,3.098,
2019-09-01,,3.1005,
2019-09-01,,3.1205,
2019-09-01,,3.1157,
2019-09-01,,3.1381,
2019-09-01,,3.1482,
2019-09-01,,3.1434,
2019-09-01,,3.1411,
2019-10-01,2.898,,
2019-10-01,,3.1063,
2019-10-01,,3.1089,
2019-10-01,,3.1289,
2019-10-01,,3.1564,
2019-10-01,,3.1716,
2019-10-01,,3.1641,
2019-10-01,,3.1668,
2019-10-01,,3.1693,
2019-10-01,,3.1569,
2019-10-01,,3.187,
2019-10-01,,3.2196,
2019-10-01,,3.2196,
2019-10-01,,3.2122,
2019-10-01,,3.2196,
2019-10-01,,3.2372,
2019-10-01,,3.2924,
2019-10-01,,3.3029,
2019-10-01,,3.3125,
2019-10-01,,3.288,
2019-11-01,2.788,3.2757,0.48770000000000024
2019-11-01,,3.2954,
2019-11-01,,3.2454,
2019-11-01,,3.2555,
2019-11-01,,3.2736,
2019-11-01,,3.2765,
2019-11-01,,3.2463,
2019-11-01,,3.255,
2019-11-01,,3.237,
2019-11-01,,3.2555,
2019-11-01,,3.2355,
2019-11-01,,3.1993,
2019-11-01,,3.1743,
2019-11-01,,3.1747,
2019-11-01,,3.1749,
2019-11-01,,3.1747,
2019-11-01,,3.1875,
2019-11-01,,3.1675,
2019-11-01,,3.17,
2019-11-01,,3.165,
2019-11-01,,3.165,
2019-12-01,2.745,,
2019-12-01,,3.2062,
2019-12-01,,3.1746,
2019-12-01,,3.1751,
2019-12-01,,3.1776,
2019-12-01,,3.1751,
2019-12-01,,3.1903,
2019-12-01,,3.1776,
2019-12-01,,3.1702,
2019-12-01,,3.1652,
2019-12-01,,3.1828,
2019-12-01,,3.1854,
2019-12-01,,3.2133,
2019-12-01,,3.2139,
2019-12-01,,3.2139,
2019-12-01,,3.1808,
2019-12-01,,3.1661,
2019-12-01,,3.1535,
2019-12-01,,3.1463,
2019-12-01,,3.1137,
2019-12-01,,3.1292,
2019-12-01,,3.1322,
2019-12-01,,3.1365,
2020-01-01,2.545,,
2020-01-01,,3.1485,
2020-01-01,,3.1428,
2020-01-01,,3.1352,
2020-01-01,,3.1379,
2020-01-01,,3.1337,
2020-01-01,,3.1184,
2020-01-01,,3.0819,
2020-01-01,,3.084,
2020-01-01,,3.0994,
2020-01-01,,3.0897,
2020-01-01,,3.0918,
2020-01-01,,3.0832,
2020-01-01,,3.078,
2020-01-01,,3.0776,
2020-01-01,,3.0337,
2020-01-01,,3.0282,
2020-01-01,,2.9932,
2020-02-01,2.36,,
2020-02-01,,2.8231,
2020-02-01,,2.8551,
2020-02-01,,2.844,
2020-02-01,,2.8392,
2020-02-01,,2.8024,
2020-02-01,,2.7872,
2020-02-01,,2.834,
2020-02-01,,2.8333,
2020-02-01,,2.8201,
2020-02-01,,2.8631,
2020-02-01,,2.8928,
2020-02-01,,2.8664,
2020-02-01,,2.8776,
2020-02-01,,2.8857,
2020-02-01,,2.847,
2020-02-01,,2.812,
2020-02-01,,2.822,
2020-02-01,,2.7973,
2020-02-01,,2.7702,
2020-02-01,,2.7376,
2020-03-01,1.978,,
2020-03-01,,2.7428,
2020-03-01,,2.7478,
2020-03-01,,2.673,
2020-03-01,,2.6829,
2020-03-01,,2.628,
2020-03-01,,2.5205,
2020-03-01,,2.613,
2020-03-01,,2.6079,
2020-03-01,,2.6379,
2020-03-01,,2.6759,
2020-03-01,,2.6758,
2020-03-01,,2.7135,
2020-03-01,,2.7136,
2020-03-01,,2.7299,
2020-03-01,,2.6815,
2020-03-01,,2.6315,
2020-03-01,,2.6289,
2020-03-01,,2.6289,
2020-03-01,,2.594,
2020-03-01,,2.609,
2020-03-01,,2.6142,
2020-03-01,,2.5899,
2020-04-01,1.325,2.555,1.2300000000000002
2020-04-01,,2.5854,
2020-04-01,,2.5965,
2020-04-01,,2.5112,
2020-04-01,,2.4824,
2020-04-01,,2.5226,
2020-04-01,,2.5403,
2020-04-01,,2.5658,
2020-04-01,,2.5591,
2020-04-01,,2.5455,
2020-04-01,,2.5276,
2020-04-01,,2.559,
2020-04-01,,2.592,
2020-04-01,,2.5791,
2020-04-01,,2.5567,
2020-04-01,,2.5227,
2020-04-01,,2.51,
2020-04-01,,2.5205,
2020-04-01,,2.5345,
2020-04-01,,2.5254,
2020-04-01,,2.5009,
2020-04-01,,2.538,
2020-05-01,1.84,,
2020-05-01,,2.5809,
2020-05-01,,2.6298,
2020-05-01,,2.6207,
2020-05-01,,2.64,
2020-05-01,,2.6698,
2020-05-01,,2.6603,
2020-05-01,,2.7076,
2020-05-01,,2.6989,
2020-05-01,,2.682,
2020-05-01,,2.7253,
2020-05-01,,2.7272,
2020-05-01,,2.69,
2020-05-01,,2.685,
2020-05-01,,2.6176,
2020-05-01,,2.6852,
2020-05-01,,2.7402,
2020-05-01,,2.7527,
2020-05-01,,2.7201,
2020-05-01,,2.7053,
2020-06-01,2.257,2.7253,0.4682999999999997
2020-06-01,,2.7852,
2020-06-01,,2.7901,
2020-06-01,,2.8301,
2020-06-01,,2.8475,
2020-06-01,,2.8101,
2020-06-01,,2.8031,
2020-06-01,,2.8201,
2020-06-01,,2.7701,
2020-06-01,,2.7451,
2020-06-01,,2.7878,
2020-06-01,,2.8402,
2020-06-01,,2.8802,
2020-06-01,,2.8527,
2020-06-01,,2.8752,
2020-06-01,,2.9153,
2020-06-01,,2.9127,
2020-06-01,,2.8614,
2020-06-01,,2.8404,
2020-06-01,,2.8504,
2020-06-01,,2.823,
2020-07-01,2.433,2.8456,0.4126000000000003
2020-07-01,,2.8584,
2020-07-01,,2.8974,
2020-07-01,,2.9959,
2020-07-01,,3.0158,
2020-07-01,,3.0632,
2020-07-01,,3.0809,
2020-07-01,,3.0305,
2020-07-01,,3.0557,
2020-07-01,,3.0057,
2020-07-01,,2.9559,
2020-07-01,,2.9459,
2020-07-01,,2.9507,
2020-07-01,,2.9311,
2020-07-01,,2.9011,
2020-07-01,,2.8861,
2020-07-01,,2.9064,
2020-07-01,,2.8612,
2020-07-01,,2.8791,
2020-07-01,,2.9214,
2020-07-01,,2.9415,
2020-07-01,,2.9364,
2020-07-01,,2.9664,
2020-08-01,2.715,,
2020-08-01,,2.9466,
2020-08-01,,2.9365,
2020-08-01,,2.9592,
2020-08-01,,2.9816,
2020-08-01,,2.9918,
2020-08-01,,2.9543,
2020-08-01,,2.9544,
2020-08-01,,2.962,
2020-08-01,,2.9555,
2020-08-01,,2.9369,
2020-08-01,,2.9421,
2020-08-01,,2.9771,
2020-08-01,,2.9921,
2020-08-01,,2.9973,
2020-08-01,,2.9823,
2020-08-01,,2.9998,
2020-08-01,,3.0424,
2020-08-01,,3.0511,
2020-08-01,,3.0599,
2020-08-01,,3.0672,
2020-08-01,,3.0177,
2020-09-01,2.827,3.0478,0.2208000000000001
2020-09-01,,3.1027,
2020-09-01,,3.1051,
2020-09-01,,3.1228,
2020-09-01,,3.1454,
2020-09-01,,3.123,
2020-09-01,,3.0805,
2020-09-01,,3.0833,
2020-09-01,,3.1346,
2020-09-01,,3.1532,
2020-09-01,,3.1083,
2020-09-01,,3.126,
2020-09-01,,3.1334,
2020-09-01,,3.1162,
2020-09-01,,3.0999,
2020-09-01,,3.0863,
2020-09-01,,3.089,
2020-09-01,,3.084,
2020-09-01,,3.1295,
2020-09-01,,3.1324,
2020-09-01,,3.1092,
2020-09-01,,3.1292,
2020-09-01,,3.1482,
2020-10-01,2.864,,
2020-10-01,,3.1873,
2020-10-01,,3.1898,
2020-10-01,,3.1861,
2020-10-01,,3.195,
2020-10-01,,3.215,
2020-10-01,,3.23,
2020-10-01,,3.2202,
2020-10-01,,3.2005,
2020-10-01,,3.1955,
2020-10-01,,3.1855,
2020-10-01,,3.1707,
2020-10-01,,3.1957,
2020-10-01,,3.1934,
2020-10-01,,3.1609,
2020-10-01,,3.181,
2020-10-01,,3.186,
2020-10-01,,3.181,
2020-11-01,2.974,,
2020-11-01,,3.1785,
2020-11-01,,3.1762,
2020-11-01,,3.1687,
2020-11-01,,3.1912,
2020-11-01,,3.2063,
2020-11-01,,3.2363,
2020-11-01,,3.2241,
2020-11-01,,3.2391,
2020-11-01,,3.2614,
2020-11-01,,3.2715,
2020-11-01,,3.2741,
2020-11-01,,3.2866,
2020-11-01,,3.324,
2020-11-01,,3.3487,
2020-11-01,,3.31,
2020-11-01,,3.265,
2020-11-01,,3.29,
2020-11-01,,3.2675,
2020-11-01,,3.285,
2020-11-01,,3.3,
2020-11-01,,3.25,
2020-12-01,2.764,3.2725,0.5085000000000002
2020-12-01,,3.2925,
2020-12-01,,3.2851,
2020-12-01,,3.2651,
2020-12-01,,3.2701,
2020-12-01,,3.2551,
2020-12-01,,3.2726,
2020-12-01,,3.2601,
2020-12-01,,3.2951,
2020-12-01,,3.2851,
2020-12-01,,3.2777,
2020-12-01,,3.2752,
2020-12-01,,3.2802,
2020-12-01,,3.2902,
2020-12-01,,3.2652,
2020-12-01,,3.2278,
2020-12-01,,3.2153,
2020-12-01,,3.2303,
2020-12-01,,3.1878,
2020-12-01,,3.1629,
2020-12-01,,3.1554,
2020-12-01,,3.1204,
2020-12-01,,3.1429,
2021-01-01,2.85,,
2021-01-01,,3.178,
2021-01-01,,3.1305,
2021-01-01,,3.1256,
2021-01-01,,3.1256,
2021-01-01,,3.1456,
2021-01-01,,3.1632,
2021-01-01,,3.1457,
2021-01-01,,3.1157,
2021-01-01,,3.1059,
2021-01-01,,3.1508,
2021-01-01,,3.1658,
2021-01-01,,3.1609,
2021-01-01,,3.161,
2021-01-01,,3.1335,
2021-01-01,,3.1185,
2021-01-01,,3.1323,
2021-01-01,,3.1585,
2021-01-01,,3.1636,
2021-01-01,,3.1961,
2021-01-01,,3.1786,
2021-02-01,2.774,3.1712,0.3971999999999998
2021-02-01,,3.1862,
2021-02-01,,3.2112,
2021-02-01,,3.2347,
2021-02-01,,3.2164,
2021-02-01,,3.2168,
2021-02-01,,3.237,
2021-02-01,,3.2303,
2021-02-01,,3.2449,
2021-02-01,,3.2831,
2021-02-01,,3.2578,
2021-02-01,,3.2605,
2021-02-01,,3.2736,
2021-02-01,,3.2635,
2021-02-01,,3.2627,
2021-02-01,,3.2723,
2021-02-01,,3.2798,
2021-03-01,2.854,3.2475,0.39349999999999996
2021-03-01,,3.2474,
2021-03-01,,3.2553,
2021-03-01,,3.2655,
2021-03-01,,3.2457,
2021-03-01,,3.2404,
2021-03-01,,3.2478,
2021-03-01,,3.2353,
2021-03-01,,3.2506,
2021-03-01,,3.2613,
2021-03-01,,3.274,
2021-03-01,,3.2614,
2021-03-01,,3.2564,
2021-03-01,,3.2592,
2021-03-01,,3.2364,
2021-03-01,,3.2309,
2021-03-01,,3.2105,
2021-03-01,,3.193,
2021-03-01,,3.1882,
2021-03-01,,3.1985,
2021-03-01,,3.1962,
2021-03-01,,3.206,
2021-03-01,,3.1887,
2021-04-01,2.753,3.196,0.44300000000000006
2021-04-01,,3.2013,
2021-04-01,,3.2087,
2021-04-01,,3.2215,
2021-04-01,,3.2221,
2021-04-01,,3.2121,
2021-04-01,,3.1948,
2021-04-01,,3.1626,
2021-04-01,,3.1651,
2021-04-01,,3.1728,
2021-04-01,,3.1631,
2021-04-01,,3.1559,
2021-04-01,,3.1554,
2021-04-01,,3.153,
2021-04-01,,3.1614,
2021-04-01,,3.1719,
2021-04-01,,3.1841,
2021-04-01,,3.2024,
2021-04-01,,3.2078,
2021-04-01,,3.1979,
2021-04-01,,3.1872,
2021-04-01,,3.164,
2021-05-01,2.729,,
2021-05-01,,3.1507,
2021-05-01,,3.1589,
2021-05-01,,3.1582,
2021-05-01,,3.146,
2021-05-01,,3.138,
2021-05-01,,3.131,
2021-05-01,,3.1366,
2021-05-01,,3.1422,
2021-05-01,,3.1524,
2021-05-01,,3.1457,
2021-05-01,,3.1298,
2021-05-01,,3.1001,
2021-05-01,,3.0876,
2021-05-01,,3.085,
2021-05-01,,3.085,
2021-05-01,,3.06,
2021-05-01,,3.0725,
2021-05-01,,3.0825,
2021-05-01,,3.045,
2021-06-01,2.656,3.04,0.3839999999999999
2021-06-01,,3.065,
2021-06-01,,3.055,
2021-06-01,,3.0925,
2021-06-01,,3.11,
2021-06-01,,3.11,
2021-06-01,,3.1051,
2021-06-01,,3.1,
2021-06-01,,3.1276,
2021-06-01,,3.1176,
2021-06-01,,3.1301,
2021-06-01,,3.1401,
2021-06-01,,3.1202,
2021-06-01,,3.0953,
2021-06-01,,3.0877,
2021-06-01,,3.0853,
2021-06-01,,3.0828,
2021-06-01,,3.0827,
2021-06-01,,3.0903,
2021-06-01,,3.0853,
2021-06-01,,3.0778,
2021-07-01,2.425,3.0878,0.6628000000000003
2021-07-01,,3.0803,
2021-07-01,,3.0754,
2021-07-01,,3.0854,
2021-07-01,,3.0554,
2021-07-01,,2.983,
2021-07-01,,3.0105,
2021-07-01,,2.9431,
2021-07-01,,2.9256,
2021-07-01,,2.9356,
2021-07-01,,2.9557,
2021-07-01,,2.9432,
2021-07-01,,2.9483,
2021-07-01,,2.9258,
2021-07-01,,2.9184,
2021-07-01,,2.9284,
2021-07-01,,2.9134,
2021-07-01,,2.8711,
2021-07-01,,2.911,
2021-07-01,,2.9312,
2021-07-01,,2.884,
2021-07-01,,2.8363,
2021-08-01,2.465,,
2021-08-01,,2.8212,
2021-08-01,,2.8337,
2021-08-01,,2.8338,
2021-08-01,,2.7988,
2021-08-01,,2.8139,
2021-08-01,,2.8615,
2021-08-01,,2.8766,
2021-08-01,,2.8841,
2021-08-01,,2.8566,
2021-08-01,,2.8792,
2021-08-01,,2.8943,
2021-08-01,,2.8819,
2021-08-01,,2.8494,
2021-08-01,,2.8395,
2021-08-01,,2.852,
2021-08-01,,2.8672,
2021-08-01,,2.8522,
2021-08-01,,2.8547,
2021-08-01,,2.8848,
2021-08-01,,2.8698,
2021-08-01,,2.8505,
2021-08-01,,2.845,
2021-09-01,2.488,2.8226,0.3346
2021-09-01,,2.8301,
2021-09-01,,2.8327,
2021-09-01,,2.8354,
2021-09-01,,2.8604,
2021-09-01,,2.8705,
2021-09-01,,2.873,
2021-09-01,,2.8656,
2021-09-01,,2.8908,
2021-09-01,,2.8858,
2021-09-01,,2.9009,
2021-09-01,,2.8885,
2021-09-01,,2.8785,
2021-09-01,,2.8717,
2021-09-01,,2.8639,
2021-09-01,,2.8565,
2021-09-01,,2.8719,
2021-09-01,,2.8797,
2021-09-01,,2.8825,
2021-09-01,,2.8769,
2021-09-01,,2.8646,
2021-09-01,,2.8776,
2021-10-01,2.612,,
2021-10-01,,2.9131,
2021-10-01,,2.9186,
2021-10-01,,2.958,
2021-10-01,,2.9657,
2021-10-01,,2.9578,
2021-10-01,,2.9581,
2021-10-01,,2.9683,
2021-10-01,,3.0426,
2021-10-01,,3.0102,
2021-10-01,,2.9978,
2021-10-01,,2.9702,
2021-10-01,,2.9953,
2021-10-01,,2.9879,
2021-10-01,,2.978,
2021-10-01,,2.9781,
2021-10-01,,2.9682,
2021-10-01,,2.9732,
2021-11-01,2.54,2.9435,0.40349999999999975
2021-11-01,,2.9259,
2021-11-01,,2.9385,
2021-11-01,,2.9261,
2021-11-01,,2.8911,
2021-11-01,,2.9013,
2021-11-01,,2.8988,
2021-11-01,,2.9139,
2021-11-01,,2.9365,
2021-11-01,,2.9391,
2021-11-01,,2.9269,
2021-11-01,,2.9244,
2021-11-01,,2.9295,
2021-11-01,,2.9146,
2021-11-01,,2.9302,
2021-11-01,,2.8876,
2021-11-01,,2.8875,
2021-11-01,,2.86,
2021-11-01,,2.855,
2021-11-01,,2.82,
2021-11-01,,2.825,
2021-11-01,,2.825,
2021-12-01,2.37,2.8401,0.47009999999999996
2021-12-01,,2.8601,
2021-12-01,,2.8701,
2021-12-01,,2.8176,
2021-12-01,,2.8451,
2021-12-01,,2.8551,
2021-12-01,,2.8526,
2021-12-01,,2.8426,
2021-12-01,,2.8552,
2021-12-01,,2.8477,
2021-12-01,,2.8502,
2021-12-01,,2.8577,
2021-12-01,,2.8512,
2021-12-01,,2.8533,
2021-12-01,,2.8508,
2021-12-01,,2.8303,
2021-12-01,,2.8143,
2021-12-01,,2.8203,
2021-12-01,,2.8128,
2021-12-01,,2.8004,
2021-12-01,,2.7854,
2021-12-01,,2.7654,
2021-12-01,,2.7754,
2022-01-01,2.15,,
2022-01-01,,2.7855,
2022-01-01,,2.8045,
2022-01-01,,2.8205,
2022-01-01,,2.8181,
2022-01-01,,2.8056,
2022-01-01,,2.7957,
2022-01-01,,2.7957,
2022-01-01,,2.7858,
2022-01-01,,2.7935,
2022-01-01,,2.786,
2022-01-01,,2.7415,
2022-01-01,,2.7314,
2022-01-01,,2.7271,
2022-01-01,,2.71,
2022-01-01,,2.6751,
2022-01-01,,2.6979,
2022-01-01,,2.7146,
2022-01-01,,2.7348,
2022-01-01,,2.7021,
2022-01-01,,2.7013,
2022-01-01,,2.6997,
2022-02-01,2.221,,
2022-03-01,2.299,,
2022-04-01,2.333,,
2022-05-01,2.235,,
2022-06-01,2.253,,
2022-07-01,2.104,,
2022-08-01,2.054,,
2022-09-01,2.195,,
2022-10-01,2.054,,
2022-11-01,2.338,,
2022-12-01,2.343,,
2023-01-01,2.345,,
2023-01-01,,2.8228,
2023-01-01,,2.8103,
2023-01-01,,2.8304,
2023-01-01,,2.8328,
2023-01-01,,2.8428,
2023-01-01,,2.8602,
2023-01-01,,2.8603,
2023-01-01,,2.8778,
2023-01-01,,2.901,
2023-01-01,,2.9167,
2023-01-01,,2.9017,
2023-01-01,,2.9222,
2023-01-01,,2.9145,
2023-01-01,,2.9331,
2023-01-01,,2.9341,
2023-01-01,,2.9219,
2023-01-01,,2.9133,
2023-01-01,,2.8977,
2023-02-01,2.51,,
2023-03-01,2.37,,
2023-04-01,2.292,,
2023-05-01,2.168,,
2023-06-01,2.115,,
2023-07-01,2.103,,
2023-08-01,2.119,,
2023-09-01,2.245,,
2023-10-01,2.365,,
2023-11-01,2.422,,
2023-12-01,2.204,,
2024-01-01,2.113,,
2024-01-01,,2.5601,
2024-01-01,,2.5531,
2024-01-01,,2.5368,
2024-01-01,,2.5175,
2024-01-01,,2.5136,
2024-01-01,,2.4862,
2024-01-01,,2.4982,
2024-01-01,,2.4992,
2024-01-01,,2.5172,
2024-01-01,,2.5212,
2024-01-01,,2.5252,
2024-01-01,,2.5077,
2024-01-01,,2.5092,
2024-01-01,,2.5027,
2024-01-01,,2.4922,
2024-01-01,,2.5042,
2024-01-01,,2.5042,
2024-01-01,,2.4984,
2024-01-01,,2.4994,
2024-01-01,,2.494,
2024-01-01,,2.4557,
2024-01-01,,2.433,
2024-02-01,2.04,,
2024-03-01,1.898,,
2024-04-01,1.932,,
2024-05-01,1.776,,
2024-06-01,1.652,,
2024-07-01,1.519,,
2024-08-01,1.537,,
2024-09-01,1.41,,
2024-10-01,1.45,,
2024-11-01,1.37,,
2024-12-01,1.08,,
2025-01-01,1.25,,
2025-01-01,,1.6077,
2025-01-01,,1.6041,
2025-01-01,,1.5966,
2025-01-01,,1.6093,
2025-01-01,,1.6069,
2025-01-01,,1.6368,
2025-01-01,,1.6338,
2025-01-01,,1.6592,
2025-01-01,,1.6446,
2025-01-01,,1.633,
2025-01-01,,1.6394,
2025-01-01,,1.6593,
2025-01-01,,1.6747,
2025-01-01,,1.6496,
2025-01-01,,1.6602,
2025-01-01,,1.6645,
2025-01-01,,1.6565,
2025-01-01,,1.6537,
2025-01-01,,1.6299,
2025-02-01,1.42,,
2025-03-01,1.45,,
2025-04-01,1.45,,
2025-05-01,1.47,,
2025-06-01,1.428,,
