date,"OECD Standardised CCI, Amplitude adjusted (Long term average=100), sa – China (People's Republic of) – Monthly (OECD/MEI_CLI/CSCICP03.CHN.M)","OECD Standardised CCI, Amplitude adjusted (Long term average=100), sa – Germany – Monthly (OECD/MEI_CLI/CSCICP03.DEU.M)","OECD Standardised CCI, Amplitude adjusted (Long term average=100), sa – Japan – Monthly (OECD/MEI_CLI/CSCICP03.JPN.M)","OECD Standardised CCI, Amplitude adjusted (Long term average=100), sa – Mexico – Monthly (OECD/MEI_CLI/CSCICP03.MEX.M)","OECD Standardised CCI, Amplitude adjusted (Long term average=100), sa – United States – Monthly (OECD/MEI_CLI/CSCICP03.USA.M)"
1960-01,NA,NA,NA,NA,101.6331
1960-02,NA,NA,NA,NA,101.375
1960-03,NA,NA,NA,NA,101.152
1960-04,NA,NA,NA,NA,101.029
1960-05,NA,NA,NA,NA,101.0601
1960-06,NA,NA,NA,NA,101.1479
1960-07,NA,NA,NA,NA,101.1665
1960-08,NA,NA,NA,NA,101.0261
1960-09,NA,NA,NA,NA,100.8084
1960-10,NA,NA,NA,NA,100.6277
1960-11,NA,NA,NA,NA,100.5691
1960-12,NA,NA,NA,NA,100.5902
1961-01,NA,NA,NA,NA,100.6389
1961-02,NA,NA,NA,NA,100.6907
1961-03,NA,NA,NA,NA,100.7597
1961-04,NA,NA,NA,NA,100.8816
1961-05,NA,NA,NA,NA,101.0807
1961-06,NA,NA,NA,NA,101.2828
1961-07,NA,NA,NA,NA,101.3798
1961-08,NA,NA,NA,NA,101.2913
1961-09,NA,NA,NA,NA,101.1306
1961-10,NA,NA,NA,NA,101.05
1961-11,NA,NA,NA,NA,101.1572
1961-12,NA,NA,NA,NA,101.3522
1962-01,NA,NA,NA,NA,101.4913
1962-02,NA,NA,NA,NA,101.464
1962-03,NA,NA,NA,NA,101.3246
1962-04,NA,NA,NA,NA,101.1429
1962-05,NA,NA,NA,NA,100.9666
1962-06,NA,NA,NA,NA,100.826
1962-07,NA,NA,NA,NA,100.7608
1962-08,NA,NA,NA,NA,100.8112
1962-09,NA,NA,NA,NA,100.9337
1962-10,NA,NA,NA,NA,101.0847
1962-11,NA,NA,NA,NA,101.2313
1962-12,NA,NA,NA,NA,101.3343
1963-01,NA,NA,NA,NA,101.3353
1963-02,NA,NA,NA,NA,101.1872
1963-03,NA,NA,NA,NA,100.987
1963-04,NA,NA,NA,NA,100.8606
1963-05,NA,NA,NA,NA,100.899
1963-06,NA,NA,NA,NA,101.022
1963-07,NA,NA,NA,NA,101.1238
1963-08,NA,NA,NA,NA,101.1354
1963-09,NA,NA,NA,NA,101.1073
1963-10,NA,NA,NA,NA,101.1196
1963-11,NA,NA,NA,NA,101.231
1963-12,NA,NA,NA,NA,101.3881
1964-01,NA,NA,NA,NA,101.5148
1964-02,NA,NA,NA,NA,101.5554
1964-03,NA,NA,NA,NA,101.5485
1964-04,NA,NA,NA,NA,101.5473
1964-05,NA,NA,NA,NA,101.5872
1964-06,NA,NA,NA,NA,101.6471
1964-07,NA,NA,NA,NA,101.693
1964-08,NA,NA,NA,NA,101.6999
1964-09,NA,NA,NA,NA,101.6889
1964-10,NA,NA,NA,NA,101.6927
1964-11,NA,NA,NA,NA,101.739
1964-12,NA,NA,NA,NA,101.8194
1965-01,NA,NA,NA,NA,101.9251
1965-02,NA,NA,NA,NA,102.0498
1965-03,NA,NA,NA,NA,102.1662
1965-04,NA,NA,NA,NA,102.235
1965-05,NA,NA,NA,NA,102.2225
1965-06,NA,NA,NA,NA,102.1651
1965-07,NA,NA,NA,NA,102.1037
1965-08,NA,NA,NA,NA,102.0617
1965-09,NA,NA,NA,NA,102.0285
1965-10,NA,NA,NA,NA,101.9812
1965-11,NA,NA,NA,NA,101.8988
1965-12,NA,NA,NA,NA,101.789
1966-01,NA,NA,NA,NA,101.6572
1966-02,NA,NA,NA,NA,101.5023
1966-03,NA,NA,NA,NA,101.3339
1966-04,NA,NA,NA,NA,101.1584
1966-05,NA,NA,NA,NA,100.9785
1966-06,NA,NA,NA,NA,100.7991
1966-07,NA,NA,NA,NA,100.6308
1966-08,NA,NA,NA,NA,100.4919
1966-09,NA,NA,NA,NA,100.3999
1966-10,NA,NA,NA,NA,100.3964
1966-11,NA,NA,NA,NA,100.5246
1966-12,NA,NA,NA,NA,100.7197
1967-01,NA,NA,NA,NA,100.9076
1967-02,NA,NA,NA,NA,101.039
1967-03,NA,NA,NA,NA,101.1289
1967-04,NA,NA,NA,NA,101.1963
1967-05,NA,NA,NA,NA,101.2448
1967-06,NA,NA,NA,NA,101.2663
1967-07,NA,NA,NA,NA,101.2356
1967-08,NA,NA,NA,NA,101.1322
1967-09,NA,NA,NA,NA,101.0143
1967-10,NA,NA,NA,NA,100.9608
1967-11,NA,NA,NA,NA,101.0282
1967-12,NA,NA,NA,NA,101.1425
1968-01,NA,NA,NA,NA,101.2015
1968-02,NA,NA,NA,NA,101.1288
1968-03,NA,NA,NA,NA,100.9848
1968-04,NA,NA,NA,NA,100.8499
1968-05,NA,NA,NA,NA,100.7799
1968-06,NA,NA,NA,NA,100.7525
1968-07,NA,NA,NA,NA,100.7369
1968-08,NA,NA,NA,NA,100.7213
1968-09,NA,NA,NA,NA,100.7285
1968-10,NA,NA,NA,NA,100.8041
1968-11,NA,NA,NA,NA,100.9818
1968-12,NA,NA,NA,NA,101.1801
1969-01,NA,NA,NA,NA,101.2801
1969-02,NA,NA,NA,NA,101.1832
1969-03,NA,NA,NA,NA,100.9665
1969-04,NA,NA,NA,NA,100.7162
1969-05,NA,NA,NA,NA,100.4808
1969-06,NA,NA,NA,NA,100.2582
1969-07,NA,NA,NA,NA,100.0299
1969-08,NA,NA,NA,NA,99.78372
1969-09,NA,NA,NA,NA,99.54098
1969-10,NA,NA,NA,NA,99.33954
1969-11,NA,NA,NA,NA,99.21292
1969-12,NA,NA,NA,NA,99.12827
1970-01,NA,NA,NA,NA,99.05004
1970-02,NA,NA,NA,NA,98.96175
1970-03,NA,NA,NA,NA,98.88127
1970-04,NA,NA,NA,NA,98.84293
1970-05,NA,NA,NA,NA,98.87183
1970-06,NA,NA,NA,NA,98.91594
1970-07,NA,NA,NA,NA,98.90382
1970-08,NA,NA,NA,NA,98.78694
1970-09,NA,NA,NA,NA,98.63837
1970-10,NA,NA,NA,NA,98.56511
1970-11,NA,NA,NA,NA,98.65223
1970-12,NA,NA,NA,NA,98.83157
1971-01,NA,NA,NA,NA,99.01881
1971-02,NA,NA,NA,NA,99.15829
1971-03,NA,NA,NA,NA,99.25991
1971-04,NA,NA,NA,NA,99.34231
1971-05,NA,NA,NA,NA,99.41376
1971-06,NA,NA,NA,NA,99.47237
1971-07,NA,NA,NA,NA,99.50941
1971-08,NA,NA,NA,NA,99.52533
1971-09,NA,NA,NA,NA,99.56754
1971-10,NA,NA,NA,NA,99.71048
1971-11,NA,NA,NA,NA,100.0096
1971-12,NA,NA,NA,NA,100.3542
1972-01,NA,NA,NA,NA,100.5935
1972-02,NA,NA,NA,NA,100.6164
1972-03,NA,NA,NA,NA,100.5372
1972-04,NA,NA,NA,NA,100.5072
1972-05,NA,NA,NA,NA,100.629
1972-06,NA,NA,NA,NA,100.821
1972-07,NA,NA,NA,NA,100.9555
1972-08,NA,NA,NA,NA,100.9262
1972-09,NA,NA,NA,NA,100.7733
1972-10,NA,NA,NA,NA,100.5354
1972-11,NA,NA,NA,NA,100.2261
1972-12,NA,NA,NA,NA,99.89437
1973-01,NA,103.7456,NA,NA,99.58817
1973-02,NA,103.0117,NA,NA,99.33979
1973-03,NA,102.2256,NA,NA,99.1261
1973-04,NA,101.4388,NA,NA,98.92419
1973-05,NA,100.8217,NA,NA,98.73241
1973-06,NA,100.4878,NA,NA,98.57949
1973-07,NA,100.3392,NA,NA,98.51975
1973-08,NA,100.2087,NA,NA,98.58936
1973-09,NA,100.0078,NA,NA,98.6694
1973-10,NA,99.66492,NA,NA,98.59334
1973-11,NA,99.13347,NA,NA,98.24386
1973-12,NA,98.54214,NA,NA,97.80593
1974-01,NA,98.14835,NA,NA,97.53819
1974-02,NA,98.15892,NA,NA,97.63274
1974-03,NA,98.35328,NA,NA,97.90479
1974-04,NA,98.65082,NA,NA,98.10315
1974-05,NA,98.91657,NA,NA,98.04331
1974-06,NA,99.04898,NA,NA,97.81411
1974-07,NA,99.09946,NA,NA,97.53473
1974-08,NA,99.13995,NA,NA,97.28114
1974-09,NA,99.21253,NA,NA,97.06259
1974-10,NA,99.28884,NA,NA,96.88258
1974-11,NA,99.39017,NA,NA,96.7646
1974-12,NA,99.51121,NA,NA,96.73956
1975-01,NA,99.71128,NA,NA,96.8889
1975-02,NA,99.99341,NA,NA,97.29507
1975-03,NA,100.2968,NA,NA,97.81732
1975-04,NA,100.6002,NA,NA,98.28342
1975-05,NA,100.8108,NA,NA,98.56508
1975-06,NA,100.8466,NA,NA,98.70973
1975-07,NA,100.8111,NA,NA,98.77283
1975-08,NA,100.7643,NA,NA,98.78732
1975-09,NA,100.7587,NA,NA,98.81452
1975-10,NA,100.886,NA,NA,98.92574
1975-11,NA,101.2828,NA,NA,99.17117
1975-12,NA,101.8103,NA,NA,99.46464
1976-01,NA,102.2359,NA,NA,99.69225
1976-02,NA,102.4762,NA,NA,99.77277
1976-03,NA,102.5563,NA,NA,99.78403
1976-04,NA,102.5627,NA,NA,99.8312
1976-05,NA,102.5631,NA,NA,99.98449
1976-06,NA,102.5998,NA,NA,100.1808
1976-07,NA,102.6894,NA,NA,100.3221
1976-08,NA,102.786,NA,NA,100.331
1976-09,NA,102.8843,NA,NA,100.2608
1976-10,NA,102.9233,NA,NA,100.1805
1976-11,NA,102.8801,NA,NA,100.1393
1976-12,NA,102.7314,NA,NA,100.14
1977-01,NA,102.4964,NA,NA,100.1847
1977-02,NA,102.1932,NA,NA,100.2775
1977-03,NA,101.8807,NA,NA,100.3844
1977-04,NA,101.5768,NA,NA,100.4618
1977-05,NA,101.3781,NA,NA,100.4718
1977-06,NA,101.3784,NA,NA,100.4268
1977-07,NA,101.4824,NA,NA,100.3322
1977-08,NA,101.5978,NA,NA,100.1839
1977-09,NA,101.724,NA,NA,100.0161
1977-10,NA,101.8366,NA,NA,99.86893
1977-11,NA,101.9539,NA,NA,99.77455
1977-12,NA,102.0246,NA,NA,99.72412
1978-01,NA,102.0025,NA,NA,99.69107
1978-02,NA,101.9692,NA,NA,99.61081
1978-03,NA,101.963,NA,NA,99.47279
1978-04,NA,102.0127,NA,NA,99.47153
1978-05,NA,102.1432,NA,NA,99.49574
1978-06,NA,102.3265,NA,NA,99.45992
1978-07,NA,102.5432,NA,NA,99.43351
1978-08,NA,102.7921,NA,NA,99.33466
1978-09,NA,103.0665,NA,NA,99.23969
1978-10,NA,103.2973,NA,NA,99.01003
1978-11,NA,103.4645,NA,NA,98.62321
1978-12,NA,103.5586,NA,NA,98.27267
1979-01,NA,103.6065,NA,NA,98.24731
1979-02,NA,103.5771,NA,NA,98.23198
1979-03,NA,103.5261,NA,NA,98.04071
1979-04,NA,103.4329,NA,NA,97.84443
1979-05,NA,103.2513,NA,NA,97.71332
1979-06,NA,103.0031,NA,NA,97.52994
1979-07,NA,102.7666,NA,NA,97.36812
1979-08,NA,102.5398,NA,NA,97.40497
1979-09,NA,102.284,NA,NA,97.44559
1979-10,NA,101.9583,NA,NA,97.36999
1979-11,NA,101.5821,NA,NA,97.35193
1979-12,NA,101.1763,NA,NA,97.39189
1980-01,NA,100.7537,NA,NA,97.47672
1980-02,NA,100.5321,NA,NA,97.26822
1980-03,NA,100.3938,NA,NA,96.72633
1980-04,NA,100.2997,NA,NA,96.30571
1980-05,NA,100.2353,NA,NA,96.27074
1980-06,NA,100.1117,NA,NA,96.66769
1980-07,NA,100.0228,NA,NA,97.24178
1980-08,NA,99.98379,NA,NA,97.86611
1980-09,NA,99.82721,NA,NA,98.39227
1980-10,NA,99.4346,NA,NA,98.61591
1980-11,NA,98.89317,NA,NA,98.50571
1980-12,NA,98.50304,NA,NA,98.13308
1981-01,NA,98.16269,NA,NA,97.98294
1981-02,NA,97.75916,NA,NA,97.88698
1981-03,NA,97.3157,NA,NA,97.98786
1981-04,NA,97.00999,NA,NA,98.30428
1981-05,NA,96.84698,NA,NA,98.58285
1981-06,NA,96.57928,NA,NA,98.67782
1981-07,NA,96.25546,NA,NA,98.7326
1981-08,NA,95.90981,NA,NA,98.70731
1981-09,NA,95.88611,NA,NA,98.44186
1981-10,NA,96.02737,NA,NA,98.04715
1981-11,NA,96.08485,NA,NA,97.68665
1981-12,NA,96.15475,NA,NA,97.64082
1982-01,NA,96.23544,NA,NA,97.74736
1982-02,NA,96.3502,NA,NA,97.6594
1982-03,NA,96.65921,NA,NA,97.52944
1982-04,NA,96.95944,100.6004,NA,97.56638
1982-05,NA,97.14629,100.4164,NA,97.63455
1982-06,NA,97.10603,100.2457,NA,97.62976
1982-07,NA,96.72157,100.1161,NA,97.64703
1982-08,NA,96.29807,100.0575,NA,97.77304
1982-09,NA,95.98409,100.0492,NA,98.03345
1982-10,NA,96.00245,100.078,NA,98.26695
1982-11,NA,96.19361,100.1467,NA,98.32487
1982-12,NA,96.5752,100.2449,NA,98.3215
1983-01,NA,97.34357,100.3725,NA,98.42278
1983-02,NA,98.29956,100.5323,NA,98.82601
1983-03,NA,99.23602,100.6942,NA,99.4817
1983-04,NA,99.75252,100.8179,NA,100.1858
1983-05,NA,99.8601,100.8744,NA,100.6554
1983-06,NA,99.85013,100.9046,NA,100.8042
1983-07,NA,99.80138,100.9632,NA,100.7681
1983-08,NA,99.78269,101.0882,NA,100.6268
1983-09,NA,99.70903,101.2424,NA,100.5105
1983-10,NA,99.74551,101.3713,NA,100.5172
1983-11,NA,99.99573,101.4318,NA,100.7112
1983-12,NA,100.2726,101.4463,NA,101.0452
1984-01,NA,100.4263,101.4416,NA,101.3789
1984-02,NA,100.2596,101.4354,NA,101.5108
1984-03,NA,99.95261,101.4399,NA,101.5405
1984-04,NA,99.65138,101.4691,NA,101.4182
1984-05,NA,99.38946,101.5332,NA,101.3399
1984-06,NA,99.19653,101.6103,NA,101.2913
1984-07,NA,99.36034,101.6731,NA,101.3624
1984-08,NA,99.65636,101.7035,NA,101.489
1984-09,NA,99.95454,101.7213,NA,101.5116
1984-10,NA,100.116,101.7536,NA,101.3439
1984-11,NA,100.2728,101.8172,NA,101.1623
1984-12,NA,100.2812,101.8862,NA,101.0309
1985-01,NA,100.1429,101.9199,NA,101.0127
1985-02,NA,99.99635,101.8852,NA,100.9698
1985-03,NA,99.90875,101.8145,NA,100.9484
1985-04,NA,99.8873,101.7484,NA,100.9494
1985-05,NA,99.88991,101.7157,NA,100.9505
1985-06,NA,99.90444,101.7076,NA,101.0107
1985-07,NA,100.0039,101.7107,NA,100.9395
1985-08,NA,100.1392,101.7148,NA,100.7911
1985-09,NA,100.2902,101.7102,NA,100.6403
1985-10,NA,100.4075,101.6831,NA,100.5424
1985-11,NA,100.4731,101.6204,NA,100.6484
1985-12,NA,100.5957,101.5369,NA,100.8667
1986-01,NA,100.8094,101.4465,NA,101.0517
1986-02,NA,101.0094,101.3541,NA,101.1399
1986-03,NA,101.1428,101.2547,NA,101.1649
1986-04,NA,101.2394,101.1348,NA,101.2052
1986-05,NA,101.3177,100.9796,NA,101.2643
1986-06,NA,101.4415,100.8018,NA,101.3604
1986-07,NA,101.5651,100.6143,NA,101.3022
1986-08,NA,101.6791,100.4245,NA,101.1235
1986-09,NA,101.7058,100.2396,NA,100.9529
1986-10,NA,101.6942,100.0731,NA,100.8619
1986-11,NA,101.6575,99.94662,NA,100.6814
1986-12,NA,101.6044,99.87412,NA,100.53
1987-01,NA,101.4796,99.89655,NA,100.4979
1987-02,NA,101.294,100.0631,NA,100.528
1987-03,NA,101.1913,100.3171,NA,100.6005
1987-04,NA,101.133,100.6041,NA,100.6798
1987-05,NA,101.0781,100.8921,NA,100.7125
1987-06,NA,100.9836,101.1585,NA,100.7843
1987-07,NA,100.898,101.3766,NA,100.8865
1987-08,NA,100.8821,101.5238,NA,100.8911
1987-09,NA,100.9601,101.6372,NA,100.709
1987-10,NA,100.8463,101.7584,NA,100.3673
1987-11,NA,100.561,101.9112,NA,100.097
1987-12,NA,100.3125,102.0717,NA,100.1679
1988-01,NA,100.1859,102.1989,NA,100.4269
1988-02,NA,100.1982,102.2566,NA,100.6639
1988-03,NA,100.3099,102.2692,NA,100.8245
1988-04,NA,100.4126,102.2641,NA,100.8676
1988-05,NA,100.4288,102.259,NA,100.9588
1988-06,NA,100.4216,102.267,NA,101.026
1988-07,NA,100.4435,102.3019,NA,101.093
1988-08,NA,100.601,102.3698,NA,101.2003
1988-09,NA,100.8022,102.4346,NA,101.1853
1988-10,NA,100.965,102.4411,NA,101.046
1988-11,NA,100.9889,102.3422,NA,100.9451
1988-12,NA,100.9398,102.183,NA,100.9715
1989-01,NA,100.8329,102.018,NA,101.1112
1989-02,NA,100.7782,101.8861,NA,101.0911
1989-03,NA,100.8176,101.7941,NA,100.9477
1989-04,NA,100.9222,101.7559,NA,100.7515
1989-05,NA,101.0682,101.7941,NA,100.6213
1989-06,NA,101.2669,101.8861,NA,100.5894
1989-07,NA,101.3809,102.0179,NA,100.638
1989-08,NA,101.387,102.1829,NA,100.7191
1989-09,NA,101.4169,102.342,NA,100.8709
1989-10,NA,101.4234,102.4412,NA,100.8538
1989-11,NA,101.4585,102.4355,NA,100.7298
1989-12,NA,101.5518,102.3726,NA,100.6558
1990-01,99.13312,101.5592,102.3072,NA,100.6531
1990-02,99.18236,101.4364,102.2722,NA,100.6351
1990-03,99.25598,101.327,102.2528,NA,100.704
1990-04,99.35351,101.3777,102.2217,NA,100.7564
1990-05,99.44527,101.4621,102.1582,NA,100.6267
1990-06,99.47885,101.5347,102.0796,NA,100.3415
1990-07,99.42589,101.5464,102.0127,NA,99.85973
1990-08,99.31785,101.3913,101.9817,NA,99.08674
1990-09,99.22964,101.1064,101.9833,NA,98.34413
1990-10,99.24911,100.9119,102.0177,NA,97.75062
1990-11,99.42657,100.8405,102.0871,NA,97.53986
1990-12,99.75536,100.7202,102.1612,NA,97.60393
1991-01,100.1677,100.419,102.1992,NA,97.9519
1991-02,100.5523,100.0808,102.1673,NA,98.58669
1991-03,100.7925,99.86786,102.0919,NA,99.31059
1991-04,100.8323,99.93307,102.0002,NA,99.51505
1991-05,100.6787,99.97776,101.9044,NA,99.49802
1991-06,100.3961,99.72598,101.8016,NA,99.56329
1991-07,100.0873,99.24585,101.6781,NA,99.62467
1991-08,99.82915,99.02791,101.5212,NA,99.58896
1991-09,99.66958,99.13595,101.3511,NA,99.38902
1991-10,99.6086,99.3286,101.1947,NA,98.91328
1991-11,99.61924,99.47147,101.0732,NA,98.32364
1991-12,99.67389,99.55645,100.9755,NA,97.97672
1992-01,99.76829,99.46248,100.8879,NA,97.92803
1992-02,99.9362,99.27517,100.801,NA,98.17278
1992-03,100.2243,98.8991,100.7051,NA,98.61192
1992-04,100.6629,98.55344,100.5865,NA,98.96078
1992-05,101.2203,98.45434,100.4314,NA,99.15939
1992-06,101.8149,98.64055,100.2534,NA,99.16525
1992-07,102.3466,98.8605,100.0655,NA,98.9906
1992-08,102.7608,98.88702,99.87529,NA,98.83824
1992-09,103.0361,98.66348,99.68996,NA,98.82777
1992-10,103.1862,98.27718,99.52376,NA,99.08896
1992-11,103.2618,97.7977,99.40038,NA,99.71329
1992-12,103.3043,97.43188,99.3363,NA,100.2213
1993-01,103.3395,97.25205,99.37279,NA,100.3543
1993-02,103.3698,97.21498,99.54847,NA,100.2383
1993-03,103.4083,97.20686,99.77148,NA,100.0511
1993-04,103.4832,97.36941,99.91803,NA,99.81944
1993-05,103.6339,97.45288,99.88369,NA,99.5235
1993-06,103.8705,97.42421,99.71117,NA,99.29337
1993-07,104.1277,97.40279,99.44176,NA,99.07954
1993-08,104.3048,97.49646,99.10503,NA,99.02473
1993-09,104.2861,97.51471,98.80531,NA,99.14668
1993-10,104.0059,97.33739,98.69275,NA,99.42841
1993-11,103.4678,97.24322,98.89726,NA,99.76712
1993-12,102.7471,97.22014,99.27541,NA,100.2586
1994-01,101.9752,97.23289,99.66302,NA,100.6819
1994-02,101.2623,97.41952,99.95422,NA,100.833
1994-03,100.6735,97.86664,100.1709,NA,100.8222
1994-04,100.2132,98.51917,100.3547,NA,100.7924
1994-05,99.85984,99.21486,100.5324,NA,100.7296
1994-06,99.61013,99.7831,100.7162,NA,100.6228
1994-07,99.48625,100.1006,100.9076,NA,100.5499
1994-08,99.50815,100.2554,101.0976,NA,100.5961
1994-09,99.67887,100.3446,101.2572,NA,100.6671
1994-10,99.99733,100.3779,101.331,NA,100.7617
1994-11,100.4262,100.2069,101.2602,NA,100.8766
1994-12,100.9198,99.95512,101.0915,NA,101.054
1995-01,101.446,99.78362,100.8655,NA,101.1365
1995-02,101.9429,99.71936,100.6017,NA,101.0029
1995-03,102.3471,99.82658,100.3427,NA,100.7806
1995-04,102.6162,99.94355,100.1427,NA,100.6843
1995-05,102.7064,100.0184,100.053,NA,100.6716
1995-06,102.6145,100.0695,100.047,NA,100.7992
1995-07,102.3923,100.0521,100.1104,NA,100.9172
1995-08,102.1343,99.92387,100.2472,NA,100.8831
1995-09,101.9228,99.77692,100.416,NA,100.6449
1995-10,101.8084,99.58134,100.5764,NA,100.4874
1995-11,101.8139,99.29335,100.7028,NA,100.4092
1995-12,101.9102,98.8968,100.8069,NA,100.4334
1996-01,102.0449,98.47928,100.9028,NA,100.4497
1996-02,102.1505,98.26254,100.9945,NA,100.5212
1996-03,102.1829,98.26872,101.0712,NA,100.6667
1996-04,102.154,98.26736,101.1067,NA,100.6955
1996-05,102.0997,98.23156,101.0749,NA,100.6748
1996-06,102.0393,98.22374,101.0054,NA,100.7833
1996-07,101.9954,98.27735,100.9234,NA,100.9427
1996-08,101.9497,98.38542,100.8287,NA,101.0628
1996-09,101.9226,98.42767,100.6853,NA,101.1535
1996-10,101.8791,98.35143,100.4253,NA,101.2757
1996-11,101.7223,98.2257,100.0006,NA,101.3795
1996-12,101.3015,98.10553,99.55167,NA,101.3948
1997-01,100.6041,98.04208,99.28343,NA,101.4455
1997-02,100.1067,97.97167,99.36574,NA,101.5633
1997-03,99.87895,98.04889,99.65297,NA,101.696
1997-04,99.87308,98.19686,99.96745,NA,101.8607
1997-05,100.0127,98.31899,100.178,NA,102.0467
1997-06,100.199,98.3437,100.2511,NA,102.2162
1997-07,100.344,98.41047,100.1318,NA,102.3303
1997-08,100.3927,98.57549,99.7621,NA,102.3329
1997-09,100.3508,98.76414,99.29176,NA,102.3438
1997-10,100.271,98.91415,98.89922,NA,102.3369
1997-11,100.2253,98.94118,98.71341,NA,102.3185
1997-12,100.2465,98.91625,98.65774,NA,102.2869
1998-01,100.2353,98.90392,98.63587,NA,102.4394
1998-02,99.9042,98.96787,98.5874,NA,102.6025
1998-03,99.37794,99.16403,98.50974,NA,102.6101
1998-04,98.93546,99.34174,98.4151,NA,102.5887
1998-05,98.49665,99.56412,98.31679,NA,102.4897
1998-06,98.06482,99.89177,98.23237,NA,102.3708
1998-07,97.78438,100.2568,98.19056,NA,102.2348
1998-08,97.85287,100.4434,98.22422,NA,102.0426
1998-09,98.03916,100.5898,98.32072,NA,101.8022
1998-10,98.23859,100.751,98.47974,NA,101.6662
1998-11,98.35602,100.7913,98.70814,NA,101.7596
1998-12,98.52223,100.7045,98.95245,NA,101.9024
1999-01,98.69925,100.6122,99.14474,NA,102.1417
1999-02,98.79135,100.5034,99.23258,NA,102.3497
1999-03,98.81456,100.2892,99.26108,NA,102.385
1999-04,98.87382,100.0647,99.285,NA,102.3802
1999-05,99.00122,99.91917,99.34031,NA,102.4237
1999-06,99.13139,99.87176,99.42023,NA,102.4348
1999-07,99.21658,99.92021,99.51136,NA,102.3794
1999-08,99.37382,99.97295,99.60523,NA,102.3179
1999-09,99.48775,100.051,99.69854,NA,102.3076
1999-10,99.5732,100.1776,99.79076,NA,102.287
1999-11,99.69596,100.2997,99.88223,NA,102.4048
1999-12,99.85255,100.4317,99.97341,NA,102.5682
2000-01,99.95152,100.5522,100.0648,NA,102.7975
2000-02,100.038,100.6649,100.1572,NA,102.8501
2000-03,100.1253,100.7357,100.2517,NA,102.7697
2000-04,100.2127,100.7918,100.349,NA,102.7513
2000-05,100.3018,100.8709,100.446,NA,102.7261
2000-06,100.3785,100.7906,100.5301,NA,102.6278
2000-07,100.4623,100.7831,100.5733,NA,102.5946
2000-08,100.5648,100.7079,100.54,NA,102.5599
2000-09,100.6745,100.4835,100.4352,NA,102.5103
2000-10,100.7589,100.3552,100.2461,NA,102.402
2000-11,100.8276,100.4259,99.95544,NA,102.151
2000-12,100.8829,100.5338,99.6395,NA,101.6243
2001-01,100.92,100.625,99.39271,NA,101.1023
2001-02,100.9415,100.6262,99.27806,NA,100.7208
2001-03,100.9892,100.5848,99.20808,NA,100.5561
2001-04,101.0534,100.4174,99.05951,104.7466,100.5231
2001-05,101.0944,100.1049,98.74326,104.0665,100.6458
2001-06,101.152,99.7449,98.35301,103.9679,100.7246
2001-07,101.2,99.49746,98.02427,104.4164,100.6388
2001-08,101.158,99.34834,97.86748,104.5311,100.3379
2001-09,101.0864,99.29851,97.8396,103.7566,99.90431
2001-10,101.02,99.22421,97.90089,102.6991,99.748
2001-11,100.9706,99.06173,98.04282,101.8248,99.89544
2001-12,100.9586,98.90094,98.22668,100.711,100.2522
2002-01,100.9587,98.76247,98.42466,99.30319,100.5972
2002-02,100.9805,98.68141,98.61873,98.96062,100.8039
2002-03,101.0001,98.65314,98.78559,99.36565,100.9908
2002-04,101.0066,98.59879,98.88544,99.97762,101.0435
2002-05,101.0181,98.5669,98.87802,100.5513,101.0175
2002-06,101.0398,98.57588,98.80556,100.9697,100.7673
2002-07,101.0528,98.62659,98.70883,101.3322,100.4323
2002-08,101.0618,98.55849,98.60812,101.6209,100.1562
2002-09,101.0819,98.34578,98.50854,101.7705,99.91472
2002-10,101.1298,97.83791,98.40938,101.9118,99.7324
2002-11,101.2034,97.20349,98.31214,102.0086,99.74742
2002-12,101.2687,96.86024,98.22835,101.5632,99.74489
2003-01,101.2556,96.83781,98.18531,100.6878,99.56658
2003-02,100.9581,96.90913,98.21851,99.82146,99.40844
2003-03,100.1162,97.09446,98.32317,99.34288,99.49152
2003-04,98.74847,97.35889,98.51254,99.71208,99.92521
2003-05,97.92435,97.65822,98.80464,100.1993,100.3528
2003-06,98.04827,97.98276,99.12433,100.5861,100.5088
2003-07,98.64407,98.21215,99.37693,100.7309,100.5111
2003-08,99.23598,98.21465,99.49426,100.6623,100.4217
2003-09,99.65377,98.17648,99.54778,100.4648,100.3863
2003-10,99.96059,98.1947,99.63123,100.3035,100.5345
2003-11,100.1738,98.2384,99.80714,100.045,100.8266
2003-12,100.3391,98.16888,100.0234,99.74935,101.1296
2004-01,100.4218,98.11995,100.2116,99.69376,101.4088
2004-02,100.4181,98.20124,100.345,99.74971,101.2953
2004-03,100.3073,98.20047,100.5249,99.78799,101.1275
2004-04,99.98649,98.15715,100.8467,100.0135,100.9565
2004-05,99.45023,98.13216,101.1386,100.2348,100.8781
2004-06,98.97292,98.15472,101.297,100.2292,101.016
2004-07,98.81346,98.17038,101.599,99.95425,101.1274
2004-08,98.82627,98.23031,101.7206,99.77866,101.1027
2004-09,98.96726,98.30231,101.6416,99.86094,100.9838
2004-10,99.17705,98.28792,101.634,100.0337,100.8946
2004-11,99.41322,98.31643,101.5455,100.4256,100.9588
2004-12,99.61382,98.47036,101.3827,101.0347,101.0945
2005-01,99.77305,98.67983,101.4004,101.6828,101.0798
2005-02,99.91387,98.74206,101.3582,102.0687,100.9242
2005-03,100.0328,98.70908,101.2443,101.7478,100.6948
2005-04,100.0975,98.67145,101.3172,101.1326,100.5064
2005-05,100.1014,98.65633,101.3971,100.6435,100.5743
2005-06,100.103,98.62661,101.4508,100.5277,100.8245
2005-07,100.0827,98.63084,101.567,100.5532,100.7309
2005-08,100.0461,98.73669,101.5733,100.7039,100.1398
2005-09,99.97426,98.87253,101.4961,101.2625,99.42123
2005-10,99.89513,99.02987,101.6091,101.9302,99.18803
2005-11,99.88628,99.20458,101.7424,102.4602,99.57449
2005-12,99.94596,99.48999,101.8557,102.8419,100.1511
2006-01,99.96734,99.82513,102.0413,103.1437,100.4114
2006-02,99.92137,99.97905,102.0826,103.4217,100.3627
2006-03,99.90476,100.0441,101.9809,103.5949,100.2314
2006-04,99.87405,100.1278,101.9419,103.5744,99.9799
2006-05,99.87009,100.2109,101.8193,103.472,99.69805
2006-06,99.91025,100.1408,101.647,103.4698,99.6773
2006-07,99.99224,99.99126,101.5976,103.601,99.71344
2006-08,100.1581,99.84378,101.5237,103.7123,99.81165
2006-09,100.3772,99.72507,101.5008,103.7997,100.1267
2006-10,100.5404,99.65824,101.6546,103.755,100.5464
2006-11,100.6769,99.74297,101.7722,103.4211,100.7773
2006-12,100.7567,99.93334,101.7794,102.9537,100.8926
2007-01,100.6929,100.1651,101.8425,102.4586,100.9246
2007-02,100.5802,100.4734,101.785,102.2734,100.7017
2007-03,100.5372,100.7997,101.573,102.3321,100.4301
2007-04,100.6596,101.146,101.373,102.4885,100.2562
2007-05,100.8279,101.4023,101.1328,102.5911,100.1959
2007-06,100.9586,101.4244,100.8639,102.5458,100.1552
2007-07,100.9821,101.24,100.6895,102.4696,100.1321
2007-08,100.9819,100.8915,100.5649,102.3839,99.90313
2007-09,100.9214,100.5628,100.3971,102.1226,99.64821
2007-10,100.832,100.3111,100.1146,101.8611,99.35393
2007-11,100.7549,100.0876,99.7254,101.7039,99.06834
2007-12,100.6787,99.98911,99.38004,101.6662,98.90031
2008-01,100.4568,99.94224,99.10252,101.5753,98.7388
2008-02,100.2025,99.89789,98.83392,101.3381,98.3501
2008-03,100.0603,99.87837,98.5179,100.8866,97.88147
2008-04,99.98918,99.80974,98.09501,100.1146,97.35324
2008-05,99.99453,99.54131,97.65415,99.23398,96.97398
2008-06,100.0125,99.1455,97.27945,98.37957,96.85471
2008-07,100.0014,98.74313,96.99734,97.72769,97.05781
2008-08,99.87556,98.51394,96.82215,97.35865,97.31511
2008-09,99.62703,98.40533,96.73645,97.01948,97.39115
2008-10,99.18121,98.2075,96.56456,96.67541,97.03825
2008-11,98.53453,97.98951,96.35992,96.43841,96.78165
2008-12,97.88151,97.7192,96.1656,96.03597,96.77419
2009-01,97.47132,97.55822,96.10918,95.63416,96.78139
2009-02,97.26295,97.458,96.26792,95.3342,96.75536
2009-03,97.17544,97.4171,96.69774,95.24155,96.95727
2009-04,97.20728,97.54289,97.32938,95.36444,97.40534
2009-05,97.31594,97.78419,98.00482,95.45236,97.79088
2009-06,97.44548,98.15228,98.58633,95.73102,97.9505
2009-07,97.62576,98.65294,99.04897,95.96648,97.90529
2009-08,97.78345,99.16891,99.33803,95.7597,97.94897
2009-09,97.88855,99.5564,99.48235,95.49624,98.12679
2009-10,97.97471,99.72635,99.52472,95.30757,98.15643
2009-11,98.06397,99.68086,99.48728,95.33681,98.17046
2009-12,98.19931,99.6129,99.4389,95.45196,98.34456
2010-01,98.3851,99.50869,99.53255,95.67602,98.50594
2010-02,98.62999,99.54321,99.69716,95.86894,98.56094
2010-03,98.99863,99.74127,99.87308,96.08504,98.55785
2010-04,99.21832,99.943,100.0121,96.39305,98.53747
2010-05,99.4092,99.97183,100.0934,96.80959,98.5362
2010-06,99.47843,100.2034,100.122,97.17208,98.44131
2010-07,99.34513,100.7084,100.0745,97.42652,98.15734
2010-08,99.01961,101.194,99.95293,97.77641,97.98415
2010-09,98.52876,101.5399,99.83229,98.23209,97.93344
2010-10,98.09314,101.7359,99.8175,98.54099,98.03171
2010-11,97.66752,101.864,99.88973,98.65001,98.2884
2010-12,97.28735,101.8632,99.9487,98.68513,98.53863
2011-01,97.22717,101.807,99.87749,98.75613,98.64664
2011-02,97.63832,101.73,99.53854,98.83368,98.59771
2011-03,98.46063,101.6071,98.8996,98.71883,98.35471
2011-04,98.92222,101.508,98.23563,98.52103,98.29645
2011-05,99.09289,101.4694,98.02712,98.54326,98.28078
2011-06,99.1256,101.4593,98.17024,98.77618,97.97429
2011-07,98.84822,101.2999,98.45969,98.94385,97.39881
2011-08,98.41431,100.9668,98.71988,98.88818,96.90761
2011-09,97.8283,100.7097,98.95431,98.76528,96.84059
2011-10,97.21446,100.519,99.11284,98.70132,97.07169
2011-11,96.91508,100.4978,99.21387,98.65965,97.51232
2011-12,97.244,100.6099,99.32293,98.72234,98.05737
2012-01,97.76431,100.7011,99.42422,99.08605,98.52203
2012-02,97.97783,100.7334,99.47612,99.43381,98.78108
2012-03,97.82558,100.7523,99.50196,99.67027,98.90592
2012-04,97.801,100.7766,99.51063,99.91816,98.9409
2012-05,97.61729,100.761,99.52559,99.97726,98.88471
2012-06,97.12295,100.6868,99.52143,99.95424,98.67893
2012-07,96.8418,100.5009,99.51852,100.0379,98.60642
2012-08,97.01225,100.2858,99.53238,100.0116,98.7774
2012-09,97.54169,100.1378,99.52172,99.88775,99.09575
2012-10,98.19244,100.1122,99.51171,100.0298,99.32405
2012-11,98.46807,100.1785,99.5772,100.2742,99.2371
2012-12,98.53662,100.2844,99.79792,100.6042,98.90096
2013-01,98.65796,100.4442,100.2204,100.7146,98.77173
2013-02,98.6995,100.5747,100.5822,100.4943,98.87539
2013-03,98.25244,100.6435,100.7952,100.1896,99.0433
2013-04,97.68898,100.6739,100.8573,99.88223,99.25684
2013-05,96.9464,100.6947,100.8046,99.61881,99.59744
2013-06,96.41714,100.7296,100.6491,99.50502,99.77354
2013-07,96.29563,100.776,100.541,99.73144,99.73559
2013-08,96.51363,100.8282,100.5128,99.79295,99.45281
2013-09,96.92109,100.9273,100.5329,99.42467,99.06912
2013-10,97.24637,101.0508,100.3412,98.84179,98.83192
2013-11,97.28269,101.207,100.17,98.17917,98.93309
2013-12,97.48353,101.3684,99.89319,97.5995,99.2389
2014-01,97.73832,101.5086,99.52683,97.21568,99.41298
2014-02,98.1814,101.5757,99.14915,97.39339,99.48357
2014-03,98.58082,101.5836,98.91042,97.80631,99.51604
2014-04,98.48918,101.6021,98.94425,98.10399,99.58958
2014-05,98.26971,101.6337,99.22243,98.17811,99.57587
2014-06,98.26732,101.6145,99.54842,98.08997,99.54927
2014-07,98.28555,101.4982,99.74549,98.01619,99.54102
2014-08,98.30179,101.2749,99.71483,98.1621,99.63661
2014-09,98.3599,101.1073,99.54008,98.44781,99.84245
2014-10,98.37581,101.0717,99.32611,98.65614,100.1318
2014-11,98.55456,101.1139,99.18166,98.81846,100.4869
2014-12,98.78045,101.2584,99.21389,98.80265,100.8805
2015-01,99.06192,101.4502,99.37118,98.76127,101.1458
2015-02,99.39477,101.6228,99.63023,98.82225,101.1481
2015-03,99.45097,101.7563,99.83888,98.84186,101.0512
2015-04,99.46338,101.8013,99.95069,98.68785,100.9962
2015-05,99.36781,101.7576,99.95349,98.58695,100.9156
2015-06,98.93899,101.6479,99.92213,98.55311,100.9297
2015-07,98.56924,101.5044,99.87859,98.36629,100.8146
2015-08,98.40251,101.3238,99.87807,98.23746,100.6244
2015-09,98.38926,101.0956,99.88813,98.28867,100.4531
2015-10,98.31071,100.9248,99.98105,98.45679,100.4824
2015-11,98.26721,100.9133,100.077,98.57359,100.5993
2015-12,98.2223,101.022,100.0705,98.55928,100.6968
2016-01,98.13519,101.0833,99.95406,98.46149,100.7099
2016-02,97.88701,101.0959,99.79693,98.24208,100.6724
2016-03,97.45692,101.1256,99.77955,98.02229,100.6324
2016-04,97.28914,101.2156,99.80197,97.90754,100.6546
2016-05,97.41628,101.2987,99.85783,97.91721,100.7774
2016-06,97.92419,101.358,99.9571,97.81784,100.7553
2016-07,98.46839,101.344,100.0427,97.35762,100.6081
2016-08,98.68681,101.3073,100.1384,96.87939,100.5017
2016-09,98.81373,101.2783,100.1802,96.5003,100.4825
2016-10,99.10506,101.3039,100.1138,96.22059,100.5597
2016-11,99.41443,101.3798,100.0435,95.72126,100.8901
2016-12,99.67391,101.4445,100.1352,94.83599,101.2287
2017-01,100.0005,101.4379,100.247,93.74681,101.3774
2017-02,100.3772,101.3913,100.3589,94.08529,101.3651
2017-03,100.564,101.4719,100.4612,95.09477,101.3344
2017-04,100.7309,101.6447,100.4972,95.99957,101.2947
2017-05,100.796,101.8226,100.5079,96.58136,101.2232
2017-06,100.9712,101.9444,100.5137,96.92307,101.117
2017-07,101.2813,101.9505,100.5585,97.22009,101.0759
2017-08,101.7752,101.8737,100.5943,97.46685,101.1726
2017-09,102.6014,101.8328,100.6559,97.607,101.2938
2017-10,103.366,101.8589,100.7149,97.51481,101.444
2017-11,103.6428,101.8976,100.7285,97.25111,101.4239
2017-12,103.7825,101.9566,100.7173,96.76552,101.341
2018-01,103.8639,102.0283,100.6967,96.24482,101.3704
2018-02,103.9402,102.0309,100.661,96.01934,101.5304
2018-03,103.8686,101.9677,100.6313,96.132,101.6297
2018-04,103.7388,101.8862,100.6086,96.64996,101.5798
2018-05,103.4394,101.8063,100.6042,97.56505,101.4954
2018-06,102.9666,101.7246,100.5791,98.99916,101.4385
2018-07,102.7229,101.6371,100.5593,100.8983,101.4076
2018-08,102.5946,101.6201,100.5227,101.876,101.4186
2018-09,102.6408,101.61,100.4471,102.0479,101.5004
2018-10,102.9249,101.574,100.3462,102.0349,101.4829
2018-11,103.4087,101.5402,100.2363,102.3158,101.3758
2018-12,103.8466,101.5171,100.1263,103.3324,101.2087
2019-01,104.1928,101.5281,99.99158,104.5344,101.0086
2019-02,104.4308,101.5379,99.85592,105.3857,101.0617
2019-03,104.4346,101.5378,99.70699,105.1816,101.2753
2019-04,104.414,101.4784,99.57708,104.3679,101.4319
2019-05,104.3469,101.3466,99.39038,103.4801,101.518
2019-06,104.3555,101.1674,99.14771,102.8896,101.4261
2019-07,104.21,101.0195,98.92116,102.8007,101.199
2019-08,104.0617,100.9263,98.71285,103.1493,100.9089
2019-09,104.1436,100.926,98.5717,103.5128,100.9089
2019-10,104.3246,100.9342,98.69202,103.4256,101.1076
2019-11,104.5321,101.0331,99.00607,103.2628,101.3708
2019-12,104.6309,101.039,99.20092,103.1183,101.5939
2020-01,104.3044,100.9433,99.03524,102.9148,101.5923
2020-02,103.5501,100.5596,98.28162,101.9721,101.1731
2020-03,102.9462,99.7545,96.91967,99.62402,100.1957
2020-04,102.1792,98.96581,95.69762,96.20538,99.1326
2020-05,101.6275,98.87122,95.46452,94.24935,98.64291
2020-06,101.4059,99.26958,95.89613,94.09119,98.59415
2020-07,101.7392,99.67643,96.44128,95.10391,98.61108
2020-08,102.2336,99.96597,96.90505,96.30285,98.80872
2020-09,102.9094,100.022,97.31514,97.32633,99.11467
2020-10,103.4688,99.85304,97.5129,98.02132,99.26032
2020-11,103.8379,99.63251,97.48392,98.341,99.21812
2020-12,103.9638,99.48247,97.32478,98.69307,99.22112
2021-01,104.1281,99.38581,97.3269,99.10799,99.22708
2021-02,104.2575,99.5483,97.69685,99.67905,99.36378
2021-03,103.9664,99.85944,98.06046,100.5642,99.7225
2021-04,103.6758,100.1923,98.21745,101.4903,99.96178
2021-05,103.4779,100.7283,98.32652,102.2117,99.90427
2021-06,103.2198,101.2003,98.55623,102.7542,99.69872
2021-07,102.7898,101.3394,98.72916,102.9281,99.24027
2021-08,102.6728,101.3272,98.83272,102.8683,98.68285
2021-09,102.8953,101.33,98.98345,103.0604,98.39021
2021-10,103.0534,101.1442,99.15882,103.4395,98.20741
2021-11,103.189,100.8296,99.21112,103.7602,98.0484
2021-12,103.3347,100.5483,99.04861,103.4331,97.94905
2022-01,103.1706,100.321,98.66561,102.9315,97.71878
2022-02,101.9672,99.82602,98.19518,102.7304,97.41753
2022-03,99.25504,98.99306,97.74359,102.8061,97.18479
2022-04,95.73044,98.30544,97.50417,102.8779,97.02187
2022-05,93.80015,97.87979,97.38597,102.6527,96.62337
2022-06,93.23615,97.46019,97.22582,102.0363,96.22447
2022-07,93.13558,96.95935,97.09846,101.3139,96.19712
2022-08,93.10848,96.57001,97.09272,100.9107,96.45789
2022-09,93.08126,96.24467,96.99999,100.915,96.67233
2022-10,93.05663,96.29682,96.89599,101.2099,96.78461
2022-11,93.20015,96.70527,96.84948,101.7145,96.85036
2022-12,93.74612,97.27384,96.94398,102.3872,97.06593
2023-01,94.46795,97.83946,97.10484,103.065,97.34864
2023-02,94.96375,98.30084,97.36131,103.4439,97.46345
2023-03,94.79571,98.59228,97.76801,103.5088,97.35368
2023-04,94.03364,98.87731,98.14841,103.5368,97.26221
2023-05,93.48249,99.00686,98.40136,103.7788,97.26314
2023-06,93.12801,98.98552,98.53207,104.2215,97.5538
2023-07,93.01456,98.88059,98.56378,104.7125,97.89932
2023-08,93.06505,98.70851,98.46188,105.0363,97.95548
2023-09,93.1944,98.57835,98.34909,105.142,97.78446
2023-10,93.28872,98.53635,98.36047,105.147,97.5509
2023-11,93.2839,98.58052,98.48191,105.2709,97.51597
2023-12,NA,98.76042,98.67594,105.3242,97.78719
