date,US_EPU_Index,Industrial_Production,Yield_Spread_10Y_2Y,Consumer_Inflation,Unemployment_Rate,Real_Net_Exports,Trade_Balance,Recession_Indicator,Real_GDP,Real_GDP_Per_Capita,Federal_Funds_Rate,Consumer_Sentiment
1919-01-01,,4.8654,,,,,,,,,,
1919-02-01,,4.6504,,,,,,,,,,
1919-03-01,,4.516,,,,,,,,,,
1919-04-01,,4.5966,,,,,,,,,,
1919-05-01,,4.6235,,,,,,,,,,
1919-06-01,,4.9192,,,,,,,,,,
1919-07-01,,5.2149,,,,,,,,,,
1919-08-01,,5.2955,,,,,,,,,,
1919-09-01,,5.188,,,,,,,,,,
1919-10-01,,5.1342,,,,,,,,,,
1919-11-01,,5.0536,,,,,,,,,,
1919-12-01,,5.1342,,,,,,,,,,
1920-01-01,,5.6181,,,,,,,,,,
1920-02-01,,5.6181,,,,,,,,,,
1920-03-01,,5.5106,,,,,,,,,,
1920-04-01,,5.2149,,,,,,,,,,
1920-05-01,,5.3493,,,,,,,,,,
1920-06-01,,5.403,,,,,,,,,,
1920-07-01,,5.2686,,,,,,,,,,
1920-08-01,,5.2955,,,,,,,,,,
1920-09-01,,5.1073,,,,,,,,,,
1920-10-01,,4.8923,,,,,,,,,,
1920-11-01,,4.4891,,,,,,,,,,
1920-12-01,,4.2203,,,,,,,,,,
1921-01-01,,3.9784,,,,,,,,,,
1921-02-01,,3.8977,,,,,,,,,,
1921-03-01,,3.7902,,,,,,,,,,
1921-04-01,,3.7902,,,,,,,,,,
1921-05-01,,3.8977,,,,,,,,,,
1921-06-01,,3.8708,,,,,,,,,,
1921-07-01,,3.8439,,,,,,,,,,
1921-08-01,,3.9784,,,,,,,,,,
1921-09-01,,4.0052,,,,,,,,,,
1921-10-01,,4.2472,,,,,,,,,,
1921-11-01,,4.1934,,,,,,,,,,
1921-12-01,,4.1665,,,,,,,,,,
1922-01-01,,4.3278,,,,,,,,,,
1922-02-01,,4.516,,,,,,,,,,
1922-03-01,,4.7579,,,,,,,,,,
1922-04-01,,4.5966,,,,,,,,,,
1922-05-01,,4.8385,,,,,,,,,,
1922-06-01,,5.0805,,,,,,,,,,
1922-07-01,,5.0805,,,,,,,,,,
1922-08-01,,4.9729,,,,,,,,,,
1922-09-01,,5.2417,,,,,,,,,,
1922-10-01,,5.5374,,,,,,,,,,
1922-11-01,,5.7794,,,,,,,,,,
1922-12-01,,5.9406,,,,,,,,,,
1923-01-01,,5.8062,,,,,,,,,,
1923-02-01,,5.8869,,,,,,,,,,
1923-03-01,,6.0751,,,,,,,,,,
1923-04-01,,6.2095,,,,,,,,,,
1923-05-01,,6.2901,,,,,,,,,,
1923-06-01,,6.2363,,,,,,,,,,
1923-07-01,,6.1826,,,,,,,,,,
1923-08-01,,6.0751,,,,,,,,,,
1923-09-01,,5.9406,,,,,,,,,,
1923-10-01,,5.9138,,,,,,,,,,
1923-11-01,,5.9138,,,,,,,,,,
1923-12-01,,5.7794,,,,,,,,,,
1924-01-01,,5.9138,,,,,,,,,,
1924-02-01,,6.0213,,,,,,,,,,
1924-03-01,,5.9138,,,,,,,,,,
1924-04-01,,5.7256,,,,,,,,,,
1924-05-01,,5.4837,,,,,,,,,,
1924-06-01,,5.2417,,,,,,,,,,
1924-07-01,,5.1611,,,,,,,,,,
1924-08-01,,5.3493,,,,,,,,,,
1924-09-01,,5.5374,,,,,,,,,,
1924-10-01,,5.6718,,,,,,,,,,
1924-11-01,,5.7794,,,,,,,,,,
1924-12-01,,5.9406,,,,,,,,,,
1925-01-01,,6.1288,,,,,,,,,,
1925-02-01,,6.1288,,,,,,,,,,
1925-03-01,,6.1288,,,,,,,,,,
1925-04-01,,6.1826,,,,,,,,,,
1925-05-01,,6.1557,,,,,,,,,,
1925-06-01,,6.1019,,,,,,,,,,
1925-07-01,,6.2632,,,,,,,,,,
1925-08-01,,6.1557,,,,,,,,,,
1925-09-01,,6.0751,,,,,,,,,,
1925-10-01,,6.317,,,,,,,,,,
1925-11-01,,6.4514,,,,,,,,,,
1925-12-01,,6.532,,,,,,,,,,
1926-01-01,,6.4245,,,,,,,,,,
1926-02-01,,6.4245,,,,,,,,,,
1926-03-01,,6.5051,,,,,,,,,,
1926-04-01,,6.5051,,,,,,,,,,
1926-05-01,,6.4514,,,,,,,,,,
1926-06-01,,6.532,,,,,,,,,,
1926-07-01,,6.5589,,,,,,,,,,
1926-08-01,,6.6396,,,,,,,,,,
1926-09-01,,6.7471,,,,,,,,,,
1926-10-01,,6.7471,,,,,,,,,,
1926-11-01,,6.7202,,,,,,,,,,
1926-12-01,,6.6933,,,,,,,,,,
1927-01-01,,6.6664,,,,,,,,,,
1927-02-01,,6.7202,,,,,,,,,,
1927-03-01,,6.8008,,,,,,,,,,
1927-04-01,,6.6396,,,,,,,,,,
1927-05-01,,6.6933,,,,,,,,,,
1927-06-01,,6.6664,,,,,,,,,,
1927-07-01,,6.5858,,,,,,,,,,
1927-08-01,,6.5858,,,,,,,,,,
1927-09-01,,6.4783,,,,,,,,,,
1927-10-01,,6.3439,,,,,,,,,,
1927-11-01,,6.3439,,,,,,,,,,
1927-12-01,,6.3707,,,,,,,,,,
1928-01-01,,6.5051,,,,,,,,,,
1928-02-01,,6.5589,,,,,,,,,,
1928-03-01,,6.6127,,,,,,,,,,
1928-04-01,,6.5858,,,,,,,,,,
1928-05-01,,6.6664,,,,,,,,,,
1928-06-01,,6.7202,,,,,,,,,,
1928-07-01,,6.8008,,,,,,,,,,
1928-08-01,,6.9352,,,,,,,,,,
1928-09-01,,6.989,,,,,,,,,,
1928-10-01,,7.1234,,,,,,,,,,
1928-11-01,,7.2578,,,,,,,,,,
1928-12-01,,7.3922,,,,,,,,,,
1929-01-01,,7.4997,,,,,,,,,,
1929-02-01,,7.4728,,,,,,,,,,
1929-03-01,,7.4997,,,,,,,,,,
1929-04-01,,7.6341,,,,,,,,,,
1929-05-01,,7.7685,,,,,,,,,,
1929-06-01,,7.8223,,,,,,,,,,
1929-07-01,,7.9298,,,,,,,,,,
1929-08-01,,7.8492,,,,,,,,,,
1929-09-01,,7.7954,,,,,,,,,,
1929-10-01,,7.661,,,,,,,,,,
1929-11-01,,7.2847,,,,,,,,,,
1929-12-01,,6.9621,,,,,,,,,,
1930-01-01,,6.9621,,,,,,,,,,
1930-02-01,,6.9352,,,,,,,,,,
1930-03-01,,6.8277,,,,,,,,,,
1930-04-01,,6.774,,,,,,,,,,
1930-05-01,,6.6664,,,,,,,,,,
1930-06-01,,6.4783,,,,,,,,,,
1930-07-01,,6.1826,,,,,,,,,,
1930-08-01,,6.0482,,,,,,,,,,
1930-09-01,,5.9406,,,,,,,,,,
1930-10-01,,5.7794,,,,,,,,,,
1930-11-01,,5.645,,,,,,,,,,
1930-12-01,,5.5106,,,,,,,,,,
1931-01-01,,5.4837,,,,,,,,,,
1931-02-01,,5.5106,,,,,,,,,,
1931-03-01,,5.6181,,,,,,,,,,
1931-04-01,,5.645,,,,,,,,,,
1931-05-01,,5.5643,,,,,,,,,,
1931-06-01,,5.4299,,,,,,,,,,
1931-07-01,,5.3493,,,,,,,,,,
1931-08-01,,5.1611,,,,,,,,,,
1931-09-01,,4.9192,,,,,,,,,,
1931-10-01,,4.731,,,,,,,,,,
1931-11-01,,4.6772,,,,,,,,,,
1931-12-01,,4.6504,,,,,,,,,,
1932-01-01,,4.516,,,,,,,,,,
1932-02-01,,4.4084,,,,,,,,,,
1932-03-01,,4.3547,,,,,,,,,,
1932-04-01,,4.059,,,,,,,,,,
1932-05-01,,3.9246,,,,,,,,,,
1932-06-01,,3.7902,,,,,,,,,,
1932-07-01,,3.6827,,,,,,,,,,
1932-08-01,,3.7902,,,,,,,,,,
1932-09-01,,4.0321,,,,,,,,,,
1932-10-01,,4.1665,,,,,,,,,,
1932-11-01,,4.1665,,,,,,,,,,
1932-12-01,,4.0859,,,,,,,,,,
1933-01-01,,4.0052,,,,,,,,,,
1933-02-01,,4.0321,,,,,,,,,,
1933-03-01,,3.7902,,,,,,,,,,
1933-04-01,,4.059,,,,,,,,,,
1933-05-01,,4.731,,,,,,,,,,
1933-06-01,,5.4568,,,,,,,,,,
1933-07-01,,5.9675,,,,,,,,,,
1933-08-01,,5.7256,,,,,,,,,,
1933-09-01,,5.403,,,,,,,,,,
1933-10-01,,5.1342,,,,,,,,,,
1933-11-01,,4.8385,,,,,,,,,,
1933-12-01,,4.8654,,,,,,,,,,
1934-01-01,,5.0267,,,,,,,,,,
1934-02-01,,5.2686,,,,,,,,,,
1934-03-01,,5.5106,,,,,,,,,,
1934-04-01,,5.5106,,,,,,,,,,
1934-05-01,,5.6181,,,,,,,,,,
1934-06-01,,5.5106,,,,,,,,,,
1934-07-01,,5.1342,,,,,,,,,,
1934-08-01,,5.0805,,,,,,,,,,
1934-09-01,,4.7848,,,,,,,,,,
1934-10-01,,4.9998,,,,,,,,,,
1934-11-01,,5.0536,,,,,,,,,,
1934-12-01,,5.3761,,,,,,,,,,
1935-01-01,,5.8062,,,,,,,,,,
1935-02-01,,5.9138,,,,,,,,,,
1935-03-01,,5.8869,,,,,,,,,,
1935-04-01,,5.7794,,,,,,,,,,
1935-05-01,,5.7794,,,,,,,,,,
1935-06-01,,5.86,,,,,,,,,,
1935-07-01,,5.86,,,,,,,,,,
1935-08-01,,6.075,,,,,,,,,,
1935-09-01,,6.2363,,,,,,,,,,
1935-10-01,,6.4245,,,,,,,,,,
1935-11-01,,6.5589,,,,,,,,,,
1935-12-01,,6.6395,,,,,,,,,,
1936-01-01,,6.532,,,,,,,,,,
1936-02-01,,6.3707,,,,,,,,,,
1936-03-01,,6.4514,,,,,,,,,,
1936-04-01,,6.8546,,,,,,,,,,
1936-05-01,,6.989,,,,,,,,,,
1936-06-01,,7.1234,,,,,,,,,,
1936-07-01,,7.2578,,,,,,,,,,
1936-08-01,,7.3653,,,,,,,,,,
1936-09-01,,7.4997,,,,,,,,,,
1936-10-01,,7.6073,,,,,,,,,,
1936-11-01,,7.8223,,,,,,,,,,
1936-12-01,,8.0642,,,,,,,,,,
1937-01-01,,8.0373,,,,,,,,,,
1937-02-01,,8.1449,,,,,,,,,,
1937-03-01,,8.333,,,,,,,,,,
1937-04-01,,8.333,,,,,,,,,,
1937-05-01,,8.3599,,,,,,,,,,
1937-06-01,,8.2524,,,,,,,,,,
1937-07-01,,8.3062,,,,,,,,,,
1937-08-01,,8.2524,,,,,,,,,,
1937-09-01,,7.9836,,,,,,,,,,
1937-10-01,,7.3922,,,,,,,,,,
1937-11-01,,6.6664,,,,,,,,,,
1937-12-01,,6.075,,,,,,,,,,
1938-01-01,,5.9406,,,,,,,,,,
1938-02-01,,5.8869,,,,,,,,,,
1938-03-01,,5.8869,,,,,,,,,,
1938-04-01,,5.7794,,,,,,,,,,
1938-05-01,,5.645,,,,,,,,,,
1938-06-01,,5.6987,,,,,,,,,,
1938-07-01,,6.0213,,,,,,,,,,
1938-08-01,,6.3439,,,,,,,,,,
1938-09-01,,6.532,,,,,,,,,,
1938-10-01,,6.6933,,,,,,,,,,
1938-11-01,,6.9621,,,,,,,,,,
1938-12-01,,7.0428,,,,,,,,,,
1939-01-01,,7.0428,,,,,,,,,,
1939-02-01,,7.0965,,,,,,,,,,
1939-03-01,,7.1234,,,,,,,,,,
1939-04-01,,7.0965,,,,,,,,,,
1939-05-01,,7.0696,,,,,,,,,,
1939-06-01,,7.2309,,,,,,,,,,
1939-07-01,,7.446,,,,,,,,,,
1939-08-01,,7.5535,,,,,,,,,,
1939-09-01,,8.0105,,,,,,,,,,
1939-10-01,,8.4137,,,,,,,,,,
1939-11-01,,8.6287,,,,,,,,,,
1939-12-01,,8.6287,,,,,,,,,,
1940-01-01,,8.5212,,,,,,,,,,
1940-02-01,,8.2524,,,,,,,,,,
1940-03-01,,8.0642,,,,,,,,,,
1940-04-01,,8.2255,,,,,,,,,,
1940-05-01,,8.4674,,,,,,,,,,
1940-06-01,,8.7362,,,,,,,,,,
1940-07-01,,8.8438,,,,,,,,,,
1940-08-01,,8.8975,,,,,,,,,,
1940-09-01,,9.0857,,,,,,,,,,
1940-10-01,,9.2201,,,,,,,,,,
1940-11-01,,9.4351,,,,,,,,,,
1940-12-01,,9.7577,,,,,,,,,,
1941-01-01,,9.9996,,,,,,,,,,
1941-02-01,,10.2953,,,,,,,,,,
1941-03-01,,10.6179,,,,,,,,,,
1941-04-01,,10.6448,,,,,,,,,,
1941-05-01,,11.1286,,,,,,,,,,
1941-06-01,,11.2093,,,,,,,,,,
1941-07-01,,11.3437,,,,,,,,,,
1941-08-01,,11.4781,,,,,,,,,,
1941-09-01,,11.4781,,,,,,,,,,
1941-10-01,,11.5856,,,,,,,,,,
1941-11-01,,11.6394,,,,,,,,,,
1941-12-01,,11.8275,,,,,,,,,,
1942-01-01,,12.0695,,,,,,,,,,
1942-02-01,,12.2845,,,,,,,,,,
1942-03-01,,12.4189,,,,,,,,,,
1942-04-01,,12.0695,,,,,,,,,,
1942-05-01,,12.0963,,,,,,,,,,
1942-06-01,,12.1232,,,,,,,,,,
1942-07-01,,12.4189,,,,,,,,,,
1942-08-01,,12.7952,,,,,,,,,,
1942-09-01,,13.0909,,,,,,,,,,
1942-10-01,,13.521,,,,,,,,,,
1942-11-01,,13.8436,,,,,,,,,,
1942-12-01,,14.1662,,,,,,,,,,
1943-01-01,,14.3006,,,,,,,,,,
1943-02-01,,14.6769,,,,,,,,,,
1943-03-01,,14.7844,,,,,,,,,,
1943-04-01,,14.9726,,,,,,,,,,
1943-05-01,,15.0801,,,,,,,,,,
1943-06-01,,14.9995,,,,,,,,,,
1943-07-01,,15.4564,,,,,,,,,,
1943-08-01,,15.779,,,,,,,,,,
1943-09-01,,16.1822,,,,,,,,,,
1943-10-01,,16.4241,,,,,,,,,,
1943-11-01,,16.6392,,,,,,,,,,
1943-12-01,,16.4241,,,,,,,,,,
1944-01-01,,16.6123,,,,,,,,,,
1944-02-01,,16.7467,,,,,,,,,,
1944-03-01,,16.7198,,,,,,,,,,
1944-04-01,,16.7198,,,,,,,,,,
1944-05-01,,16.6123,,,,,,,,,,
1944-06-01,,16.5585,,,,,,,,,,
1944-07-01,,16.5317,,,,,,,,,,
1944-08-01,,16.7467,,,,,,,,,,
1944-09-01,,16.6392,,,,,,,,,,
1944-10-01,,16.693,,,,,,,,,,
1944-11-01,,16.5585,,,,,,,,,,
1944-12-01,,16.5048,,,,,,,,,,
1945-01-01,,16.3435,,,,,,,,,,
1945-02-01,,16.2897,,,,,,,,,,
1945-03-01,,16.1822,,,,,,,,,,
1945-04-01,,15.8865,,,,,,,,,,
1945-05-01,,15.4564,,,,,,,,,,
1945-06-01,,15.107,,,,,,,,,,
1945-07-01,,14.7576,,,,,,,,,,
1945-08-01,,13.2253,,,,,,,,,,
1945-09-01,,12.0426,,,,,,,,,,
1945-10-01,,11.5587,,,,,,,,,,
1945-11-01,,11.9888,,,,,,,,,,
1945-12-01,,12.0426,,,,,,,,,,
1946-01-01,,11.3706,,,,,,,,,,
1946-02-01,,10.8061,,,,,,,,,,
1946-03-01,,11.9351,,,,,,,,,,
1946-04-01,,11.72,,,,,,,,,,
1946-05-01,,11.2899,,,,,,,,,,
1946-06-01,,11.9888,,,,,,,,,,
1946-07-01,,12.392,,,,,,,,,,
1946-08-01,,12.849,,,,,,,,,,
1946-09-01,,13.0909,,,,,,,,,,
1946-10-01,,13.3329,,,,,,,,,,
1946-11-01,,13.4135,,,,,,,,,,
1946-12-01,,13.4941,,,,,,,,,,
1947-01-01,,13.6554,,,,,,,2182.681,15248.0,,
1947-02-01,,13.7361,,,,,,1.0,,,,
1947-03-01,,13.8167,,,,,,1.0,,,,
1947-04-01,,13.7092,,,,,,1.0,2176.892,15139.0,,
1947-05-01,,13.7629,,,,,,1.0,,,,
1947-06-01,,13.7629,,,,,,1.0,,,,
1947-07-01,,13.6823,,,,,,1.0,2172.432,15039.0,,
1947-08-01,,13.7629,,,,,,1.0,,,,
1947-09-01,,13.8705,,,,,,1.0,,,,
1947-10-01,,14.0049,,,,,,1.0,2206.452,15204.0,,
1947-11-01,,14.193,,,,,,1.0,,,,
1947-12-01,,14.2468,,,,,,1.0,,,,
1948-01-01,,14.3274,,,3.4,,,1.0,2239.682,15371.0,,
1948-02-01,,14.3543,,,3.8,,,1.0,,,,
1948-03-01,,14.1931,,,4.0,,,1.0,,,,
1948-04-01,,14.2199,,,3.9,,,1.0,2276.69,15563.0,,
1948-05-01,,14.4618,,,3.5,,,1.0,,,,
1948-06-01,,14.65,,,3.6,,,1.0,,,,
1948-07-01,,14.65,,,3.6,,,1.0,2289.77,15585.0,,
1948-08-01,,14.5962,,,3.9,,,1.0,,,,
1948-09-01,,14.4887,,,3.8,,,1.0,,,,
1948-10-01,,14.5963,,,3.7,,,1.0,2292.364,15530.0,,
1948-11-01,,14.4081,,,3.8,,,1.0,,,,
1948-12-01,,14.2737,,,4.0,,,1.0,,,,
1949-01-01,,14.1393,,,4.3,,,1.0,2260.807,15250.0,,
1949-02-01,,14.0049,,,4.7,,,1.0,,,,
1949-03-01,,13.7361,,,5.0,,,1.0,,,,
1949-04-01,,13.6554,,,5.3,,,1.0,2253.128,15137.0,,
1949-05-01,,13.4673,,,6.1,,,1.0,,,,
1949-06-01,,13.4404,,,6.2,,,1.0,,,,
1949-07-01,,13.4135,,,6.7,,,1.0,2276.424,15228.0,,
1949-08-01,,13.5479,,,6.8,,,1.0,,,,
1949-09-01,,13.6823,,,6.6,,,1.0,,,,
1949-10-01,,13.1716,,,7.9,,,1.0,2257.352,15032.0,,
1949-11-01,,13.521,,,6.4,,,0.0,,,,
1949-12-01,,13.7629,,,6.6,,,0.0,,,,
1950-01-01,,14.0049,,,6.5,,,0.0,2346.104,15559.0,,
1950-02-01,,14.0586,,,6.4,,,0.0,,,,
1950-03-01,,14.5156,,,6.3,,,0.0,,,,
1950-04-01,,14.9995,,,5.8,,,0.0,2417.682,15977.0,,
1950-05-01,,15.3489,,,5.5,,,0.0,,,,
1950-06-01,,15.8059,,,5.4,,,0.0,,,,
1950-07-01,,16.3166,,,5.0,,,0.0,2511.127,16524.0,,
1950-08-01,,16.8274,,,4.5,,,0.0,,,,
1950-09-01,,16.7198,,,4.4,,,0.0,,,,
1950-10-01,,16.8273,,,4.2,,,0.0,2559.214,16764.0,,
1950-11-01,,16.8005,,,4.2,,,0.0,,,,
1950-12-01,,17.0962,,,4.3,,,0.0,,,,
1951-01-01,,17.1499,,,3.7,,,0.0,2593.967,16922.0,,
1951-02-01,,17.2575,,,3.4,,,0.0,,,,
1951-03-01,,17.3381,,,3.4,,,0.0,,,,
1951-04-01,,17.365,,,3.1,,,0.0,2638.898,17147.0,,
1951-05-01,,17.3112,,,3.0,,,0.0,,,,
1951-06-01,,17.2306,,,3.2,,,0.0,,,,
1951-07-01,,16.9618,,,3.1,,,0.0,2693.259,17420.0,,
1951-08-01,,16.8005,,,3.1,,,1.0,,,,
1951-09-01,,16.908,,,3.3,,,1.0,,,,
1951-10-01,,16.8811,,,3.5,,,1.0,2699.156,17375.0,,
1951-11-01,,17.0155,,,3.5,,,1.0,,,,
1951-12-01,,17.123,,,3.1,,,1.0,,,,
1952-01-01,,17.3112,,,3.2,,,1.0,2727.954,17490.0,,
1952-02-01,,17.4187,,,3.1,,,1.0,,,,
1952-03-01,,17.4725,,,2.9,,,1.0,,,,
1952-04-01,,17.3112,,,2.9,,,1.0,2733.8,17459.0,,
1952-05-01,,17.1499,,,3.0,,,1.0,,,,
1952-06-01,,16.9886,,,3.0,,,1.0,,,,
1952-07-01,,16.7198,,,3.2,,,1.0,2753.517,17509.0,,
1952-08-01,,17.7951,,,3.4,,,1.0,,,,
1952-09-01,,18.4402,,,3.1,,,1.0,,,,
1952-10-01,,18.6284,,,3.0,,,1.0,2843.941,18001.0,,
1952-11-01,,19.0047,,,2.8,,,1.0,,,,86.2
1952-12-01,,19.1122,,,2.7,,,1.0,,,,
1953-01-01,,19.166,,,2.9,,,1.0,2896.811,18268.0,,
1953-02-01,,19.2735,,,2.6,,,1.0,,,,90.7
1953-03-01,,19.4348,,,2.6,,,1.0,,,,
1953-04-01,,19.5154,,,2.7,,,1.0,2919.206,18341.0,,
1953-05-01,,19.6229,,,2.5,,,1.0,,,,
1953-06-01,,19.5423,,,2.5,,,1.0,,,,
1953-07-01,,19.7842,,,2.6,,,1.0,2902.785,18155.0,,
1953-08-01,,19.6767,,,2.7,,,1.0,,,,80.8
1953-09-01,,19.2735,,,2.9,,,1.0,,,,
1953-10-01,,19.1122,,,3.1,,,1.0,2858.845,17797.0,,
1953-11-01,,18.6553,,,3.5,,,1.0,,,,80.7
1953-12-01,,18.1983,,,4.5,,,1.0,,,,
1954-01-01,,18.0639,,,4.9,,,1.0,2845.192,17636.0,,
1954-02-01,,18.1176,,,5.2,,,1.0,,,,82.0
1954-03-01,,18.0101,,,5.7,,,1.0,,,,
1954-04-01,,17.9026,,,5.9,,,1.0,2848.305,17584.0,,
1954-05-01,,18.0101,,,5.9,,,1.0,,,,82.9
1954-06-01,,18.0639,,,5.6,,,1.0,,,,
1954-07-01,,18.0907,,,5.8,,,0.0,2880.482,17701.0,0.8,
1954-08-01,,18.0639,,,6.0,,,0.0,,,1.22,
1954-09-01,,18.0908,,,6.1,,,0.0,,,1.07,
1954-10-01,,18.3058,,,5.7,,,0.0,2936.852,17960.0,0.85,
1954-11-01,,18.6015,,,5.3,,,0.0,,,0.83,87.0
1954-12-01,,18.8434,,,5.0,,,0.0,,,1.28,
1955-01-01,,19.2735,,,4.9,,,0.0,3020.746,18396.0,1.39,
1955-02-01,,19.5154,,,4.7,,,0.0,,,1.29,95.9
1955-03-01,,19.9724,,,4.6,,,0.0,,,1.35,
1955-04-01,,20.2143,,,4.7,,,0.0,3069.91,18621.0,1.43,
1955-05-01,,20.5369,,,4.3,,,0.0,,,1.43,99.1
1955-06-01,,20.5638,,,4.2,,,0.0,,,1.64,
1955-07-01,,20.7251,,,4.0,,,0.0,3111.379,18787.0,1.68,
1955-08-01,,20.6982,,,4.2,,,0.0,,,1.96,
1955-09-01,,20.8326,,,4.1,,,1.0,,,2.18,
1955-10-01,,21.182,,,4.3,,,1.0,3130.068,18808.0,2.24,
1955-11-01,,21.2358,,,4.2,,,1.0,,,2.35,99.7
1955-12-01,,21.3164,,,4.2,,,1.0,,,2.48,
1956-01-01,,21.4508,,,4.0,,,1.0,3117.922,18658.0,2.45,
1956-02-01,,21.2627,,,3.9,,,1.0,,,2.5,
1956-03-01,,21.2627,,,4.2,,,1.0,,,2.5,
1956-04-01,,21.424,,,4.0,,,1.0,3143.694,18736.0,2.62,
1956-05-01,,21.2358,,,4.3,,,1.0,,,2.75,98.2
1956-06-01,,21.0476,,,4.3,,,1.0,,,2.71,
1956-07-01,,20.4025,,,4.4,,,1.0,3140.874,18632.0,2.75,
1956-08-01,,21.2358,,,4.1,,,1.0,,,2.73,99.9
1956-09-01,,21.7197,,,3.9,,,1.0,,,2.95,
1956-10-01,,21.9078,,,3.9,,,1.0,3192.57,18845.0,2.96,
1956-11-01,,21.7197,,,4.3,,,1.0,,,2.88,100.2
1956-12-01,,22.0422,,,4.2,,,1.0,,,2.94,
1957-01-01,,21.9616,,,4.2,,,1.0,3213.011,18881.0,2.84,
1957-02-01,,22.1766,,,3.9,,,1.0,,,3.0,
1957-03-01,,22.1498,,,3.7,,,1.0,,,2.96,
1957-04-01,,21.8541,,,3.9,,,1.0,3205.97,18763.0,3.0,
1957-05-01,,21.7734,,,4.1,,,1.0,,,3.0,92.9
1957-06-01,,21.8272,,,4.3,,,1.0,,,3.0,
1957-07-01,,21.9616,,,4.2,,,1.0,3237.386,18862.0,2.99,
1957-08-01,,21.9616,,,4.1,,,1.0,,,3.24,
1957-09-01,,21.7734,,,4.4,,,1.0,,,3.47,
1957-10-01,,21.4508,,,4.5,,,1.0,3203.894,18582.0,3.5,
1957-11-01,,20.9401,,,5.1,,,1.0,,,3.28,83.7
1957-12-01,,20.5369,,,5.2,,,1.0,,,2.98,
1958-01-01,,20.1606,,,5.8,,,1.0,3120.724,18032.0,2.72,
1958-02-01,,19.7305,,,6.4,,,1.0,,,1.67,78.5
1958-03-01,,19.4885,,,6.7,,,1.0,,,1.2,
1958-04-01,,19.166,,,7.4,,,1.0,3141.224,18081.0,1.26,
1958-05-01,,19.3541,,,7.4,,,0.0,,,0.63,80.9
1958-06-01,,19.8649,,,7.3,,,0.0,,,0.93,
1958-07-01,,20.1606,,,7.5,,,0.0,3213.884,18419.0,0.68,
1958-08-01,,20.5638,,,7.4,,,0.0,,,1.53,
1958-09-01,,20.752,,,7.1,,,0.0,,,1.76,
1958-10-01,,20.9939,,,6.7,,,0.0,3289.032,18764.0,1.8,
1958-11-01,,21.6121,,,6.2,,,0.0,,,2.27,90.8
1958-12-01,,21.639,,,6.2,,,0.0,,,2.42,
1959-01-01,,21.9616,,,6.0,,,0.0,3352.129,19041.0,2.48,
1959-02-01,,22.3917,,,5.9,,,0.0,,,2.43,
1959-03-01,,22.7142,,,5.6,,,0.0,,,2.8,
1959-04-01,,23.1981,,,5.2,,,0.0,3427.667,19395.0,2.96,
1959-05-01,,23.5476,,,5.1,,,0.0,,,2.9,95.3
1959-06-01,,23.5744,,,5.0,,,1.0,,,3.39,
1959-07-01,,23.0099,,,5.1,,,1.0,3430.057,19326.0,3.47,
1959-08-01,,22.2304,,,5.2,,,1.0,,,3.5,
1959-09-01,,22.2035,,,5.5,,,1.0,,,3.76,
1959-10-01,,22.0422,,,5.7,,,1.0,3439.832,19296.0,3.98,
1959-11-01,,22.1766,,,5.8,,,1.0,,,4.0,93.8
1959-12-01,,23.5475,,,5.3,,,1.0,,,3.99,
1960-01-01,,24.1658,,1.45797598627791,5.2,,,1.0,3517.181,19614.0,3.99,
1960-02-01,,23.9508,,,4.8,,,1.0,,,3.97,100.0
1960-03-01,,23.7357,,,5.4,,,1.0,,,3.84,
1960-04-01,,23.5476,,,5.2,,,1.0,3498.246,19392.0,3.92,
1960-05-01,,23.5207,,,5.1,,,1.0,,,3.85,93.3
1960-06-01,,23.225,,,5.4,,,1.0,,,3.32,
1960-07-01,,23.1443,,,5.5,,,1.0,3515.385,19390.0,3.23,
1960-08-01,,23.1175,,,5.6,,,1.0,,,2.98,97.2
1960-09-01,,22.8755,,,5.5,,,1.0,,,2.6,
1960-10-01,,22.8487,,,6.1,,,1.0,3470.278,19065.0,2.47,
1960-11-01,,22.5261,,,6.1,,,1.0,,,2.44,90.1
1960-12-01,,22.096,,,6.6,,,1.0,,,1.98,
1961-01-01,,22.1229,,1.07072414764724,6.6,,,1.0,3493.703,19130.0,1.45,
1961-02-01,,22.096,,,6.9,,,1.0,,,2.54,91.6
1961-03-01,,22.2304,,,6.9,,,0.0,,,2.02,
1961-04-01,,22.6874,,,7.0,,,0.0,3553.021,19380.0,1.49,
1961-05-01,,23.0368,,,7.1,,,0.0,,,1.98,92.5
1961-06-01,,23.3594,,,6.9,,,0.0,,,1.73,
1961-07-01,,23.6282,,,7.0,,,0.0,3621.252,19670.0,1.17,
1961-08-01,,23.8432,,,6.6,,,0.0,,,2.0,99.2
1961-09-01,,23.8164,,,6.7,,,0.0,,,1.88,
1961-10-01,,24.2733,,,6.5,,,0.0,3692.289,19970.0,2.26,
1961-11-01,,24.6497,,,6.1,,,0.0,,,2.61,93.0
1961-12-01,,24.8647,,,6.0,,,0.0,,,2.33,
1962-01-01,,24.6496,,1.19877334820186,5.8,,,0.0,3758.147,20254.0,2.15,
1962-02-01,,25.0529,,,5.5,,,0.0,,,2.37,99.9
1962-03-01,,25.1873,,,5.6,,,1.0,,,2.85,
1962-04-01,,25.241,,,5.6,,,1.0,3792.149,20366.0,2.78,
1962-05-01,,25.2141,,,5.5,,,1.0,,,2.36,95.4
1962-06-01,,25.1604,,,5.5,,,1.0,,,2.68,
1962-07-01,,25.4023,,,5.4,,,1.0,3838.776,20536.0,2.71,
1962-08-01,,25.4292,,,5.7,,,1.0,,,2.93,91.6
1962-09-01,,25.5905,,,5.6,,,1.0,,,2.9,
1962-10-01,,25.6174,,,5.4,,,1.0,3851.421,20521.0,2.9,
1962-11-01,,25.7249,,,5.7,,,1.0,,,2.94,95.0
1962-12-01,,25.7249,,,5.5,,,1.0,,,2.93,
1963-01-01,,25.913,,1.23966942148753,5.7,,,1.0,3893.482,20677.0,2.92,
1963-02-01,,26.2088,,,5.9,,,1.0,,,3.0,98.4
1963-03-01,,26.37,,,5.7,,,1.0,,,2.98,
1963-04-01,,26.612,,,5.7,,,0.0,3937.183,20842.0,2.9,
1963-05-01,,26.9345,,,5.9,,,0.0,,,3.0,91.7
1963-06-01,,27.0152,,,5.6,,,0.0,,,2.99,
1963-07-01,,26.9076,,,5.6,,,0.0,4023.755,21219.0,3.02,
1963-08-01,,26.9614,,,5.4,,,0.0,,,3.49,96.4
1963-09-01,,27.2302,,,5.5,,,0.0,,,3.48,
1963-10-01,,27.4184,,,5.5,,,0.0,4050.147,21276.0,3.5,
1963-11-01,,27.5528,,,5.7,,,0.0,,,3.48,94.4
1963-12-01,,27.499,,,5.5,,,0.0,,,3.38,
1964-01-01,,27.7409,,1.27891156462591,5.6,,,0.0,4135.553,21657.0,3.48,
1964-02-01,,27.9291,,,5.4,,,0.0,,,3.48,99.5
1964-03-01,,27.9291,,,5.4,,,0.0,,,3.43,
1964-04-01,,28.3861,,,5.3,,,0.0,4180.592,21824.0,3.47,
1964-05-01,,28.5474,,,5.1,,,0.0,,,3.5,98.5
1964-06-01,,28.628,,,5.2,,,0.0,,,3.5,
1964-07-01,,28.8162,,,4.9,,,0.0,4245.918,22085.0,3.42,
1964-08-01,,29.0043,,,5.0,,,0.0,,,3.5,100.6
1964-09-01,,29.1119,,,5.1,,,0.0,,,3.45,
1964-10-01,,28.7087,,,5.1,,,0.0,4259.046,22075.0,3.36,
1964-11-01,,29.5957,,,4.8,,,0.0,,,3.52,99.9
1964-12-01,,29.9452,,,5.0,,,0.0,,,3.85,
1965-01-01,,30.2677,,1.58516926383662,4.9,,,0.0,4362.111,22547.0,3.9,
1965-02-01,,30.4559,,,5.1,,,0.0,,,3.98,102.0
1965-03-01,,30.8591,,,4.7,,,0.0,,,4.05,
1965-04-01,,30.9935,,,4.8,,,0.0,4417.225,22770.0,4.09,
1965-05-01,,31.2354,,,4.6,,,0.0,,,4.1,105.4
1965-06-01,,31.4774,,,4.6,,,0.0,,,4.05,
1965-07-01,,31.7731,,,4.4,,,0.0,4515.427,23198.0,4.09,
1965-08-01,,31.9075,,,4.4,,,0.0,,,4.12,103.4
1965-09-01,,31.9881,,,4.3,,,0.0,,,4.02,
1965-10-01,,32.3107,,,4.2,,,0.0,4619.458,23656.0,4.08,
1965-11-01,,32.4451,,,4.1,,,0.0,,,4.1,102.9
1965-12-01,,32.8483,,,4.0,,,0.0,,,4.32,
1966-01-01,,33.1709,,3.0150753768844,4.0,,,0.0,4731.888,24172.0,4.42,
1966-02-01,,33.3859,,,3.8,,,0.0,,,4.6,100.0
1966-03-01,,33.8429,,,3.8,,,1.0,,,4.66,
1966-04-01,,33.8967,,,3.8,,,1.0,4748.046,24191.0,4.67,
1966-05-01,,34.2192,,,3.9,,,1.0,,,4.9,95.7
1966-06-01,,34.3805,,,3.8,,,1.0,,,5.17,
1966-07-01,,34.5687,,,3.8,,,1.0,4788.254,24321.0,5.3,
1966-08-01,,34.5955,,,3.8,,,1.0,,,5.53,91.2
1966-09-01,,34.9181,,,3.7,,,1.0,,,5.4,
1966-10-01,,35.16,,,3.7,,,1.0,4827.537,24446.0,5.53,
1966-11-01,,34.9181,,,3.6,,,1.0,,,5.76,88.3
1966-12-01,,34.9987,,,3.8,,,1.0,,,5.4,
1967-01-01,,35.1638,,2.77278562259309,3.9,,,1.0,4870.299,24602.0,4.94,
1967-02-01,,34.765,,,3.8,,,1.0,,,5.0,94.1
1967-03-01,,34.5691,,,3.8,,,1.0,,,4.53,
1967-04-01,,34.8951,,,3.8,,,1.0,4873.287,24556.0,4.05,
1967-05-01,,34.5907,,,3.8,,,1.0,,,3.94,95.9
1967-06-01,,34.5863,,,3.9,,,1.0,,,3.98,
1967-07-01,,34.5076,,,3.8,,,1.0,4919.392,24719.0,3.79,
1967-08-01,,35.1687,,,3.8,,,1.0,,,3.9,97.0
1967-09-01,,35.1116,,,3.8,,,1.0,,,3.99,
1967-10-01,,35.3976,,,4.0,,,0.0,4956.477,24836.0,3.88,
1967-11-01,,35.9038,,,3.9,,,0.0,,,4.13,92.9
1967-12-01,,36.2905,,,3.8,,,0.0,,,4.51,
1968-01-01,,36.2514,,4.27179615288537,3.7,,,0.0,5057.553,25288.0,4.61,
1968-02-01,,36.3813,,,3.8,,,0.0,,,4.71,97.2
1968-03-01,,36.4949,,,3.7,,,0.0,,,5.05,
1968-04-01,,36.5477,,,3.5,,,0.0,5142.033,25652.0,5.76,
1968-05-01,,36.9577,,,3.5,,,0.0,,,6.12,92.4
1968-06-01,,37.0934,,,3.7,,,0.0,,,6.07,
1968-07-01,,37.0366,,,3.7,,,0.0,5181.859,25781.0,6.03,
1968-08-01,,37.1399,,,3.5,,,0.0,,,6.03,92.4
1968-09-01,,37.2806,,,3.4,,,0.0,,,5.78,
1968-10-01,,37.3546,,,3.4,,,0.0,5202.212,25813.0,5.91,
1968-11-01,,37.8378,,,3.4,,,0.0,,,5.82,91.7
1968-12-01,,37.9573,,,3.4,,,0.0,,,6.02,
1969-01-01,,38.1869,,5.46238620028745,3.4,,,0.0,5283.597,26162.0,6.3,
1969-02-01,,38.4313,,,3.4,,,0.0,,,6.61,98.2
1969-03-01,,38.7326,,,3.4,,,1.0,,,6.79,
1969-04-01,,38.5901,,,3.4,,,1.0,5299.625,26181.0,7.41,
1969-05-01,,38.4443,,,3.4,,,1.0,,,8.67,91.5
1969-06-01,,38.8198,,,3.5,,,1.0,,,8.9,
1969-07-01,,39.0248,,,3.5,,,1.0,5334.6,26281.0,8.61,
1969-08-01,,39.1145,,,3.5,,,1.0,,,9.19,86.4
1969-09-01,,39.1057,,,3.7,,,1.0,,,9.15,
1969-10-01,,39.1171,,,3.7,,,1.0,5308.556,26076.0,9.0,
1969-11-01,,38.7484,,,3.5,,,1.0,,,8.85,79.7
1969-12-01,,38.6444,,,3.5,,,1.0,,,8.97,
1970-01-01,,37.9288,,5.83825533848251,3.9,-58.811,,1.0,5300.652,25973.0,8.98,
1970-02-01,,37.9038,,,4.2,,,1.0,,,8.98,78.1
1970-03-01,,37.8546,,,4.4,,,1.0,,,7.76,
1970-04-01,,37.7573,,,4.6,-56.426,,1.0,5308.164,25929.0,8.1,
1970-05-01,,37.7133,,,4.8,,,1.0,,,7.95,75.4
1970-06-01,,37.5913,,,4.9,,,1.0,,,7.61,
1970-07-01,,37.6836,,,5.0,-55.074,,1.0,5357.077,26079.0,7.21,
1970-08-01,,37.6164,,,5.1,,,1.0,,,6.62,77.6
1970-09-01,,37.3571,,,5.4,,,1.0,,,6.29,
1970-10-01,,36.6098,,,5.5,-58.546,,1.0,5299.672,25710.0,6.2,
1970-11-01,,36.3881,,,5.9,,,1.0,,,5.6,72.4
1970-12-01,,37.2237,,,6.1,,,0.0,,,4.9,
1971-01-01,,37.5101,,4.29276668813051,5.9,-53.771,,0.0,5443.619,26328.0,4.14,
1971-02-01,,37.4386,,,5.9,,,0.0,,,3.72,78.1
1971-03-01,,37.398,,,6.0,,,0.0,,,3.71,
1971-04-01,,37.608,,,5.9,-74.149,,0.0,5473.059,26394.0,4.16,
1971-05-01,,37.7989,,,5.9,,,0.0,,,4.63,80.2
1971-06-01,,37.9574,,,5.9,,,0.0,,,4.91,
1971-07-01,,37.8472,,,6.0,-70.335,,0.0,5518.072,26529.0,5.31,
1971-08-01,,37.6276,,,6.1,,,0.0,,,5.57,82.1
1971-09-01,,38.2391,,,6.0,,,0.0,,,5.55,
1971-10-01,,38.5253,,,5.8,-70.606,,0.0,5531.032,26510.0,5.2,
1971-11-01,,38.6888,,,6.0,,,0.0,,,4.91,82.0
1971-12-01,,39.1355,,,6.0,,,0.0,,,4.14,
1972-01-01,,40.0728,,3.27227824655283,5.8,-86.979,,0.0,5632.649,26932.0,3.51,
1972-02-01,,40.4789,,,5.7,,,0.0,,,3.3,92.8
1972-03-01,,40.761,,,5.8,,,0.0,,,3.83,
1972-04-01,,41.1654,,,5.7,-82.571,,0.0,5760.47,27478.0,4.17,
1972-05-01,,41.1693,,,5.7,,,0.0,,,4.27,88.6
1972-06-01,,41.2778,,,5.7,,,0.0,,,4.46,
1972-07-01,,41.2389,,,5.6,-76.334,,0.0,5814.854,27666.0,4.55,
1972-08-01,,41.805,,,5.6,,,0.0,,,4.81,95.2
1972-09-01,,42.1288,,,5.5,,,0.0,,,4.87,
1972-10-01,,42.6703,,,5.6,-80.362,,0.0,5912.22,28055.0,5.05,
1972-11-01,,43.1755,,,5.3,,,0.0,,,5.06,90.7
1972-12-01,,43.6617,,,5.2,,,0.0,,,5.33,
1973-01-01,,43.9783,,6.17776006377038,4.9,-78.075,,0.0,6058.544,28687.0,5.94,
1973-02-01,,44.6103,,,5.0,,,0.0,,,6.58,81.9
1973-03-01,,44.6294,,,4.9,,,0.0,,,7.09,
1973-04-01,,44.568,,,5.0,-57.42,,0.0,6124.506,28935.0,7.12,
1973-05-01,,44.8608,,,4.9,,,1.0,,,7.84,77.0
1973-06-01,,44.9186,,,4.9,,,1.0,,,8.49,
1973-07-01,,45.085,,,4.8,-48.068,,1.0,6092.301,28711.0,10.4,
1973-08-01,,45.0221,,,4.8,,,1.0,,,10.5,72.0
1973-09-01,,45.3801,,,4.8,,,1.0,,,10.78,
1973-10-01,,45.7462,,,4.6,-37.936,,1.0,6150.131,28913.0,10.01,
1973-11-01,,45.9548,,,4.8,,,1.0,,,10.03,76.5
1973-12-01,,45.8252,,,4.9,,,1.0,,,9.95,
1974-01-01,,45.5207,,11.0548048048048,5.1,-24.282,,1.0,6097.258,28606.0,9.65,
1974-02-01,,45.3825,,,5.2,,,1.0,,,8.97,61.8
1974-03-01,,45.3798,,,5.1,,,1.0,,,9.35,
1974-04-01,,45.247,,,5.1,-26.695,,1.0,6111.751,28613.0,10.51,
1974-05-01,,45.6083,,,5.1,,,1.0,,,11.31,72.1
1974-06-01,,45.5216,,,5.4,,,1.0,,,11.93,
1974-07-01,,45.6136,,,5.5,-36.429,,1.0,6053.978,28270.0,12.92,
1974-08-01,,45.1303,,,5.5,,,1.0,,,12.01,64.4
1974-09-01,,45.1377,,,5.9,,,1.0,,,11.34,
1974-10-01,,44.995,,,6.0,-26.516,,1.0,6030.464,28088.0,10.06,
1974-11-01,,43.5148,,,6.6,,,1.0,,,9.45,59.5
1974-12-01,,41.9503,,,7.2,,,1.0,,,8.53,
1975-01-01,,41.3689,,9.14314686496535,8.1,5.33,,1.0,5957.035,27690.0,7.13,
1975-02-01,,40.4252,,,8.1,,,1.0,,,6.24,57.6
1975-03-01,,39.9804,,,8.6,,,1.0,,,5.54,
1975-04-01,,40.0572,,,8.8,18.839,,1.0,5999.61,27821.0,5.49,
1975-05-01,,39.9402,,,9.0,,,0.0,,,5.22,72.8
1975-06-01,,40.1927,,,8.8,,,0.0,,,5.55,
1975-07-01,,40.6115,,,8.6,-6.181,,0.0,6102.326,28214.0,6.1,
1975-08-01,,41.0114,,,8.4,,,0.0,,,6.14,75.7
1975-09-01,,41.5422,,,8.4,,,0.0,,,6.24,
1975-10-01,,41.7224,,,8.4,-5.667,,0.0,6184.53,28520.0,5.82,
1975-11-01,,41.7797,,,8.3,,,0.0,,,5.22,75.6
1975-12-01,,42.3462,,,8.2,,,0.0,,,5.2,
1976-01-01,,42.9082,,5.74481263549085,7.9,-25.208,,0.0,6323.649,29099.0,4.87,
1976-02-01,,43.3407,,,7.7,,,0.0,,,4.77,84.6
1976-03-01,,43.4281,,,7.6,,,0.0,,,4.84,
1976-04-01,,43.6518,,,7.7,-35.42,,0.0,6370.025,29250.0,4.82,
1976-05-01,,43.8315,,,7.4,,,0.0,,,5.29,83.3
1976-06-01,,43.8775,0.8,,7.6,,,0.0,,,5.48,
1976-07-01,,44.1248,0.98,,7.8,-40.162,,0.0,6404.895,29335.0,5.31,
1976-08-01,,44.4262,1.14,,7.8,,,0.0,,,5.29,89.7
1976-09-01,,44.5711,1.18,,7.6,,,0.0,,,5.25,
1976-10-01,,44.56,1.43,,7.7,-48.12,,0.0,6451.177,29469.0,5.02,
1976-11-01,,45.2454,1.48,,7.8,,,0.0,,,4.95,87.0
1976-12-01,,45.731,1.49,,7.8,,,0.0,,,4.65,
1977-01-01,,45.4156,1.31,6.5016839947284,7.5,-68.484,,0.0,6527.703,29749.0,4.61,
1977-02-01,,46.1358,1.3,,7.6,,,0.0,,,4.68,87.1
1977-03-01,,46.7158,1.37,,7.4,,,0.0,,,4.69,
1977-04-01,,47.1719,1.41,,7.2,-64.183,,0.0,6654.466,30254.0,4.73,
1977-05-01,,47.541,1.2,,7.0,,,0.0,,,5.35,90.2
1977-06-01,,47.9063,1.15,,7.2,,,0.0,,,5.39,
1977-07-01,,47.9714,1.06,,6.9,-57.024,,0.0,6774.457,30713.0,5.42,
1977-08-01,,48.0157,0.79,,7.0,,,0.0,,,5.9,89.0
1977-09-01,,48.2097,0.63,,6.8,,,0.0,,,6.14,
1977-10-01,,48.2839,0.42,,6.8,-71.408,,0.0,6774.592,30626.0,6.47,
1977-11-01,,48.3755,0.43,,6.8,,,0.0,,,6.51,84.4
1977-12-01,,48.4573,0.51,,6.4,,,0.0,,,6.56,
1978-01-01,,47.7512,0.47,7.63096383885606,6.4,-88.511,,0.0,6796.26,30653.0,6.7,83.7
1978-02-01,,48.0098,0.47,,6.3,,,0.0,,,6.78,84.3
1978-03-01,,48.9358,0.46,,6.3,,,0.0,,,6.79,78.8
1978-04-01,,49.9074,0.41,,6.1,-59.396,,0.0,7058.92,31757.0,6.89,81.6
1978-05-01,,50.1513,0.34,,6.0,,,0.0,,,7.36,82.9
1978-06-01,,50.4751,0.22,,5.9,,,0.0,,,7.6,80.0
1978-07-01,,50.4371,0.15,,6.2,-60.832,,0.0,7129.915,31982.0,7.81,82.4
1978-08-01,,50.6393,0.04,,5.9,,,0.0,,,8.04,78.4
1978-09-01,,50.7631,-0.15,,6.0,,,0.0,,,8.45,80.4
1978-10-01,,51.1523,-0.21,,5.8,-53.244,,0.0,7225.75,32318.0,8.96,79.3
1978-11-01,,51.5456,-0.62,,5.9,,,1.0,,,9.76,75.0
1978-12-01,,51.806,-0.71,,6.0,,,1.0,,,10.03,66.1
1979-01-01,,51.525,-0.76,11.2544711292795,5.9,-51.926,,1.0,7238.727,32294.0,10.07,72.1
1979-02-01,,51.778,-0.62,,5.9,,,1.0,,,10.06,73.9
1979-03-01,,51.9382,-0.67,,5.8,,,1.0,,,10.09,68.4
1979-04-01,,51.3251,-0.6,,5.8,-53.155,,1.0,7246.454,32244.0,10.01,66.0
1979-05-01,,51.7782,-0.53,,5.6,,,1.0,,,10.24,68.1
1979-06-01,,51.7865,-0.31,,5.7,,,1.0,,,10.29,65.8
1979-07-01,,51.7029,-0.19,,5.7,-34.999,,1.0,7300.281,32386.0,10.47,60.4
1979-08-01,,51.3658,-0.43,,6.0,,,1.0,,,10.94,64.5
1979-09-01,,51.3623,-0.72,,5.9,,,1.0,,,11.43,66.7
1979-10-01,,51.7175,-1.19,,6.0,-21.349,,1.0,7318.535,32366.0,13.77,62.1
1979-11-01,,51.6341,-1.16,,5.9,,,1.0,,,13.18,63.3
1979-12-01,,51.6694,-1.0,,6.0,,,1.0,,,13.78,61.0
1980-01-01,,51.944,-0.7,13.5492019749684,6.3,-11.215,,1.0,7341.557,32377.0,13.82,67.0
1980-02-01,,51.9633,-1.0,,6.3,,,1.0,,,14.13,66.9
1980-03-01,,51.7454,-2.14,,6.3,,,1.0,,,17.19,56.5
1980-04-01,,50.7197,-1.03,,6.9,24.639,,1.0,7190.289,31621.0,17.61,52.7
1980-05-01,,49.4766,0.73,,7.5,,,1.0,,,10.98,51.7
1980-06-01,,48.8383,1.05,,7.6,,,1.0,,,9.47,58.7
1980-07-01,,48.4907,1.22,,7.8,50.121,,1.0,7181.743,31489.0,9.03,62.3
1980-08-01,,48.6456,0.57,,7.7,,,1.0,,,9.61,67.3
1980-09-01,,49.4578,-0.07,,7.5,,,1.0,,,10.87,73.7
1980-10-01,,50.0861,-0.34,,7.5,29.566,,1.0,7315.677,31990.0,12.81,75.0
1980-11-01,,50.9209,-0.83,,7.5,,,1.0,,,15.85,76.7
1980-12-01,,51.257,-1.23,,7.2,,,1.0,,,18.9,64.5
1981-01-01,,50.9328,-0.69,10.3347153402771,7.5,21.585,,1.0,7459.022,32550.0,19.08,71.4
1981-02-01,,50.7237,-0.72,,7.4,,,1.0,,,15.93,66.9
1981-03-01,,50.9806,-0.45,,7.4,,,1.0,,,14.7,66.5
1981-04-01,,50.7661,-0.47,,7.2,23.167,,1.0,7403.745,32236.0,15.72,72.4
1981-05-01,,51.0552,-1.36,,7.5,,,1.0,,,18.52,76.3
1981-06-01,,51.3214,-1.03,,7.5,,,1.0,,,19.1,73.1
1981-07-01,,51.6555,-1.07,,7.2,18.994,,1.0,7492.405,32533.0,19.04,74.1
1981-08-01,,51.5903,-1.35,,7.4,,,1.0,,,17.82,77.2
1981-09-01,,51.3429,-1.13,,7.6,,,1.0,,,15.87,73.1
1981-10-01,,50.9463,-0.39,,7.9,10.209,,1.0,7410.768,32095.0,15.08,70.3
1981-11-01,,50.3546,0.51,,8.3,,,1.0,,,13.31,62.5
1981-12-01,,49.8086,0.43,,8.5,,,1.0,,,12.37,64.3
1982-01-01,,48.7877,0.03,6.13142700027493,8.6,4.131,,1.0,7295.631,31529.0,13.22,71.0
1982-02-01,,49.7839,-0.4,,8.9,,,1.0,,,14.78,66.5
1982-03-01,,49.4477,-0.33,,9.0,,,1.0,,,14.68,62.0
1982-04-01,,48.9913,-0.33,,9.3,12.394,,1.0,7328.912,31603.0,14.94,65.5
1982-05-01,,48.6669,-0.15,,9.4,,,1.0,,,14.45,67.5
1982-06-01,,48.5415,-0.17,,9.6,,,1.0,,,14.15,65.7
1982-07-01,,48.3775,0.15,,9.8,-21.068,,1.0,7300.896,31402.0,12.59,65.4
1982-08-01,,47.9382,0.73,,9.8,,,1.0,,,10.12,65.4
1982-09-01,,47.8139,0.56,,10.1,,,1.0,,,10.31,69.3
1982-10-01,,47.3575,0.72,,10.4,-22.598,,1.0,7303.817,31337.0,9.71,73.4
1982-11-01,,47.2078,0.75,,10.8,,,1.0,,,9.2,72.1
1982-12-01,,46.8713,0.88,,10.8,,,0.0,,,8.95,71.9
1983-01-01,,47.7398,1.13,3.21243523316065,10.4,-25.438,,0.0,7400.066,31686.0,8.68,70.4
1983-02-01,,47.4484,1.09,,10.4,,,0.0,,,8.51,74.6
1983-03-01,,47.8426,0.85,,10.3,,,0.0,,,8.77,80.8
1983-04-01,,48.4483,0.83,,10.2,-53.082,,0.0,7568.456,32340.0,8.8,89.1
1983-05-01,,48.747,0.89,,10.1,,,0.0,,,8.63,93.3
1983-06-01,,49.0434,0.67,,10.1,,,0.0,,,8.98,92.2
1983-07-01,,49.7739,0.69,,9.4,-79.135,,0.0,7719.746,32906.0,9.37,92.8
1983-08-01,,50.364,0.78,,9.5,,,0.0,,,9.56,90.9
1983-09-01,,51.0937,0.86,,9.2,,,0.0,,,9.45,89.9
1983-10-01,,51.4902,0.97,,8.8,-93.255,,0.0,7880.794,33513.0,9.48,89.3
1983-11-01,,51.721,1.03,,8.5,,,0.0,,,9.34,91.1
1983-12-01,,51.9769,0.99,,8.3,,,0.0,,,9.47,94.2
1984-01-01,,53.0088,1.03,4.30053547523429,8.0,-122.238,,0.0,8034.847,34103.0,9.56,100.1
1984-02-01,,53.2486,1.06,,7.8,,,0.0,,,9.59,97.4
1984-03-01,,53.5028,1.0,,7.8,,,0.0,,,9.91,101.0
1984-04-01,,53.8233,0.95,,7.7,-133.637,,0.0,8173.67,34622.0,10.29,96.1
1984-05-01,,54.1104,0.94,,7.4,,,0.0,,,10.32,98.1
1984-06-01,,54.3075,0.66,,7.2,,,0.0,,,11.06,95.5
1984-07-01,,54.4587,0.48,,7.5,-138.53,,1.0,8252.465,34871.0,11.23,96.6
1984-08-01,,54.5239,0.28,,7.5,,,1.0,,,11.64,99.1
1984-09-01,,54.3696,0.32,,7.3,,,1.0,,,11.3,100.9
1984-10-01,,54.3474,0.56,,7.4,-146.051,,1.0,8320.199,35072.0,9.99,96.3
1984-11-01,,54.529,0.92,,7.2,,,1.0,,,9.43,95.7
1984-12-01,,54.5556,1.32,,7.3,,,1.0,,,8.38,92.9
1985-01-01,174.55,54.527,1.45,3.54564415209365,7.3,-133.099,,1.0,8400.82,35346.0,8.35,96.0
1985-02-01,165.72,54.6871,1.34,,7.2,,,1.0,,,8.5,93.7
1985-03-01,132.26,54.7673,1.14,,7.2,,,1.0,,,8.58,93.7
1985-04-01,110.64,54.6467,1.35,,7.3,-159.891,,1.0,8474.787,35582.0,8.27,94.6
1985-05-01,125.66,54.7396,1.45,,7.2,,,1.0,,,7.97,91.8
1985-06-01,147.68,54.711,1.47,,7.4,,,1.0,,,7.53,96.5
1985-07-01,125.21,54.4365,1.53,,7.4,-160.28,,1.0,8604.22,36033.0,7.88,94.0
1985-08-01,134.61,54.6121,1.39,,7.1,,,1.0,,,7.9,92.4
1985-09-01,97.92,54.8147,1.39,,7.1,,,1.0,,,7.92,92.1
1985-10-01,91.53,54.6228,1.37,,7.1,-170.164,,1.0,8668.188,36210.0,7.99,88.4
1985-11-01,121.13,54.8123,1.2,,7.0,,,1.0,,,8.05,90.9
1985-12-01,128.09,55.3553,1.11,,7.0,,,1.0,,,8.27,93.9
1986-01-01,154.19,55.6453,1.05,1.89804772234276,6.7,-157.069,,1.0,8749.127,36476.0,8.14,95.6
1986-02-01,156.12,55.2634,0.74,,7.2,,,1.0,,,7.86,95.9
1986-03-01,106.3,54.8728,0.56,,7.2,,,1.0,,,7.48,95.1
1986-04-01,114.61,54.935,0.6,,7.1,-176.86,,1.0,8788.524,36563.0,6.99,96.2
1986-05-01,129.12,55.0399,0.64,,7.2,,,1.0,,,6.85,94.8
1986-06-01,153.03,54.826,0.61,,7.2,,,1.0,,,6.92,99.3
1986-07-01,149.12,55.167,0.64,,7.0,-183.776,,1.0,8872.601,36822.0,6.56,97.7
1986-08-01,142.63,55.0726,0.84,,6.9,,,1.0,,,6.17,94.9
1986-09-01,171.52,55.2237,1.1,,7.0,,,1.0,,,5.89,91.9
1986-10-01,121.41,55.4589,1.15,,7.0,-172.58,,1.0,8920.193,36931.0,5.85,95.6
1986-11-01,92.62,55.6763,0.97,,6.9,,,1.0,,,6.04,91.4
1986-12-01,90.3,56.2078,0.84,,6.6,,,1.0,,,6.91,89.1
1987-01-01,93.66,55.9911,0.86,3.6645632175169,6.6,-168.581,,1.0,8986.367,37132.0,6.43,90.4
1987-02-01,70.56,56.7373,0.85,,6.6,,,1.0,,,6.1,90.2
1987-03-01,69.18,56.8136,0.82,,6.6,,,1.0,,,6.13,90.8
1987-04-01,77.08,57.185,1.0,,6.3,-165.635,,0.0,9083.256,37454.0,6.37,92.8
1987-05-01,59.87,57.5424,0.85,,6.3,,,0.0,,,6.85,91.1
1987-06-01,87.21,57.8502,0.83,,6.2,,,0.0,,,6.73,91.5
1987-07-01,68.67,58.2421,1.0,,6.1,-157.839,,0.0,9162.024,37685.0,6.58,93.7
1987-08-01,56.68,58.6784,1.01,,6.0,,,0.0,,,6.73,94.4
1987-09-01,63.75,58.9088,1.08,,5.9,,,0.0,,,7.22,93.6
1987-10-01,122.52,59.7008,1.12,,6.0,-154.584,,0.0,9319.332,38238.0,7.29,89.3
1987-11-01,137.26,59.9956,1.17,,5.8,,,0.0,,,6.69,83.1
1987-12-01,115.3,60.3246,1.13,,5.7,,,0.0,,,6.77,86.8
1988-01-01,109.53,60.309,1.04,4.07774110744413,5.7,-123.797,,0.0,9367.502,38359.0,6.83,90.8
1988-02-01,79.71,60.6122,1.03,,5.7,,,0.0,,,6.58,91.6
1988-03-01,74.65,60.7452,1.1,,5.7,,,0.0,,,6.58,94.6
1988-04-01,76.27,61.108,1.13,,5.4,-101.546,,0.0,9490.594,38782.0,6.87,91.2
1988-05-01,86.12,60.9843,1.09,,5.6,,,0.0,,,7.09,94.8
1988-06-01,76.77,61.1615,0.9,,5.4,,,0.0,,,7.51,94.7
1988-07-01,79.23,61.171,0.78,,5.4,-106.047,,0.0,9546.206,38908.0,7.75,93.4
1988-08-01,84.92,61.4771,0.63,,5.6,,,0.0,,,8.01,97.4
1988-09-01,56.78,61.2785,0.51,,5.4,,,0.0,,,8.19,97.3
1988-10-01,90.76,61.5488,0.44,,5.4,-109.244,,0.0,9673.405,39328.0,8.3,94.1
1988-11-01,101.32,61.7049,0.3,,5.3,,,0.0,,,8.35,93.0
1988-12-01,77.44,61.9851,0.02,,5.3,,,0.0,,,8.76,91.9
1989-01-01,87.74,62.1677,-0.08,4.82700303008944,5.4,-95.405,,0.0,9771.725,39648.0,9.12,97.9
1989-02-01,65.21,61.8916,-0.2,,5.2,,,0.0,,,9.36,95.4
1989-03-01,62.26,62.0508,-0.32,,5.0,,,0.0,,,9.85,94.3
1989-04-01,73.03,62.0289,-0.28,,5.2,-72.98,,0.0,9846.293,39861.0,9.84,91.5
1989-05-01,77.93,61.6871,-0.16,,5.2,,,0.0,,,9.81,90.7
1989-06-01,86.28,61.6857,-0.13,,5.3,,,1.0,,,9.53,90.6
1989-07-01,99.29,61.0896,0.2,,5.2,-65.802,,1.0,9919.228,40046.0,9.24,92.0
1989-08-01,66.16,61.6847,-0.03,,5.2,,,1.0,,,8.99,89.6
1989-09-01,50.69,61.4794,-0.09,,5.3,,,1.0,,,9.02,95.8
1989-10-01,81.41,61.4014,0.03,,5.3,-68.819,,1.0,9938.767,40015.0,8.84,93.9
1989-11-01,82.96,61.6081,0.08,,5.4,,,1.0,,,8.55,90.9
1989-12-01,87.58,61.9588,0.06,,5.4,,,1.0,,,8.45,90.5
1990-01-01,106.66,61.6352,0.12,5.39795643990325,5.4,-63.652,,1.0,10047.386,40361.0,8.23,93.0
1990-02-01,105.75,62.1951,0.1,,5.3,,,1.0,,,8.24,89.5
1990-03-01,75.65,62.4916,-0.04,,5.2,,,1.0,,,8.28,91.3
1990-04-01,79.11,62.3511,0.06,,5.4,-54.309,,1.0,10083.855,40382.0,8.26,93.9
1990-05-01,78.46,62.5353,0.12,,5.4,,,1.0,,,8.18,90.6
1990-06-01,84.32,62.7479,0.13,,5.2,,,1.0,,,8.29,88.3
1990-07-01,88.52,62.6435,0.31,,5.5,-46.4,,1.0,10090.569,40266.0,8.15,88.2
1990-08-01,142.37,62.8704,0.69,,5.7,,,1.0,,,8.13,76.4
1990-09-01,135.28,62.8839,0.81,,5.9,,,1.0,,,8.2,72.8
1990-10-01,136.89,62.4973,0.84,,5.9,-21.374,,1.0,9998.704,39759.0,8.11,63.9
1990-11-01,151.21,61.7175,0.79,,6.2,,,1.0,,,7.81,66.0
1990-12-01,128.84,61.2885,0.76,,6.3,,,1.0,,,7.31,65.5
1991-01-01,136.99,61.0842,0.97,4.23496396453849,6.4,-9.341,,1.0,9951.916,39451.0,6.91,66.8
1991-02-01,127.83,60.6387,0.99,,6.6,,,1.0,,,6.25,70.4
1991-03-01,98.58,60.2973,1.01,,6.8,,,1.0,,,6.12,87.7
1991-04-01,93.16,60.4524,1.09,,6.7,3.153,,1.0,10029.51,39632.0,5.91,81.8
1991-05-01,74.9,61.0587,1.28,,6.9,,,1.0,,,5.78,78.3
1991-06-01,85.93,61.5514,1.33,,6.9,,,1.0,,,5.9,82.1
1991-07-01,110.87,61.7201,1.36,,6.8,0.104,,1.0,10080.195,39691.0,5.82,82.9
1991-08-01,106.94,61.7289,1.47,,6.9,,,1.0,,,5.66,82.0
1991-09-01,121.0,62.2369,1.47,,6.9,,,1.0,,,5.45,83.0
1991-10-01,114.08,62.1718,1.62,,7.0,0.413,,0.0,10115.329,39694.0,5.21,78.3
1991-11-01,172.65,62.0894,1.86,,7.0,,,0.0,,,4.81,69.1
1991-12-01,190.54,61.806,2.06,,7.3,,,0.0,,,4.43,68.2
1992-01-01,165.45,61.4823,2.07,3.02881967814969,7.3,8.366,-1833.0,0.0,10236.435,40051.0,4.03,67.5
1992-02-01,169.71,61.9192,2.13,,7.4,,,0.0,,,4.06,68.8
1992-03-01,125.66,62.4403,1.86,,7.4,,,0.0,,,3.98,76.0
1992-04-01,98.95,62.9199,2.14,,7.4,-3.444,-3284.0,0.0,10347.429,40350.0,3.73,77.2
1992-05-01,96.91,63.1268,2.17,,7.6,,,0.0,,,3.82,79.2
1992-06-01,123.27,63.1624,2.21,,7.8,,,0.0,,,3.76,80.4
1992-07-01,138.97,63.7348,2.49,,7.7,0.566,-3589.0,0.0,10449.673,40599.0,3.25,76.6
1992-08-01,153.66,63.3802,2.39,,7.6,,,0.0,,,3.3,76.1
1992-09-01,162.56,63.5834,2.52,,7.6,,,0.0,,,3.22,75.6
1992-10-01,192.95,64.0178,2.51,,7.3,-13.892,-4364.0,0.0,10558.648,40881.0,3.1,73.3
1992-11-01,153.51,64.2628,2.29,,7.4,,,0.0,,,3.09,85.3
1992-12-01,103.45,64.3599,2.1,,7.4,,,0.0,,,2.92,91.0
1993-01-01,114.88,64.6135,2.21,2.95165696638559,7.3,-29.115,-4748.0,0.0,10576.275,40829.0,3.02,89.3
1993-02-01,115.3,64.9262,2.16,,7.1,,,0.0,,,3.03,86.6
1993-03-01,138.47,64.8627,2.03,,7.0,,,0.0,,,3.07,85.9
1993-04-01,116.83,65.0423,2.13,,7.1,-36.424,-5914.0,0.0,10637.847,40942.0,2.96,85.6
1993-05-01,156.06,64.8006,2.06,,7.1,,,0.0,,,3.0,80.3
1993-06-01,131.54,64.9476,1.8,,7.0,,,0.0,,,3.04,81.5
1993-07-01,122.79,65.1142,1.73,,6.9,-49.262,-6331.0,0.0,10688.606,40997.0,3.06,77.0
1993-08-01,148.24,65.0421,1.68,,6.8,,,0.0,,,3.03,77.3
1993-09-01,129.7,65.3749,1.51,,6.7,,,0.0,,,3.09,77.9
1993-10-01,81.8,65.863,1.46,,6.8,-57.415,-6443.0,0.0,10833.987,41423.0,2.99,82.7
1993-11-01,100.99,66.1696,1.57,,6.6,,,0.0,,,3.02,81.2
1993-12-01,87.75,66.5531,1.56,,6.5,,,0.0,,,2.96,88.2
1994-01-01,93.8,66.7591,1.61,2.60744159215453,6.6,-69.568,-7306.0,0.0,10939.116,41713.0,3.05,94.3
1994-02-01,79.95,66.8019,1.5,,6.6,,,0.0,,,3.25,93.2
1994-03-01,85.95,67.4704,1.49,,6.5,,,0.0,,,3.34,91.5
1994-04-01,114.52,67.8707,1.42,,6.4,-74.995,-7998.0,0.0,11087.361,42154.0,3.56,92.6
1994-05-01,111.18,68.187,1.22,,6.1,,,0.0,,,4.01,92.8
1994-06-01,78.49,68.645,1.17,,6.1,,,0.0,,,4.25,91.2
1994-07-01,91.79,68.7317,1.17,,6.1,-69.308,-8451.0,0.0,11152.176,42264.0,4.26,89.0
1994-08-01,89.14,69.1882,1.06,,6.0,,,0.0,,,4.47,91.7
1994-09-01,98.47,69.3935,1.06,,5.9,,,1.0,,,4.73,91.5
1994-10-01,81.1,69.9576,1.02,,5.8,-75.647,-9076.0,1.0,11279.932,42618.0,4.76,92.7
1994-11-01,118.83,70.4288,0.81,,5.6,,,1.0,,,5.29,91.6
1994-12-01,89.84,71.1273,0.22,,5.5,,,1.0,,,5.45,95.1
1995-01-01,136.11,71.2635,0.27,2.80541968853662,5.6,-79.688,-9283.0,1.0,11319.951,42654.0,5.53,97.6
1995-02-01,134.42,71.1758,0.36,,5.4,,,1.0,,,5.92,95.1
1995-03-01,97.52,71.2796,0.43,,5.4,,,1.0,,,5.98,90.3
1995-04-01,69.45,71.1538,0.49,,5.8,-76.345,-9774.0,1.0,11353.721,42660.0,6.05,92.5
1995-05-01,64.41,71.4997,0.46,,5.6,,,1.0,,,6.01,89.8
1995-06-01,93.44,71.7327,0.45,,5.6,,,1.0,,,6.0,92.7
1995-07-01,89.76,71.4334,0.5,,5.7,-40.004,-6772.0,1.0,11450.31,42885.0,5.85,94.4
1995-08-01,46.76,72.3723,0.51,,5.7,,,1.0,,,5.74,96.2
1995-09-01,53.66,72.6543,0.39,,5.6,,,1.0,,,5.8,88.9
1995-10-01,80.67,72.5336,0.35,,5.5,-39.085,-6300.0,1.0,11528.067,43044.0,5.76,90.2
1995-11-01,91.45,72.717,0.45,,5.6,,,1.0,,,5.8,88.2
1995-12-01,113.52,72.9638,0.39,,5.6,,,1.0,,,5.6,91.0
1996-01-01,115.5,72.5712,0.54,2.93120419993441,5.6,-60.259,-7847.0,0.0,11614.418,43259.0,5.56,89.3
1996-02-01,90.44,73.6207,0.78,,5.5,,,0.0,,,5.22,88.5
1996-03-01,81.63,73.5141,0.61,,5.5,,,0.0,,,5.31,93.7
1996-04-01,64.9,74.2491,0.55,,5.6,-67.634,-8488.0,0.0,11808.14,43856.0,5.22,92.7
1996-05-01,74.13,74.8142,0.64,,5.6,,,0.0,,,5.24,89.4
1996-06-01,73.29,75.3726,0.62,,5.3,,,0.0,,,5.27,92.4
1996-07-01,65.25,75.3738,0.6,,5.5,-94.159,-10228.0,0.0,11914.063,44105.0,5.4,94.7
1996-08-01,71.99,75.7557,0.61,,5.1,,,0.0,,,5.22,95.3
1996-09-01,70.33,76.2302,0.6,,5.2,,,0.0,,,5.3,94.7
1996-10-01,70.33,76.2157,0.62,,5.2,-53.047,-8126.0,0.0,12037.775,44421.0,5.24,96.5
1996-11-01,62.71,76.8973,0.5,,5.4,,,0.0,,,5.31,99.2
1996-12-01,63.94,77.3772,0.52,,5.4,,,0.0,,,5.29,96.9
1997-01-01,72.06,77.5135,0.57,2.33768993730735,5.3,-80.692,-9809.0,0.0,12115.472,44590.0,5.25,97.4
1997-02-01,64.32,78.4255,0.52,,5.2,,,0.0,,,5.19,99.7
1997-03-01,64.99,78.9197,0.47,,5.2,,,0.0,,,5.39,100.0
1997-04-01,58.06,78.9848,0.44,,5.1,-76.407,-7878.0,0.0,12317.221,45203.0,5.51,101.4
1997-05-01,77.92,79.4296,0.43,,4.9,,,0.0,,,5.5,103.2
1997-06-01,77.96,79.7971,0.4,,5.0,,,0.0,,,5.56,104.5
1997-07-01,58.03,80.4666,0.33,,4.9,-94.785,-8348.0,0.0,12471.01,45616.0,5.52,107.1
1997-08-01,69.15,81.2825,0.36,,4.8,,,0.0,,,5.54,104.4
1997-09-01,49.32,82.0327,0.33,,4.9,,,0.0,,,5.54,106.0
1997-10-01,74.45,82.7656,0.26,,4.7,-123.556,-10055.0,0.0,12577.495,45862.0,5.5,105.6
1997-11-01,81.3,83.427,0.16,,4.6,,,0.0,,,5.52,107.2
1997-12-01,64.06,83.784,0.09,,4.7,,,0.0,,,5.5,102.1
1998-01-01,110.97,84.1564,0.19,1.55227909874364,4.6,-166.32,-11740.0,0.0,12703.742,46204.0,5.56,106.6
1998-02-01,85.12,84.3066,0.16,,4.6,,,0.0,,,5.51,110.4
1998-03-01,70.96,84.342,0.09,,4.7,,,0.0,,,5.49,106.5
1998-04-01,77.97,84.6339,0.07,,4.3,-209.664,-13796.0,0.0,12821.339,46504.0,5.45,108.7
1998-05-01,64.9,85.1867,0.06,,4.4,,,0.0,,,5.49,106.5
1998-06-01,64.3,84.6809,-0.02,,4.5,,,0.0,,,5.56,105.6
1998-07-01,68.22,84.3445,0.0,,4.5,-233.279,-14932.0,0.0,12982.752,46943.0,5.54,105.2
1998-08-01,121.53,86.0816,0.07,,4.5,,,0.0,,,5.55,104.4
1998-09-01,154.07,86.0023,0.14,,4.6,,,0.0,,,5.51,100.9
1998-10-01,113.83,86.591,0.44,,4.5,-235.302,-14911.0,0.0,13191.67,47555.0,5.07,97.4
1998-11-01,95.26,86.5115,0.29,,4.4,,,0.0,,,4.83,102.7
1998-12-01,83.71,86.8615,0.14,,4.4,,,0.0,,,4.68,100.5
1999-01-01,89.71,87.2205,0.11,2.18802719697358,4.3,-279.537,-17354.0,0.0,13315.597,47880.0,4.63,103.9
1999-02-01,65.29,87.726,0.12,,4.4,,,0.0,,,4.76,108.1
1999-03-01,56.36,87.9125,0.18,,4.2,,,0.0,,,4.81,105.7
1999-04-01,50.69,88.1082,0.21,,4.3,-306.885,-20295.0,0.0,13426.748,48148.0,4.74,104.6
1999-05-01,48.12,88.6483,0.29,,4.2,,,0.0,,,4.74,106.8
1999-06-01,51.01,88.5903,0.28,,4.3,,,0.0,,,4.76,107.3
1999-07-01,69.27,89.1098,0.24,,4.3,-325.157,-22808.0,0.0,13604.771,48632.0,4.99,106.0
1999-08-01,54.72,89.5007,0.26,,4.2,,,0.0,,,5.07,104.5
1999-09-01,58.79,89.1304,0.25,,4.2,,,0.0,,,5.22,107.2
1999-10-01,56.07,90.2709,0.25,,4.1,-338.67,-24812.0,0.0,13827.98,49281.0,5.2,103.2
1999-11-01,54.53,90.7528,0.17,,4.1,,,0.0,,,5.42,107.2
1999-12-01,73.09,91.4784,0.17,,4.0,,,0.0,,,5.3,105.4
2000-01-01,57.55,91.4092,0.22,3.37685727149929,4.0,-380.953,-29161.0,0.0,13878.147,49335.0,5.45,112.0
2000-02-01,50.6,91.7245,-0.09,,4.1,,,0.0,,,5.73,111.3
2000-03-01,64.99,92.083,-0.27,,4.0,,,0.0,,,5.85,107.1
2000-04-01,59.76,92.6659,-0.41,,3.8,-394.856,-29389.0,0.0,14130.908,50109.0,6.02,109.2
2000-05-01,77.52,92.9347,-0.37,,4.0,,,1.0,,,6.27,110.7
2000-06-01,67.24,93.0018,-0.38,,4.0,,,1.0,,,6.53,106.4
2000-07-01,53.87,92.8373,-0.29,,4.0,-424.867,-31505.0,1.0,14145.312,50024.0,6.54,108.3
2000-08-01,47.64,92.591,-0.4,,4.1,,,1.0,,,6.5,107.3
2000-09-01,67.99,92.9827,-0.28,,3.9,,,1.0,,,6.52,106.8
2000-10-01,67.59,92.64,-0.17,,3.9,-440.985,-33174.0,1.0,14229.765,50190.0,6.51,105.8
2000-11-01,138.22,92.6604,-0.16,,3.9,,,1.0,,,6.51,107.6
2000-12-01,124.63,92.3457,-0.11,,3.9,,,1.0,,,6.4,98.4
2001-01-01,123.21,91.8908,0.4,2.82617111885407,4.2,-434.882,-32438.0,1.0,14183.12,49911.0,5.98,94.7
2001-02-01,122.26,91.2851,0.44,,4.2,,,1.0,,,5.49,90.6
2001-03-01,124.46,91.0585,0.54,,4.3,,,1.0,,,5.31,91.5
2001-04-01,105.17,90.7384,0.91,,4.4,-417.386,-28922.0,1.0,14271.694,50105.0,4.8,88.4
2001-05-01,96.31,90.2607,1.13,,4.3,,,1.0,,,4.21,92.0
2001-06-01,70.57,89.7811,1.2,,4.5,,,1.0,,,3.97,92.6
2001-07-01,91.9,89.2352,1.2,,4.6,-444.5,-29404.0,1.0,14214.516,49774.0,3.77,92.4
2001-08-01,80.84,89.157,1.21,,4.9,,,1.0,,,3.65,91.5
2001-09-01,234.57,88.6749,1.61,,5.0,,,1.0,,,3.07,81.8
2001-10-01,236.41,88.4051,1.84,,5.3,-469.594,-29360.0,1.0,14253.574,49783.0,2.49,82.7
2001-11-01,154.39,87.886,1.87,,5.5,,,1.0,,,2.09,83.9
2001-12-01,127.57,87.8518,1.98,,5.7,,,1.0,,,1.82,88.8
2002-01-01,141.64,88.4634,2.01,1.58603162650601,5.7,-490.652,-31113.0,1.0,14372.785,50091.0,1.73,93.0
2002-02-01,86.75,88.4578,1.9,,5.7,,,1.0,,,1.74,90.7
2002-03-01,94.43,89.1265,1.73,,5.7,,,1.0,,,1.73,95.7
2002-04-01,74.52,89.5507,1.79,,5.9,-511.591,-34241.0,1.0,14460.848,50286.0,1.75,93.0
2002-05-01,89.66,89.9348,1.9,,5.8,,,1.0,,,1.75,96.9
2002-06-01,87.07,90.6736,1.93,,5.8,,,1.0,,,1.75,92.4
2002-07-01,126.56,90.6436,2.1,,5.8,-529.887,-35462.0,1.0,14519.633,50362.0,1.73,88.1
2002-08-01,114.96,90.5505,2.12,,5.7,,,1.0,,,1.74,87.6
2002-09-01,138.87,90.6373,1.87,,5.7,,,1.0,,,1.75,86.1
2002-10-01,113.34,90.3988,2.03,,5.7,-579.938,-39406.0,1.0,14537.58,50302.0,1.75,80.6
2002-11-01,136.55,90.8947,2.13,,5.9,,,1.0,,,1.34,84.2
2002-12-01,153.67,90.3906,2.2,,6.0,,,1.0,,,1.24,86.7
2003-01-01,184.77,91.1369,2.31,2.27009497336115,5.8,-575.852,-41681.0,1.0,14614.141,50462.0,1.24,82.4
2003-02-01,192.12,91.2505,2.27,,5.9,,,1.0,,,1.26,79.9
2003-03-01,212.57,91.0006,2.23,,5.9,,,0.0,,,1.25,77.6
2003-04-01,135.48,90.4311,2.34,,6.0,-599.854,-40926.0,0.0,14743.567,50796.0,1.26,86.0
2003-05-01,116.64,90.4,2.15,,6.1,,,0.0,,,1.26,92.1
2003-06-01,89.3,90.5196,2.11,,6.3,,,0.0,,,1.22,89.7
2003-07-01,82.49,90.9869,2.5,,6.2,-595.026,-41018.0,0.0,14988.782,51512.0,1.01,90.9
2003-08-01,89.77,90.7933,2.58,,6.1,,,0.0,,,1.03,89.3
2003-09-01,96.16,91.3819,2.57,,6.1,,,0.0,,,1.01,87.7
2003-10-01,65.8,91.5049,2.54,,6.0,-597.382,-41789.0,0.0,15162.76,51986.0,1.01,89.6
2003-11-01,61.47,92.1265,2.37,,5.8,,,0.0,,,1.0,93.7
2003-12-01,73.57,92.1732,2.36,,5.7,,,0.0,,,0.98,92.6
2004-01-01,93.05,92.3268,2.39,2.67723669309172,5.7,-621.175,-45317.0,0.0,15248.68,52179.0,1.0,103.8
2004-02-01,83.25,92.8995,2.34,,5.6,,,0.0,,,1.01,94.4
2004-03-01,63.19,92.5368,2.25,,5.8,,,0.0,,,1.0,95.8
2004-04-01,59.88,92.8957,2.28,,5.6,-670.333,-49668.0,0.0,15366.85,52469.0,1.0,94.2
2004-05-01,76.7,93.5845,2.18,,5.6,,,0.0,,,1.0,90.2
2004-06-01,79.36,92.8651,1.97,,5.6,,,0.0,,,1.03,95.6
2004-07-01,60.95,93.5502,1.86,,5.5,-694.004,-52313.0,0.0,15512.619,52835.0,1.26,96.7
2004-08-01,70.38,93.6301,1.77,,5.4,,,0.0,,,1.43,95.9
2004-09-01,75.09,93.7353,1.6,,5.4,,,0.0,,,1.61,94.2
2004-10-01,102.47,94.5695,1.51,,5.5,-709.543,-56314.0,0.0,15670.88,53242.0,1.76,91.7
2004-11-01,72.19,94.8015,1.34,,5.4,,,0.0,,,1.93,92.8
2004-12-01,40.13,95.5415,1.22,,5.4,,,0.0,,,2.16,97.1
2005-01-01,66.99,95.8785,1.0,3.3927468454955,5.3,-701.438,-55806.0,0.0,15844.727,53719.0,2.28,95.5
2005-02-01,63.73,96.5709,0.78,,5.4,,,0.0,,,2.5,94.1
2005-03-01,55.76,96.4345,0.77,,5.2,,,0.0,,,2.63,92.6
2005-04-01,66.46,96.6347,0.69,,5.2,-697.998,-57168.0,0.0,15922.782,53868.0,2.79,87.7
2005-05-01,73.07,96.7251,0.5,,5.1,,,0.0,,,3.0,86.9
2005-06-01,59.69,97.1483,0.36,,5.0,,,0.0,,,3.04,96.0
2005-07-01,50.88,96.8397,0.31,,5.0,-710.398,-60643.0,0.0,16047.587,54153.0,3.26,96.5
2005-08-01,56.09,97.1584,0.22,,4.9,,,0.0,,,3.5,89.1
2005-09-01,85.25,95.2764,0.25,,5.0,,,0.0,,,3.62,76.9
2005-10-01,63.0,96.4411,0.19,,5.0,-735.145,-65231.0,0.0,16136.734,54317.0,3.78,74.2
2005-11-01,48.77,97.5016,0.12,,5.0,,,0.0,,,4.0,81.6
2005-12-01,60.03,97.9723,0.06,,4.9,,,0.0,,,4.16,91.5
2006-01-01,63.64,98.127,0.02,3.22594410070404,4.7,-720.154,-63891.0,0.0,16353.835,54927.0,4.29,91.2
2006-02-01,59.09,98.1687,-0.1,,4.8,,,0.0,,,4.49,86.7
2006-03-01,51.51,98.3913,-0.01,,4.7,,,0.0,,,4.59,88.9
2006-04-01,69.78,98.6826,0.1,,4.7,-713.842,-63740.0,0.0,16396.151,54945.0,4.79,87.4
2006-05-01,67.52,98.7074,0.14,,4.6,,,0.0,,,4.94,79.1
2006-06-01,67.89,99.0398,-0.02,,4.6,,,0.0,,,4.99,84.9
2006-07-01,74.71,98.9751,-0.03,,4.7,-738.996,-66760.0,0.0,16420.738,54886.0,5.24,84.7
2006-08-01,71.15,99.4047,-0.03,,4.7,,,0.0,,,5.25,82.0
2006-09-01,39.14,99.2246,-0.05,,4.5,,,0.0,,,5.25,85.4
2006-10-01,42.94,99.1229,-0.07,,4.4,-675.46,-60120.0,0.0,16561.866,55216.0,5.25,93.6
2006-11-01,50.22,99.0963,-0.15,,4.5,,,0.0,,,5.25,92.1
2006-12-01,38.21,100.1125,-0.11,,4.4,,,0.0,,,5.24,91.7
2007-01-01,56.95,99.7546,-0.12,2.85267248150138,4.6,-676.588,-59559.0,0.0,16611.69,55260.0,5.25,96.9
2007-02-01,58.38,100.7166,-0.13,,4.5,,,0.0,,,5.26,91.3
2007-03-01,54.72,100.8952,-0.01,,4.4,,,0.0,,,5.26,88.4
2007-04-01,44.37,101.5723,0.03,,4.5,-663.578,-60021.0,0.0,16713.314,55474.0,5.25,87.1
2007-05-01,55.79,101.6269,-0.02,,4.4,,,0.0,,,5.25,88.3
2007-06-01,50.8,101.6547,0.12,,4.6,,,0.0,,,5.25,85.3
2007-07-01,38.93,101.4953,0.19,,4.7,-623.292,-58539.0,0.0,16809.587,55649.0,5.26,90.4
2007-08-01,81.75,101.6943,0.36,,4.6,,,0.0,,,5.02,83.4
2007-09-01,79.89,101.9428,0.51,,4.7,,,0.0,,,4.94,83.4
2007-10-01,72.21,101.6446,0.56,,4.7,-560.106,-58879.0,0.0,16915.191,55857.0,4.76,80.9
2007-11-01,64.19,102.2167,0.81,,4.7,,,1.0,,,4.49,76.1
2007-12-01,92.0,102.2764,0.98,,5.0,,,1.0,,,4.24,75.5
2008-01-01,182.06,102.1493,1.27,3.839100296651,5.0,-540.148,-61921.0,1.0,16843.003,55497.0,3.94,78.4
2008-02-01,118.07,101.7756,1.76,,4.9,,,1.0,,,2.98,70.8
2008-03-01,121.87,101.4508,1.89,,5.1,,,1.0,,,2.61,69.5
2008-04-01,100.47,100.7554,1.63,,5.0,-463.669,-62311.0,1.0,16943.291,55705.0,2.28,62.6
2008-05-01,84.73,100.1336,1.43,,5.4,,,1.0,,,1.98,59.8
2008-06-01,98.48,99.8728,1.33,,5.6,,,1.0,,,2.0,56.4
2008-07-01,101.75,99.4194,1.43,,5.8,-442.378,-63225.0,1.0,16854.295,55278.0,2.01,61.2
2008-08-01,91.44,97.8491,1.47,,6.1,,,1.0,,,2.0,63.0
2008-09-01,183.97,93.5576,1.61,,6.1,,,1.0,,,1.81,70.3
2008-10-01,243.47,94.4985,2.2,,6.5,-469.031,-49993.0,1.0,16485.35,53941.0,0.97,57.6
2008-11-01,220.65,93.2617,2.31,,6.8,,,1.0,,,0.39,55.3
2008-12-01,165.28,90.6266,1.6,,7.3,,,1.0,,,0.16,60.1
2009-01-01,215.22,88.3712,1.71,-0.355546266299747,7.8,-397.483,-32771.0,1.0,16298.262,53221.0,0.15,61.2
2009-02-01,238.86,87.843,1.89,,8.3,,,1.0,,,0.22,56.3
2009-03-01,189.93,86.4689,1.89,,8.7,,,1.0,,,0.18,57.3
2009-04-01,139.22,85.7903,2.0,,9.0,-304.361,-27821.0,1.0,16269.145,53017.0,0.15,65.1
2009-05-01,122.91,84.9436,2.36,,9.4,,,1.0,,,0.18,68.7
2009-06-01,107.17,84.6746,2.54,,9.5,,,0.0,,,0.21,70.8
2009-07-01,121.46,85.6853,2.54,,9.5,-323.978,-33409.0,0.0,16326.281,53081.0,0.16,66.0
2009-08-01,94.86,86.6393,2.47,,9.6,,,0.0,,,0.16,65.7
2009-09-01,91.2,87.3821,2.45,,9.8,,,0.0,,,0.15,73.5
2009-10-01,81.96,87.5809,2.44,,10.0,-328.833,-37589.0,0.0,16502.754,53531.0,0.12,70.6
2009-11-01,111.38,87.9388,2.6,,9.9,,,0.0,,,0.12,67.4
2009-12-01,129.59,88.2404,2.72,,9.9,,,0.0,,,0.12,72.5
2010-01-01,156.73,89.1897,2.8,1.6400434423899,9.8,-341.829,-39840.0,0.0,16582.71,53683.0,0.11,74.4
2010-02-01,151.77,89.5046,2.83,,9.8,,,0.0,,,0.13,73.6
2010-03-01,110.03,90.1356,2.77,,9.9,,,0.0,,,0.16,73.6
2010-04-01,87.82,90.4607,2.79,,9.9,-400.796,-43633.0,0.0,16743.162,54100.0,0.2,72.2
2010-05-01,118.89,91.7014,2.59,,9.6,,,0.0,,,0.2,73.6
2010-06-01,127.63,91.9033,2.48,,9.4,,,0.0,,,0.18,76.0
2010-07-01,176.8,92.2549,2.39,,9.4,-426.795,-43854.0,0.0,16872.266,54401.0,0.18,67.8
2010-08-01,161.47,92.5936,2.18,,9.5,,,0.0,,,0.19,68.9
2010-09-01,213.93,92.8533,2.17,,9.5,,,0.0,,,0.19,68.2
2010-10-01,229.32,92.6033,2.16,,9.4,-382.601,-40369.0,0.0,16960.864,54569.0,0.19,67.7
2010-11-01,169.9,92.6686,2.31,,9.8,,,0.0,,,0.19,71.6
2010-12-01,157.47,93.5916,2.67,,9.3,,,0.0,,,0.18,74.5
2011-01-01,139.75,93.3889,2.78,3.156841568622,9.1,-377.139,-45729.0,0.0,16920.632,54341.0,0.17,74.2
2011-02-01,118.36,93.0045,2.8,,9.0,,,0.0,,,0.16,77.5
2011-03-01,140.79,93.9684,2.72,,9.0,,,0.0,,,0.14,67.5
2011-04-01,116.03,93.6571,2.72,,9.1,-352.145,-46764.0,0.0,17035.114,54610.0,0.1,69.8
2011-05-01,93.22,93.7723,2.61,,9.0,,,0.0,,,0.09,74.3
2011-06-01,126.06,94.0493,2.59,,9.1,,,0.0,,,0.09,71.5
2011-07-01,200.15,94.4958,2.6,,9.0,-350.615,-44866.0,0.0,17031.313,54482.0,0.07,63.7
2011-08-01,253.92,95.0974,2.07,,9.0,,,0.0,,,0.1,55.8
2011-09-01,221.51,95.0244,1.76,,9.0,,,0.0,,,0.08,59.5
2011-10-01,133.75,95.6891,1.87,,8.8,-366.665,-47481.0,0.0,17222.583,54979.0,0.07,60.8
2011-11-01,133.72,95.6778,1.76,,8.6,,,0.0,,,0.08,63.7
2011-12-01,186.0,96.1809,1.72,,8.5,,,0.0,,,0.07,69.9
2012-01-01,156.17,96.7595,1.73,2.06933726526067,8.3,-353.33,-47552.0,0.0,17367.01,55342.0,0.08,75.0
2012-02-01,112.69,97.0662,1.69,,8.3,,,0.0,,,0.1,75.3
2012-03-01,90.25,96.5609,1.83,,8.2,,,0.0,,,0.13,76.2
2012-04-01,94.95,97.251,1.76,,8.2,-341.752,-44963.0,1.0,17444.525,55490.0,0.14,76.4
2012-05-01,120.23,97.4595,1.52,,8.2,,,1.0,,,0.16,79.3
2012-06-01,169.63,97.4768,1.33,,8.2,,,1.0,,,0.16,73.2
2012-07-01,171.59,97.6714,1.28,,8.2,-341.978,-41743.0,1.0,17469.65,55454.0,0.16,72.3
2012-08-01,149.65,97.2734,1.41,,8.1,,,1.0,,,0.13,74.3
2012-09-01,146.6,97.2217,1.47,,7.8,,,1.0,,,0.14,78.3
2012-10-01,161.7,97.5311,1.47,,7.8,-316.566,-41044.0,1.0,17489.852,55403.0,0.16,82.6
2012-11-01,208.19,97.9084,1.39,,7.7,,,1.0,,,0.16,82.7
2012-12-01,211.77,98.1884,1.46,,7.9,,,1.0,,,0.16,72.9
2013-01-01,204.0,98.1736,1.65,1.46483265562717,8.0,-303.352,-38484.0,1.0,17662.4,55859.0,0.14,73.8
2013-02-01,145.21,98.6434,1.72,,7.7,,,1.0,,,0.15,77.6
2013-03-01,137.83,99.047,1.7,,7.5,,,1.0,,,0.14,78.6
2013-04-01,89.17,98.9445,1.53,,7.6,-319.485,-38205.0,1.0,17709.671,55914.0,0.15,76.4
2013-05-01,78.38,99.0383,1.68,,7.5,,,1.0,,,0.11,84.5
2013-06-01,81.67,99.2221,1.97,,7.5,,,1.0,,,0.09,84.1
2013-07-01,93.22,98.8987,2.24,,7.3,-318.791,-37630.0,1.0,17860.45,56272.0,0.09,85.1
2013-08-01,92.88,99.4897,2.38,,7.2,,,1.0,,,0.08,82.1
2013-09-01,116.72,100.021,2.41,,7.2,,,1.0,,,0.08,77.5
2013-10-01,176.28,99.9037,2.28,,7.2,-275.552,-34635.0,1.0,18016.147,56642.0,0.09,73.2
2013-11-01,83.82,100.1582,2.41,,6.9,,,1.0,,,0.08,75.1
2013-12-01,90.94,100.374,2.56,,6.7,,,1.0,,,0.09,82.5
2014-01-01,95.63,99.9899,2.46,1.62222297740817,6.6,-329.736,-40164.0,1.0,17953.974,56345.0,0.07,81.2
2014-02-01,83.49,100.7471,2.38,,6.7,,,1.0,,,0.07,81.6
2014-03-01,72.93,101.7435,2.32,,6.7,,,0.0,,,0.08,80.0
2014-04-01,63.76,101.8273,2.29,,6.2,-339.861,-40735.0,0.0,18185.911,56968.0,0.09,84.1
2014-05-01,68.4,102.2392,2.17,,6.3,,,0.0,,,0.09,81.9
2014-06-01,68.9,102.5774,2.15,,6.1,,,0.0,,,0.1,82.5
2014-07-01,72.39,102.7954,2.04,,6.2,-335.386,-39181.0,0.0,18406.941,57536.0,0.09,81.8
2014-08-01,53.54,102.6322,1.95,,6.1,,,0.0,,,0.09,82.5
2014-09-01,57.97,102.9417,1.97,,5.9,,,0.0,,,0.09,84.6
2014-10-01,66.29,102.9611,1.86,,5.7,-385.286,-41238.0,0.0,18500.031,57702.0,0.09,86.9
2014-11-01,58.18,103.5978,1.8,,5.8,,,0.0,,,0.09,88.8
2014-12-01,66.24,103.6151,1.57,,5.6,,,0.0,,,0.12,93.6
2015-01-01,80.65,102.7923,1.33,0.118627135552451,5.7,-443.637,-40500.0,0.0,18666.621,58121.0,0.11,98.1
2015-02-01,68.66,102.1366,1.36,,5.5,,,0.0,,,0.11,95.4
2015-03-01,62.27,101.7869,1.4,,5.4,,,1.0,,,0.11,93.0
2015-04-01,66.03,101.2255,1.4,,5.4,-458.897,-40254.0,1.0,18782.243,58376.0,0.12,95.9
2015-05-01,62.86,100.7675,1.59,,5.6,,,1.0,,,0.12,90.7
2015-06-01,67.03,100.4588,1.68,,5.3,,,1.0,,,0.13,96.1
2015-07-01,74.31,101.0893,1.66,,5.2,-496.2,-42062.0,1.0,18857.418,58486.0,0.13,93.1
2015-08-01,76.01,100.9165,1.47,,5.1,,,1.0,,,0.14,91.9
2015-09-01,87.06,100.633,1.46,,5.0,,,1.0,,,0.14,87.2
2015-10-01,65.75,100.1563,1.43,,5.0,-507.13,-40776.0,1.0,18892.206,58470.0,0.12,90.0
2015-11-01,55.51,99.4366,1.38,,5.1,,,1.0,,,0.12,91.3
2015-12-01,71.08,98.9471,1.26,,5.0,,,1.0,,,0.24,92.6
2016-01-01,80.38,99.4391,1.19,1.26158320570536,4.8,-510.318,-40050.0,1.0,19001.69,58704.0,0.34,92.0
2016-02-01,78.93,98.9232,1.05,,4.9,,,1.0,,,0.38,91.7
2016-03-01,63.63,98.1635,1.01,,5.0,,,1.0,,,0.36,91.0
2016-04-01,52.44,98.4775,1.04,,5.1,-496.323,-39600.0,1.0,19062.709,58787.0,0.37,89.0
2016-05-01,55.18,98.2549,0.99,,4.8,,,1.0,,,0.37,94.7
2016-06-01,133.65,98.7315,0.91,,4.9,,,1.0,,,0.38,93.5
2016-07-01,94.67,98.8452,0.83,,4.8,-479.531,-39027.0,1.0,19197.938,59084.0,0.39,90.0
2016-08-01,71.41,98.7427,0.82,,4.9,,,1.0,,,0.4,89.8
2016-09-01,50.29,98.6552,0.86,,5.0,,,1.0,,,0.4,91.2
2016-10-01,69.45,98.7237,0.92,,4.9,-537.183,-41142.0,1.0,19304.352,59296.0,0.4,87.2
2016-11-01,125.67,98.3443,1.16,,4.7,,,1.0,,,0.41,93.8
2016-12-01,123.93,99.0406,1.3,,4.7,,,1.0,,,0.54,98.2
2017-01-01,144.14,98.8158,1.23,2.13011000365961,4.7,-525.099,-41488.0,1.0,19398.343,59494.0,0.65,98.5
2017-02-01,119.43,98.4356,1.22,,4.6,,,1.0,,,0.66,96.3
2017-03-01,112.85,99.0492,1.17,,4.4,,,1.0,,,0.79,96.9
2017-04-01,101.36,100.0416,1.06,,4.4,-544.566,-43597.0,0.0,19506.949,59736.0,0.9,97.0
2017-05-01,92.19,100.128,1.0,,4.4,,,0.0,,,0.91,97.1
2017-06-01,95.06,100.337,0.84,,4.3,,,0.0,,,1.04,95.0
2017-07-01,100.41,100.0865,0.95,,4.3,-541.784,-42279.0,0.0,19660.766,60099.0,1.15,93.4
2017-08-01,73.29,99.6323,0.87,,4.4,,,0.0,,,1.16,96.8
2017-09-01,84.19,99.7482,0.82,,4.3,,,0.0,,,1.15,95.1
2017-10-01,70.21,100.9893,0.81,,4.2,-561.864,-44949.0,0.0,19882.352,60674.0,1.15,100.7
2017-11-01,91.2,101.2493,0.66,,4.2,,,0.0,,,1.16,98.5
2017-12-01,90.57,101.4871,0.56,,4.1,,,0.0,,,1.3,95.9
2018-01-01,114.8,101.4852,0.55,2.44258329692817,4.0,-558.487,-46407.0,0.0,20044.077,61093.0,1.41,95.7
2018-02-01,84.04,101.7319,0.68,,4.1,,,0.0,,,1.42,99.7
2018-03-01,76.38,102.1943,0.57,,4.0,,,0.0,,,1.51,101.4
2018-04-01,88.6,103.3551,0.48,,4.0,-549.033,-44290.0,0.0,20150.476,61336.0,1.69,98.8
2018-05-01,87.87,102.381,0.47,,3.8,,,0.0,,,1.7,98.0
2018-06-01,103.79,103.2256,0.38,,4.0,,,0.0,,,1.82,98.2
2018-07-01,99.53,103.3561,0.28,,3.8,-622.384,-49702.0,0.0,20276.154,61622.0,1.91,97.9
2018-08-01,85.71,104.0585,0.25,,3.8,,,0.0,,,1.91,96.2
2018-09-01,67.36,104.1038,0.24,,3.7,,,0.0,,,1.95,100.1
2018-10-01,90.25,103.9297,0.29,,3.8,-644.254,-52100.0,0.0,20304.874,61619.0,2.19,98.6
2018-11-01,79.47,104.0126,0.26,,3.8,,,0.0,,,2.2,97.5
2018-12-01,127.53,104.0451,0.16,,3.9,,,0.0,,,2.27,98.3
2019-01-01,146.59,103.3598,0.17,1.81221007526021,4.0,-619.366,-48170.0,0.0,20431.641,61939.0,2.4,91.2
2019-02-01,82.65,102.8251,0.17,,3.8,,,0.0,,,2.4,93.8
2019-03-01,94.66,102.8361,0.16,,3.8,,,0.0,,,2.41,98.4
2019-04-01,78.74,102.2748,0.19,,3.7,-649.034,-49840.0,0.0,20602.275,62385.0,2.42,97.2
2019-05-01,94.45,102.4176,0.19,,3.6,,,0.0,,,2.39,100.0
2019-06-01,137.37,102.5425,0.26,,3.6,,,0.0,,,2.38,98.2
2019-07-01,94.8,102.0057,0.22,,3.7,-634.972,-47171.0,0.0,20843.322,63022.0,2.4,98.4
2019-08-01,155.23,102.7814,0.06,,3.6,,,0.0,,,2.13,89.8
2019-09-01,118.31,102.4601,0.05,,3.5,,,0.0,,,2.04,93.2
2019-10-01,98.0,101.5878,0.16,,3.6,-561.926,-41243.0,0.0,20985.448,63360.0,1.83,95.5
2019-11-01,81.04,102.1494,0.2,,3.6,,,0.0,,,1.55,96.8
2019-12-01,121.31,101.9421,0.25,,3.6,,,0.0,,,1.55,99.3
2020-01-01,110.07,101.3372,0.24,1.23358439630629,3.6,-557.833,-41956.0,1.0,20693.238,62415.0,1.55,99.8
2020-02-01,113.26,101.6718,0.17,,3.5,,,1.0,,,1.58,101.0
2020-03-01,380.39,97.606,0.42,,4.4,,,1.0,,,0.65,89.1
2020-04-01,555.32,84.6812,0.43,,14.8,-557.937,-51681.0,1.0,19056.617,57440.0,0.05,71.8
2020-05-01,484.18,86.0108,0.5,,13.2,,,1.0,,,0.05,72.3
2020-06-01,313.92,91.6745,0.54,,11.0,,,0.0,,,0.08,78.1
2020-07-01,359.45,95.0037,0.48,,10.2,-730.558,-59242.0,0.0,20548.793,61906.0,0.09,72.5
2020-08-01,298.59,95.9294,0.51,,8.4,,,0.0,,,0.1,74.1
2020-09-01,247.74,95.8914,0.54,,7.8,,,0.0,,,0.09,80.4
2020-10-01,271.43,96.5256,0.64,,6.9,-807.391,-62468.0,0.0,20771.691,62544.0,0.09,81.8
2020-11-01,264.69,96.9529,0.7,,6.7,,,0.0,,,0.09,76.9
2020-12-01,238.67,98.2039,0.8,,6.7,,,0.0,,,0.09,80.7
2021-01-01,216.06,98.8135,0.95,4.69785886363742,6.4,-866.766,-64705.0,0.0,21058.379,63418.0,0.09,79.0
2021-02-01,154.4,95.5072,1.14,,6.2,,,0.0,,,0.08,76.8
2021-03-01,176.7,98.1929,1.46,,6.1,,,0.0,,,0.07,84.9
2021-04-01,122.48,98.3317,1.47,,6.1,-911.456,-67360.0,0.0,21389.005,64383.0,0.07,88.3
2021-05-01,129.44,99.1867,1.47,,5.8,,,0.0,,,0.06,82.9
2021-06-01,113.15,99.6483,1.32,,5.9,,,0.0,,,0.08,85.5
2021-07-01,130.01,100.0668,1.1,,5.4,-971.966,-72138.0,0.0,21571.421,64850.0,0.1,81.2
2021-08-01,124.14,100.0412,1.07,,5.1,,,0.0,,,0.09,70.3
2021-09-01,120.23,98.9955,1.13,,4.7,,,0.0,,,0.08,72.8
2021-10-01,109.65,100.3542,1.19,,4.5,-996.019,-74889.0,0.0,21960.388,65925.0,0.08,71.7
2021-11-01,135.15,101.2684,1.05,,4.2,,,0.0,,,0.08,67.4
2021-12-01,137.13,101.1948,0.79,,3.9,,,0.0,,,0.08,70.6
2022-01-01,145.67,101.2146,0.78,8.00279982052121,4.0,-1132.084,-89227.0,0.0,21903.85,65684.0,0.08,67.2
2022-02-01,127.99,101.8458,0.5,,3.8,,,0.0,,,0.08,62.8
2022-03-01,186.61,102.6732,0.22,,3.7,,,0.0,,,0.2,59.4
2022-04-01,136.31,102.9024,0.21,,3.7,-1111.239,-81607.0,0.0,21919.222,65631.0,0.33,65.2
2022-05-01,133.78,102.9659,0.28,,3.6,,,0.0,,,0.77,58.4
2022-06-01,133.47,102.8224,0.15,,3.6,,,0.0,,,1.21,50.0
2022-07-01,146.9,103.0505,-0.14,,3.5,-978.244,-67712.0,0.0,22066.784,65939.0,1.68,51.5
2022-08-01,119.16,103.1703,-0.35,,3.6,,,0.0,,,2.33,58.2
2022-09-01,109.56,103.5326,-0.34,,3.5,,,0.0,,,2.56,58.6
2022-10-01,139.83,103.4442,-0.39,,3.6,-945.263,-69364.0,,22249.459,66341.0,3.08,59.9
2022-11-01,147.65,103.1058,-0.61,,3.6,,,,,,3.78,56.7
2022-12-01,132.44,101.8266,-0.67,,3.5,,,,,,4.1,59.8
2023-01-01,186.77,102.7476,-0.68,4.11633838374488,3.5,-926.041,-65530.0,,22403.435,66673.0,4.33,64.9
2023-02-01,120.97,102.8003,-0.79,,3.6,,,,,,4.57,66.9
2023-03-01,140.28,102.8143,-0.64,,3.5,,,,,,4.65,62.0
2023-04-01,138.76,103.2241,-0.56,,3.4,-929.624,-67362.0,,22539.418,66945.0,4.83,63.7
2023-05-01,190.46,102.9809,-0.56,,3.6,,,,,,5.06,59.0
2023-06-01,122.39,102.3809,-0.89,,3.6,,,,,,5.08,64.2
2023-07-01,101.65,103.0722,-0.93,,3.5,-938.924,-60830.0,,22780.933,67499.0,5.12,71.5
2023-08-01,97.62,103.0951,-0.73,,3.7,,,,,,5.33,69.4
2023-09-01,89.23,103.3081,-0.64,,3.8,,,,,,5.33,67.8
2023-10-01,140.11,102.5781,-0.27,,3.9,-936.699,-64347.0,,22960.6,67858.0,5.33,63.8
2023-11-01,114.53,102.8868,-0.38,,3.7,,,,,,5.33,61.3
2023-12-01,128.03,102.6309,-0.44,,3.8,,,,,,5.33,69.7
2024-01-01,143.07,101.483,-0.26,2.94952520485207,3.7,-976.986,-66591.0,,23053.545,67981.0,5.33,79.0
2024-02-01,133.41,102.7267,-0.34,,3.9,,,,,,5.33,76.9
2024-03-01,112.76,102.5186,-0.38,,3.9,,,,,,5.33,79.4
2024-04-01,119.9,102.3568,-0.33,,3.9,-1035.661,-73819.0,,23223.906,68320.0,5.33,77.2
2024-05-01,91.2,102.9797,-0.37,,4.0,,,,,,5.33,69.1
2024-06-01,86.6,103.2534,-0.43,,4.1,,,,,,5.33,68.2
2024-07-01,144.07,102.5192,-0.25,,4.2,-1069.229,-77117.0,,23400.294,68696.0,5.33,66.4
2024-08-01,104.59,103.0196,-0.09,,4.2,,,,,,5.33,67.9
2024-09-01,100.9,102.5954,0.1,,4.1,,,,,,5.13,70.1
2024-10-01,117.27,102.2138,0.12,,4.1,-1052.658,-83650.0,,23542.349,69006.0,4.83,70.5
2024-11-01,232.69,101.9503,0.1,,4.2,,,,,,4.64,71.8
2024-12-01,184.92,103.0723,0.17,,4.1,,,,,,4.48,74.0
2025-01-01,252.38,103.2131,0.36,,4.0,-1379.028,-130200.0,,23528.047,68878.0,4.33,71.7
2025-02-01,328.43,104.149,0.24,,4.1,,,,,,4.33,64.7
2025-03-01,503.67,103.8865,0.31,,4.2,,,,,,4.33,57.0
2025-04-01,560.88,103.8799,0.5,,4.2,,,,,,4.33,52.2
2025-05-01,498.59,,0.5,,4.2,,,,,,4.33,
2025-06-01,,,,,,,,,,,,
