date,EPU_CAN,IP_CAN,10YS_CAN,INF_CAN,EX_CAN,IM_CAN,RECESS_CAN,GDP_CAN,GDPC_CAN,EXR_CAN,CCI_CAN,UNEMP_CAN
1955-01-01,,,3.14,,,,,,,,,
1955-04-01,,,3.1,,,,,,,,,
1955-07-01,,,3.1933333333333302,,,,,,,,,
1955-10-01,,,3.32333333333333,,,,,,,,,
1956-01-01,,,3.34666666666667,,,,,,,,,
1956-04-01,,,3.51,,,,,,,,,
1956-07-01,,,3.66333333333333,,,,,,,,,
1956-10-01,,,3.90333333333333,,,,,,,,,
1956-11-01,,,,,,,,,,,,
1956-12-01,,,,,,,,,,,,
1957-01-01,,,4.05333333333333,,,,,,,,,
1957-02-01,,,,,,,,,,,,
1957-03-01,,,,,,,,,,,,
1957-04-01,,,4.14666666666667,,,,,,,,,
1957-05-01,,,,,,,,,,,,
1957-06-01,,,,,,,,,,,,
1957-07-01,,,4.3,,,,,,,,,
1957-08-01,,,,,,,,,,,,
1957-09-01,,,,,,,,,,,,
1957-10-01,,,4.0,,,,,,,,,
1957-11-01,,,,,,,,,,,,
1957-12-01,,,,,,,,,,,,
1958-01-01,,,3.94333333333333,,,,,,,,,
1958-02-01,,,,,,,,,,,,
1958-03-01,,,,,,,,,,,,
1958-04-01,,,3.90666666666667,,,,,,,,,
1958-05-01,,,,,,,,,,,,
1958-06-01,,,,,,,,,,,,
1958-07-01,,,4.12,,,,,,,,,
1958-08-01,,,,,,,,,,,,
1958-09-01,,,,,,,,,,,,
1958-10-01,,,4.4933333333333305,,,,,,,,,
1958-11-01,,,,,,,,,,,,
1958-12-01,,,,,,,,,,,,
1959-01-01,,,4.72333333333333,,,,,,,,,
1959-02-01,,,,,,,,,,,,
1959-03-01,,,,,,,,,,,,
1959-04-01,,,4.92333333333333,,,,,,,,,
1959-05-01,,,,,,,,,,,,
1959-06-01,,,,,,,,,,,,
1959-07-01,,,5.21333333333333,,,,,,,,,
1959-08-01,,,,,,,,,,,,
1959-09-01,,,,,,,,,,,,
1959-10-01,,,5.33333333333333,,,,,,,,,
1959-11-01,,,,,,,,,,,,
1959-12-01,,,,,,,,,,,,
1960-01-01,,,5.46333333333333,1.35869565217392,,,,,14733.0,,,
1960-02-01,,,,,,,0.0,,,,,
1960-03-01,,,,,,,0.0,,,,,
1960-04-01,,,5.19,,,,0.0,,,,,
1960-05-01,,,,,,,0.0,,,,,
1960-06-01,,,,,,,0.0,,,,,
1960-07-01,,,4.9533333333333305,,,,0.0,,,,,
1960-08-01,,,,,,,0.0,,,,,
1960-09-01,,,,,,,0.0,,,,,
1960-10-01,,,5.14666666666667,,,,0.0,,,,,
1960-11-01,,,,,,,0.0,,,,,
1960-12-01,,,,,,,0.0,,,,,
1961-01-01,,22.0498,5.19333333333333,1.01876675603211,11665.5,10125.5,0.0,90980.8,14894.0,,,
1961-02-01,,22.07201,,,,,0.0,,,,,
1961-03-01,,21.9865,,,,,0.0,,,,,
1961-04-01,,22.44758,5.14,,11536.8,10095.0,0.0,93284.5,,,,
1961-05-01,,22.56096,,,,,0.0,,,,,
1961-06-01,,22.93323,,,,,0.0,,,,,
1961-07-01,,23.15858,4.97333333333333,,11898.3,10187.0,0.0,95554.5,,,,
1961-08-01,,23.03338,,,,,0.0,,,,,
1961-09-01,,23.58045,,,,,0.0,,,,,
1961-10-01,,23.78926,4.926666666666669,,12150.8,10923.8,0.0,96854.5,,,,
1961-11-01,,23.88705,,,,,0.0,,,,,
1961-12-01,,24.03445,,,,,0.0,,,,,
1962-01-01,,24.13365,4.93,1.06157112526535,12266.5,10932.5,0.0,99431.8,15642.0,,,
1962-02-01,,24.36656,,,,,1.0,,,,,
1962-03-01,,24.70623,,,,,1.0,,,,,
1962-04-01,,24.79504,4.94333333333333,,12308.5,10641.8,1.0,100222.0,,,,
1962-05-01,,25.20747,,,,,1.0,,,,,
1962-06-01,,25.50084,,,,,1.0,,,,,
1962-07-01,,25.80461,5.40333333333333,,12108.8,10533.5,1.0,101503.8,,,,
1962-08-01,,25.28683,,,,,1.0,,,,,
1962-09-01,,25.88303,,,,,1.0,,,,,
1962-10-01,,25.71343,5.12,,12758.3,10182.5,1.0,103495.5,,,,
1962-11-01,,25.73564,,,,,1.0,,,,,
1962-12-01,,25.71343,,,,,1.0,,,,,
1963-01-01,,25.73705,5.10666666666667,1.62815126050428,12867.5,10232.8,1.0,104151.8,16168.0,,,
1963-02-01,,25.95153,,,,,1.0,,,,,
1963-03-01,,26.238290000000003,,,,,1.0,,,,,
1963-04-01,,26.279390000000003,4.97,,13156.8,10516.8,1.0,105666.5,,,,
1963-05-01,,26.63891,,,,,1.0,,,,,
1963-06-01,,27.00645,,,,,1.0,,,,,
1963-07-01,,26.48159,5.16666666666667,,13247.5,10952.0,0.0,106469.5,,,,
1963-08-01,,26.49198,,,,,0.0,,,,,
1963-09-01,,27.58706,,,,,0.0,,,,,
1963-10-01,,27.56816,5.12,,14520.3,11391.8,0.0,109801.5,,,,
1963-11-01,,28.03916,,,,,0.0,,,,,
1963-12-01,,28.33443,,,,,0.0,,,,,
1964-01-01,,28.55552,5.18666666666667,1.91214470284237,14758.5,11833.8,0.0,112550.3,16894.0,,,
1964-02-01,,29.03833,,,,,0.0,,,,,
1964-03-01,,28.85929,,,,,0.0,,,,,
1964-04-01,,29.06715,5.21333333333333,,15715.8,12262.5,0.0,112971.8,,,,
1964-05-01,,29.40116,,,,,0.0,,,,,
1964-06-01,,29.42808,,,,,0.0,,,,,
1964-07-01,,29.21786,5.22333333333333,,15476.5,12077.3,0.0,114177.5,,,,
1964-08-01,,29.46918,,,,,0.0,,,,,
1964-09-01,,30.12065,,,,,0.0,,,,,
1964-10-01,,30.06774,5.11333333333333,,15151.8,12377.8,0.0,114750.3,,,,
1964-11-01,,30.598740000000003,,,,,0.0,,,,,
1964-12-01,,30.60583,,,,,0.0,,,,,
1965-01-01,,31.04943,5.02333333333333,2.33265720081135,15277.8,13064.0,0.0,118400.5,17647.0,,,
1965-02-01,,30.87653,,,,,0.0,,,,,
1965-03-01,,31.52233,,,,,0.0,,,,,
1965-04-01,,31.48831,5.09333333333333,,15494.8,13390.8,0.0,119484.5,,,,
1965-05-01,,31.69051,,,,,0.0,,,,,
1965-06-01,,31.74248,,,,,0.0,,,,,
1965-07-01,,32.56969,5.28,,16111.5,13816.3,0.0,121152.0,,,,
1965-08-01,,31.84168,,,,,0.0,,,,,
1965-09-01,,32.53567,,,,,0.0,,,,,
1965-10-01,,33.264140000000005,5.4,,16990.0,14791.0,0.0,124121.3,,,,
1965-11-01,,33.41768,,,,,0.0,,,,,
1965-12-01,,33.91703,,,,,0.0,,,,,
1966-01-01,,33.89624,5.52666666666667,3.81565906838453,17259.8,15009.3,0.0,126536.5,18472.0,,,
1966-02-01,,34.07718,,,,,0.0,,,,,
1966-03-01,,33.97183,,,,,0.0,,,,,
1966-04-01,,34.18962,5.61333333333333,,17568.8,15259.3,1.0,129268.0,,,,
1966-05-01,,34.20285,,,,,1.0,,,,,
1966-06-01,,34.22883,,,,,1.0,,,,,
1966-07-01,,34.08332,5.7966666666666695,,18636.8,15787.8,1.0,129206.3,,,,
1966-08-01,,33.53673,,,,,1.0,,,,,
1966-09-01,,34.39512,,,,,1.0,,,,,
1966-10-01,,34.782509999999995,5.80333333333333,,18795.8,16363.5,1.0,130807.5,,,,
1966-11-01,,34.63842,,,,,1.0,,,,,
1966-12-01,,34.68094,,,,,1.0,,,,,
1967-01-01,,34.93699,5.56333333333333,3.57995226730312,19123.5,16391.8,1.0,130512.8,18672.0,,,
1967-02-01,,34.62236,,,,,1.0,,,,,
1967-03-01,,34.6729,,,,,1.0,,,,,
1967-04-01,,35.01777,5.69333333333333,,20341.3,16576.0,1.0,133231.8,,,,
1967-05-01,,34.89778,,,,,1.0,,,,,
1967-06-01,,35.06454,,,,,1.0,,,,,
1967-07-01,,35.19635,5.94,,20248.0,16558.5,1.0,133651.8,,,,
1967-08-01,,35.79207,,,,,1.0,,,,,
1967-09-01,,35.67775,,,,,1.0,,,,,
1967-10-01,,35.43587,6.39666666666667,,20305.8,16419.3,1.0,134234.0,,,,
1967-11-01,,35.97396,,,,,1.0,,,,,
1967-12-01,,36.3774,,,,,1.0,,,,,
1968-01-01,,36.18796,6.68666666666667,4.05529953917047,21367.0,17844.8,0.0,135378.3,19284.0,,,
1968-02-01,,36.04623,,,,,0.0,,,,,
1968-03-01,,36.24985,,,,,0.0,,,,,
1968-04-01,,37.18902,6.72,,22129.8,17252.5,0.0,139017.8,,,,
1968-05-01,,37.66003,,,,,0.0,,,,,
1968-06-01,,37.95624,,,,,0.0,,,,,
1968-07-01,,37.80553,6.52,,22704.5,17929.3,0.0,140954.0,,,,
1968-08-01,,38.313390000000005,,,,,0.0,,,,,
1968-09-01,,38.72959,,,,,0.0,,,,,
1968-10-01,,38.97667,6.97333333333333,,23650.3,19710.0,0.0,142905.8,,,,
1968-11-01,,39.45428,,,,,0.0,,,,,
1968-12-01,,39.39807,,,,,1.0,,,,,
1969-01-01,,39.54216,7.21,4.56155890168292,23919.8,20481.8,1.0,144862.3,19966.0,,,
1969-02-01,,40.08733,,,,,1.0,,,,,
1969-03-01,,40.77612,,,,,1.0,,,,,
1969-04-01,,40.3911,7.38666666666667,,23671.3,20562.8,1.0,145458.3,,,,
1969-05-01,,40.35661,,,,,1.0,,,,,
1969-06-01,,40.41803,,,,,1.0,,,,,
1969-07-01,,40.76431,7.59,,23985.8,20358.8,1.0,147072.0,,,,
1969-08-01,,40.01883,,,,,1.0,,,,,
1969-09-01,,40.14355,,,,,1.0,,,,,
1969-10-01,,39.82891,8.04666666666667,,25452.3,21073.8,1.0,149150.3,,,,
1969-11-01,,40.31173,,,,,1.0,,,,,
1969-12-01,,40.67691,,,,,1.0,,,,,
1970-01-01,,40.41944,8.2,3.34603981363832,26393.8,20431.0,1.0,150072.0,20286.0,,,
1970-02-01,,40.79171,,,,,1.0,,,,,
1970-03-01,,40.11331,,,,,1.0,,,,,
1970-04-01,,39.5346,8.04,,26383.0,20632.8,1.0,150084.5,,,,
1970-05-01,,39.61963,,,,,1.0,,,,,
1970-06-01,,39.50105,,,,,1.0,,,,,
1970-07-01,,39.51523,7.96,,26636.8,20673.5,1.0,151637.8,,,,
1970-08-01,,39.82513,,,,,1.0,,,,,
1970-09-01,,39.29366,,,,,1.0,,,,,
1970-10-01,,39.27996,7.66333333333333,,26515.8,19536.5,1.0,151868.0,,,,
1970-11-01,,39.73821,,,,,1.0,,,,,
1970-12-01,,40.003240000000005,,,,,1.0,,,,,
1971-01-01,,40.37976,6.76666666666667,2.70491803278685,27010.3,19856.5,1.0,151086.8,20507.0,1.011825,,
1971-02-01,,40.63817,,,,,1.0,,,1.0074666666666667,,
1971-03-01,,40.79266,,,,,0.0,,,1.0063739130434783,,
1971-04-01,,40.85927,7.09,,27413.8,21383.0,0.0,155498.3,,1.0077,,
1971-05-01,,41.43657,,,,,0.0,,,1.0087199999999998,,
1971-06-01,,41.70963,,,,,0.0,,,1.0213363636363637,,
1971-07-01,,41.8419,7.25,,28774.8,22519.0,0.0,159795.5,,1.0213142857142856,,
1971-08-01,,42.99981,,,,,0.0,,,1.0130181818181818,,
1971-09-01,,43.269090000000006,,,,,0.0,,,1.013,,
1971-10-01,,43.45995,6.67333333333333,,27887.3,23111.0,0.0,161542.0,,1.0047000000000001,,
1971-11-01,,43.17366,,,,,0.0,,,1.00393,,
1971-12-01,,43.78167,,,,,0.0,,,0.9993260869565218,,
1972-01-01,,44.04622,6.86666666666667,4.98802873104551,28230.5,23130.8,0.0,161001.5,21375.0,1.0059095238095237,,
1972-02-01,,43.50294,,,,,0.0,,,1.004715,,
1972-03-01,,44.00748,,,,,0.0,,,0.9984782608695653,,
1972-04-01,,45.15075,7.34666666666667,,30508.3,24548.5,0.0,165565.8,,0.995715,,
1972-05-01,,44.8295,,,,,0.0,,,0.9889454545454545,,
1972-06-01,,45.28491,,,,,0.0,,,0.9795363636363636,,
1972-07-01,,45.48616,7.47333333333333,,29612.8,25196.3,0.0,166057.0,,0.9839500000000001,,
1972-08-01,,45.56978,,,,,0.0,,,0.9824086956521739,,
1972-09-01,,46.69462,,,,,0.0,,,0.983005,,
1972-10-01,,47.57521,7.21333333333333,,32316.3,26383.8,0.0,169957.5,,0.9827349999999999,,
1972-11-01,,48.156290000000006,,,,,0.0,,,0.9873799999999999,,
1972-12-01,,48.40998,,,,,0.0,,,0.9967499999999999,,
1973-01-01,,48.83327,7.2,7.48764728240211,33632.8,27748.8,0.0,174319.5,22585.0,0.9992863636363637,,
1973-02-01,,50.28266,,,,,0.0,,,0.995638888888889,,
1973-03-01,,50.89067,,,,,0.0,,,0.9966727272727273,,
1973-04-01,,50.49478,7.56,,33907.5,28026.3,0.0,175982.5,,1.0007190476190477,,
1973-05-01,,50.61713,,,,,0.0,,,1.00075,,
1973-06-01,,50.99318,,,,,0.0,,,0.9984,,
1973-07-01,,51.93661,7.79,,32200.3,28302.5,0.0,176800.8,,0.9995142857142857,,
1973-08-01,,50.51084,,,,,0.0,,,1.0039478260869565,,
1973-09-01,,51.01113,,,,,0.0,,,1.0082684210526316,,
1973-10-01,,51.56434,7.56333333333333,,33088.0,30131.3,0.0,180061.8,,1.0010999999999999,,
1973-11-01,,52.19172,,,,,0.0,,,0.999085,,
1973-12-01,,52.02495,,,,,0.0,,,0.99942,,
1974-01-01,,52.7487,7.796666666666669,10.997171145686,32008.3,30958.0,1.0,181552.0,23094.0,0.9914999999999999,,
1974-02-01,,52.75012,,,,,1.0,,,0.9766111111111111,,
1974-03-01,,52.9868,,,,,1.0,,,0.9720428571428572,,
1974-04-01,,52.04951,8.906666666666661,,31662.5,31238.8,1.0,183414.3,,0.9675545454545454,,
1974-05-01,,52.679730000000006,,,,,1.0,,,0.9623272727272727,,
1974-06-01,,51.95834,,,,,1.0,,,0.966375,,
1974-07-01,,51.70512,9.71666666666667,,32183.3,31738.8,1.0,183449.5,,0.9763454545454546,,
1974-08-01,,51.64654,,,,,1.0,,,0.9798954545454546,,
1974-09-01,,50.98326,,,,,1.0,,,0.9863649999999999,,
1974-10-01,,50.91098,9.06,,30981.0,31509.8,1.0,182493.8,,0.9830181818181818,,
1974-11-01,,49.99448,,,,,1.0,,,0.9873666666666667,,
1974-12-01,,49.877790000000005,,,,,1.0,,,0.9882285714285715,,
1975-01-01,,48.18652,8.29333333333333,10.672188595094,28891.3,30785.0,1.0,181499.5,23175.0,0.9947727272727274,,
1975-02-01,,48.21912,,,,,1.0,,,1.0004277777777777,,
1975-03-01,,47.39144,,,,,1.0,,,1.0004571428571427,,
1975-04-01,,47.82465,8.78,,29238.8,30065.8,1.0,183828.0,,1.0110181818181818,,
1975-05-01,,46.70596,,,,,0.0,,,1.0285904761904763,,
1975-06-01,,47.35601,,,,,0.0,,,1.0264238095238096,,
1975-07-01,,48.01126,9.39,,29142.5,29995.8,0.0,187354.8,,1.0308772727272728,,
1975-08-01,,47.64655,,,,,0.0,,,1.0354095238095238,,
1975-09-01,,47.87992,,,,,0.0,,,1.0263047619047618,,
1975-10-01,,47.42215,9.51,,29051.8,30494.5,0.0,189522.8,,1.0250545454545454,,
1975-11-01,,48.49643,,,,,0.0,,,1.0138882352941176,,
1975-12-01,,49.3964,,,,,0.0,,,1.0139272727272728,,
1976-01-01,,49.3312,9.38333333333333,7.54173862982148,29963.3,31705.3,0.0,192825.5,24061.0,1.0064761904761905,,
1976-02-01,,49.65339,,,,,0.0,,,0.9935277777777779,,
1976-03-01,,50.42627,,,,,0.0,,,0.9858826086956521,,
1976-04-01,,51.04893,9.32666666666666,,31674.0,32887.0,0.0,196983.8,,0.9835954545454545,,
1976-05-01,,51.71882,,,,,0.0,,,0.98018,,
1976-06-01,,50.98562,,,,,1.0,,,0.9736090909090909,,
1976-07-01,,51.01917,9.27,,32410.8,32138.3,1.0,197893.3,,0.9722333333333333,,
1976-08-01,,51.54213,,,,,1.0,,,0.9853727272727273,,
1976-09-01,,51.6711,,,,,1.0,,,0.9750714285714286,,
1976-10-01,,50.79523,8.93666666666667,,31382.3,32127.3,1.0,198213.0,,0.97271,,
1976-11-01,,51.811890000000005,,,,,1.0,,,0.9858789473684211,,
1976-12-01,,51.96542,,,,,1.0,,,1.0183347826086957,,
1977-01-01,,52.93956,8.61,7.9764453961457,32684.0,32163.3,1.0,201253.3,24603.0,1.0102857142857142,,
1977-02-01,,52.25219,,,,,1.0,,,1.027857894736842,,
1977-03-01,,52.33958,,,,,1.0,,,1.0512565217391303,,
1977-04-01,,51.9692,8.78333333333333,,33329.8,32713.8,1.0,202280.3,,1.0514999999999999,,
1977-05-01,,52.58997,,,,,1.0,,,1.0486,,
1977-06-01,,53.12616,,,,,1.0,,,1.0576636363636363,,
1977-07-01,,52.82287,8.65333333333334,,33533.5,32064.8,1.0,203469.3,,1.0612368421052631,,
1977-08-01,,52.96979,,,,,0.0,,,1.0749521739130434,,
1977-09-01,,52.74067,,,,,0.0,,,1.0733428571428572,,
1977-10-01,,53.10065,8.72666666666667,,33992.5,31224.8,0.0,206693.5,,1.0989,,
1977-11-01,,53.25986,,,,,0.0,,,1.109315789473684,,
1977-12-01,,53.39544,,,,,0.0,,,1.0973238095238096,,
1978-01-01,,53.49607,9.08333333333334,8.97372335151214,35409.0,31138.3,0.0,208478.5,25323.0,1.1012333333333335,,
1978-02-01,,53.89338000000001,,,,,0.0,,,1.1129777777777778,,
1978-03-01,,53.6978,,,,,0.0,,,1.1258391304347826,,
1978-04-01,,54.70264,9.20666666666667,,36529.5,33191.0,0.0,209897.5,,1.141685,,
1978-05-01,,54.0455,,,,,0.0,,,1.1186363636363637,,
1978-06-01,,55.13206,,,,,0.0,,,1.1218000000000001,,
1978-07-01,,54.31619,9.16,,37110.8,33235.8,0.0,211855.5,,1.1246,,
1978-08-01,,54.57697,,,,,0.0,,,1.140395652173913,,
1978-09-01,,55.94794,,,,,0.0,,,1.16641,,
1978-10-01,,56.13502,9.49333333333334,,37848.5,34900.3,0.0,213864.3,,1.1827999999999999,,
1978-11-01,,56.6698,,,,,0.0,,,1.173105,,
1978-12-01,,57.55416999999999,,,,,0.0,,,1.179785,,
1979-01-01,,57.46535,9.88666666666667,9.14467697907181,38725.5,35233.8,0.0,215570.5,26027.0,1.1899,,
1979-02-01,,57.55653,,,,,0.0,,,1.195638888888889,,
1979-03-01,,57.431340000000006,,,,,0.0,,,1.1739454545454544,,
1979-04-01,,57.06332,9.75333333333333,,37171.3,34897.0,0.0,218430.3,,1.146352380952381,,
1979-05-01,,58.03604,,,,,0.0,,,1.155640909090909,,
1979-06-01,,57.64771,,,,,0.0,,,1.1724,,
1979-07-01,,58.28501,10.02,,38470.5,35624.0,0.0,220031.5,,1.1638809523809523,,
1979-08-01,,58.25761,,,,,0.0,,,1.1706260869565217,,
1979-09-01,,58.13761,,,,,0.0,,,1.1653105263157895,,
1979-10-01,,58.05021,11.0566666666667,,38136.5,35922.3,0.0,221507.8,,1.1753545454545455,,
1979-11-01,,57.56126,,,,,0.0,,,1.179678947368421,,
1979-12-01,,56.81342,,,,,0.0,,,1.17001,,
1980-01-01,,57.57779,12.506666666666698,10.1292205085453,39237.0,35378.3,0.0,223045.8,26250.0,1.164,99.9551162603295,
1980-02-01,,56.55122,,,,,0.0,,,1.155484210526316,99.8729586075897,
1980-03-01,,57.20789,,,,,0.0,,,1.173147619047619,99.7479083164319,
1980-04-01,,55.93707,11.746666666666698,,37599.8,34027.3,0.0,222948.3,,1.1860954545454545,99.5763377627602,
1980-05-01,,54.55807,,,,,0.0,,,1.1741285714285714,99.5189346279581,
1980-06-01,,54.21368,,,,,0.0,,,1.1516095238095239,99.6156837369295,
1980-07-01,,54.70027,12.19,,37818.3,32862.8,0.0,222763.0,,1.1523363636363635,99.843270192901,
1980-08-01,,54.44611,,,,,0.0,,,1.159247619047619,100.01833026845,
1980-09-01,,55.69944,,,,,0.0,,,1.1646904761904762,100.146984265563,
1980-10-01,,56.34383,12.91,,39500.3,34979.0,0.0,225845.3,,1.1690772727272727,100.249776440082,
1980-11-01,,56.45343,,,,,0.0,,,1.1864470588235294,100.2330210046,
1980-12-01,,56.90411999999999,,,,,0.0,,,1.1967727272727273,100.04655812322,
1981-01-01,,56.28052,13.163333333333302,12.4716124148372,38791.5,34668.8,0.0,230710.8,26836.0,1.190852380952381,99.7005093470412,
1981-02-01,,56.62114,,,,,0.0,,,1.1984388888888888,99.4517404955396,
1981-03-01,,56.49925,,,,,0.0,,,1.191440909090909,99.2545215328695,
1981-04-01,,57.67889,14.7833333333333,,39859.3,36850.8,0.0,233233.3,,1.1909863636363636,99.0092954193665,
1981-05-01,,56.782230000000006,,,,,1.0,,,1.200985,98.7598970742165,
1981-06-01,,57.12521,,,,,1.0,,,1.2040954545454545,98.3818033705497,
1981-07-01,,57.181430000000006,16.446666666666697,,38926.5,35184.3,1.0,231136.3,,1.210713043478261,97.8315314805897,
1981-08-01,,55.02861,,,,,1.0,,,1.2231666666666665,97.524732579321,
1981-09-01,,56.38729,,,,,1.0,,,1.2008476190476192,97.4612196626979,
1981-10-01,,55.5648,15.563333333333302,,39204.0,33856.5,1.0,230073.3,,1.202861904761905,97.5317664489136,
1981-11-01,,54.52406,,,,,1.0,,,1.1872,97.581620295023,
1981-12-01,,54.84814,,,,,1.0,,,1.1851,97.5541191109566,
1982-01-01,,54.06439,15.4766666666667,10.7689718997139,38376.3,31239.5,1.0,227440.3,25761.0,1.192555,97.440837513411,
1982-02-01,,54.13762,,,,,1.0,,,1.2140055555555556,97.3090880099154,
1982-03-01,,53.48095,,,,,1.0,,,1.2205173913043479,97.1178212292458,
1982-04-01,,51.99235,15.1966666666667,,39099.3,29566.5,1.0,224821.8,,1.2252363636363635,96.8493754249206,
1982-05-01,,52.39816,,,,,1.0,,,1.233615,96.7007432558705,
1982-06-01,,51.49064,,,,,1.0,,,1.2755681818181819,96.6863696845534,
1982-07-01,,50.46218,15.017,,40282.5,29462.8,1.0,222828.0,,1.269952380952381,96.7867841460044,
1982-08-01,,51.41458,,,,,1.0,,,1.2452,96.9629741191532,
1982-09-01,,50.80658,,,,,1.0,,,1.2347857142857142,97.3159351186192,
1982-10-01,,49.85464,12.050999999999998,,36909.8,28002.8,1.0,220771.8,,1.230105,97.9104807215623,
1982-11-01,,50.67949,,,,,1.0,,,1.2261578947368421,98.4222815682169,
1982-12-01,,50.32045,,,,,0.0,,,1.238491304347826,99.0182999143992,
1983-01-01,,51.24971,11.327833333333302,5.86358802977368,37928.5,29577.8,0.0,224379.8,26200.0,1.228657142857143,99.844988784852,
1983-02-01,,51.29459,,,,,0.0,,,1.2277,100.432273627062,
1983-03-01,,51.64276,,,,,0.0,,,1.2263391304347826,100.9161209607,
1983-04-01,,52.48792,10.941166666666698,,40515.5,30943.8,0.0,228806.3,,1.2324666666666666,101.451253535407,
1983-05-01,,52.82003,,,,,0.0,,,1.2291619047619047,101.727302997157,
1983-06-01,,54.44422,,,,,0.0,,,1.2323318181818181,101.783297799148,
1983-07-01,,54.442330000000005,11.709166666666698,,41076.5,33506.3,0.0,231376.8,,1.23234,101.731613740046,
1983-08-01,,55.82133,,,,,0.0,,,1.2337608695652174,101.701979161996,
1983-09-01,,56.95184,,,,,0.0,,,1.2325619047619047,101.740550322994,
1983-10-01,,56.44445,11.6161666666667,,44057.0,36291.3,0.0,234253.3,,1.231995,101.839545974933,
1983-11-01,,57.20551999999999,,,,,0.0,,,1.2366736842105264,101.898676202605,
1983-12-01,,58.93979,,,,,0.0,,,1.2469,101.903494234007,
1984-01-01,,58.56562,12.144,4.30477830391737,46222.0,37681.8,0.0,238310.5,27463.0,1.2484333333333333,101.866266212661,
1984-02-01,,58.36768000000001,,,,,0.0,,,1.2480473684210527,101.82115316622,
1984-03-01,,59.2034,,,,,0.0,,,1.269718181818182,101.757179571246,
1984-04-01,,60.977340000000005,13.514166666666698,,47720.3,38154.8,0.0,242935.3,,1.2796285714285713,101.663346399654,
1984-05-01,,61.7266,,,,,0.0,,,1.2943636363636364,101.592604713682,
1984-06-01,,61.73652,,,,,0.0,,,1.3039619047619047,101.524079796083,
1984-07-01,,62.64168000000001,13.1365,,50433.3,39424.3,0.0,243979.8,,1.3237761904761904,101.4338128361,
1984-08-01,,62.704980000000006,,,,,0.0,,,1.3035086956521738,101.363285847057,
1984-09-01,,61.65148000000001,,,,,0.0,,,1.3145368421052632,101.29295487102,
1984-10-01,,62.91049,12.0455,,49713.0,37800.0,0.0,247787.5,,1.3189545454545455,101.21277696783,
1984-11-01,,62.71065,,,,,0.0,,,1.3168368421052632,101.192541191152,
1984-12-01,,62.78907,,,,,0.0,,,1.320095,101.254096399726,
1985-01-01,106.92593,63.31535,11.807,3.96203054065205,50091.5,39406.3,0.0,251594.5,28514.0,1.3240333333333334,101.391587034054,
1985-02-01,114.69938,64.10288,,,,,0.0,,,1.354711111111111,101.509897907825,
1985-03-01,79.5883,64.42506999999999,,,,,0.0,,,1.3839904761904762,101.634140969901,
1985-04-01,73.37599,63.93328,11.044666666666698,,50532.0,41375.0,0.0,252403.8,,1.3657727272727274,101.791344430549,
1985-05-01,75.60222,64.38775,,,,,0.0,,,1.3755954545454545,101.886209699364,
1985-06-01,43.14037,64.31405,,,,,0.0,,,1.3675950000000001,101.941173739553,
1985-07-01,73.39828,64.49735,10.6605,,50782.3,42397.0,0.0,255608.0,,1.3525772727272727,102.001543799121,
1985-08-01,91.57682,64.69104,,,,,0.0,,,1.3575272727272727,102.080533370679,
1985-09-01,80.44557,64.93245,,,,,0.0,,,1.370335,102.214918190584,
1985-10-01,92.56246,65.52251,10.1351666666667,,51494.8,42637.5,0.0,259505.0,,1.3667227272727274,102.386046667381,
1985-11-01,57.91248,65.60423,,,,,1.0,,,1.3764631578947368,102.385455061898,
1985-12-01,65.7648,65.68218,,,,,1.0,,,1.3954523809523809,102.133750595713,
1986-01-01,91.10531,66.04075,9.804,4.19478629085621,51814.8,43551.3,1.0,259373.5,28916.0,1.4069809523809524,101.681203056634,
1986-02-01,96.9687,65.64486,,,,,1.0,,,1.4042842105263158,101.459449264885,
1986-03-01,86.90678,64.49404,,,,,1.0,,,1.4009095238095237,101.5309632369,
1986-04-01,69.22338,65.02599000000001,8.966833333333339,,52292.8,43248.3,1.0,260864.3,,1.387868181818182,101.810809977069,
1986-05-01,93.35433,63.662580000000005,,,,,1.0,,,1.3757190476190477,101.995131505728,
1986-06-01,58.49303,63.41834,,,,,1.0,,,1.3899142857142857,102.051322930067,
1986-07-01,85.99985,63.87848,8.89983333333333,,54057.8,45076.8,1.0,261192.3,,1.3808363636363636,102.033710915468,
1986-08-01,91.52787,63.30449,,,,,1.0,,,1.3885190476190477,102.02736226117,
1986-09-01,119.69023,63.589830000000006,,,,,1.0,,,1.387252380952381,102.079959369616,
1986-10-01,76.77757,63.51519,8.9115,,53917.8,45038.5,1.0,259301.5,,1.3884772727272727,102.208148900747,
1986-11-01,64.25986,63.37866,,,,,1.0,,,1.3863333333333334,102.344944663563,
1986-12-01,78.66561,64.50018,,,,,0.0,,,1.3800772727272728,102.536976553981,
1987-01-01,74.68278,65.16724,8.35666666666667,4.3561087122174,54431.0,44589.0,0.0,265295.0,29751.0,1.36055,102.807694792018,
1987-02-01,67.59734,65.3085,,,,,0.0,,,1.3339736842105263,102.965338031379,
1987-03-01,36.30467,65.73793,,,,,0.0,,,1.3194272727272727,103.010540100472,
1987-04-01,70.42709,65.42613,9.251,,53676.5,45239.5,0.0,268693.5,,1.3191954545454545,102.978686763055,
1987-05-01,81.23486,65.46911999999999,,,,,0.0,,,1.34107,102.894713649138,
1987-06-01,72.81968,66.23680999999999,,,,,0.0,,,1.3386909090909092,102.723902881483,
1987-07-01,61.87545,66.95678000000001,10.1303333333333,,54520.5,46448.5,0.0,272798.8,,1.3261652173913043,102.455856189519,
1987-08-01,28.53685,67.71313,,,,,0.0,,,1.325647619047619,102.275305677,
1987-09-01,59.65667,68.0854,,,,,0.0,,,1.3154476190476192,102.169305603095,
1987-10-01,125.18192,68.78033,10.1448333333333,,56245.8,50196.3,0.0,276323.0,,1.3097380952380953,102.107782894905,
1987-11-01,137.51591,69.34203000000001,,,,,0.0,,,1.3166842105263157,102.149537221373,
1987-12-01,117.40723,70.03461,,,,,0.0,,,1.3074954545454547,102.323852410576,
1988-01-01,88.00508,70.59821,9.44566666666666,4.02823414871611,59271.8,52112.0,0.0,280349.0,30828.0,1.2854894736842104,102.588742123267,
1988-02-01,74.21218,70.80937,,,,,0.0,,,1.268215,102.656634663663,
1988-03-01,57.29202,71.40227,,,,,0.0,,,1.2492434782608697,102.446394823516,
1988-04-01,61.04705,71.27377,9.78566666666666,,60254.8,52120.0,0.0,282836.8,,1.2352904761904762,102.015431341715,
1988-05-01,48.37899,71.79012,,,,,0.0,,,1.237304761904762,101.769936744436,
1988-06-01,43.19215,71.40085,,,,,0.0,,,1.217640909090909,101.752379304397,
1988-07-01,56.56838,70.98512,10.0973333333333,,58860.3,53402.8,0.0,282878.8,,1.207535,101.88699763814,
1988-08-01,82.51413,71.02006999999999,,,,,0.0,,,1.2236565217391304,101.997358146066,
1988-09-01,62.38471,71.49155,,,,,0.0,,,1.2266666666666668,102.059736322425,
1988-10-01,61.03736,70.85378,9.995,,60369.8,53983.8,0.0,284820.0,,1.205515,102.09275624739,
1988-11-01,123.8537,70.39034000000001,,,,,0.0,,,1.21859,102.095012410695,
1988-12-01,57.62168,71.35361,,,,,0.0,,,1.196247619047619,102.043209481311,
1989-01-01,47.27501,71.11645,10.3152748917749,4.98362189985958,61434.5,55385.3,0.0,288111.0,31073.0,1.1913399999999998,101.889906144147,
1989-02-01,40.65642,71.84728,,,,,0.0,,,1.1891,101.615318029427,
1989-03-01,69.56888,71.44195,,,,,0.0,,,1.1953739130434784,101.066404346254,
1989-04-01,59.65727,71.87185,9.88639393939394,,59068.0,55759.5,0.0,289231.8,,1.18876,100.231455997332,
1989-05-01,88.94497,71.18211,,,,,1.0,,,1.1925136363636364,99.7890092621373,
1989-06-01,64.56143,70.64119000000001,,,,,1.0,,,1.1985545454545454,99.7654002183616,
1989-07-01,69.98061,70.07618000000001,9.407303030303028,,59401.3,55384.3,1.0,290276.0,,1.18914,99.9772114771085,
1989-08-01,61.02228,70.19665,,,,,1.0,,,1.1757782608695653,100.054881226668,
1989-09-01,59.10855,70.38609,,,,,1.0,,,1.1828049999999999,99.8726692593051,
1989-10-01,76.84036,69.53526,9.520041353383462,,60984.0,57302.8,1.0,289698.3,,1.174909523809524,99.4709872216949,
1989-11-01,75.00902,70.24908,,,,,1.0,,,1.1697333333333333,99.2386105822909,
1989-12-01,57.92606,71.02102,,,,,1.0,,,1.16134,99.2065377630319,
1990-01-01,90.4678,69.42423000000001,10.3088787878788,4.78047693336304,61913.3,57612.8,1.0,292484.3,30668.0,1.1720380952380953,99.2803667787467,
1990-02-01,77.06073,69.78564,,,,,1.0,,,1.196478947368421,99.2723680564127,
1990-03-01,92.68954,70.12625,,,,,1.0,,,1.1799863636363637,99.0817691366633,
1990-04-01,109.27046,69.58864,11.1345,,64166.8,57752.8,1.0,291310.8,,1.164095238095238,98.7027533961219,
1990-05-01,130.70743,69.7365,,,,,1.0,,,1.1746999999999999,98.4150589671508,
1990-06-01,164.17134,69.83949,,,,,1.0,,,1.1730476190476191,98.1703592177287,
1990-07-01,88.38757,69.90326999999999,10.7795864661654,,63794.8,56660.8,1.0,289223.0,,1.1570285714285713,97.8799571804215,
1990-08-01,116.57483,68.84031999999999,,,,,1.0,,,1.144808695652174,97.6594853018041,
1990-09-01,118.00336,67.63801,,,,,1.0,,,1.1583368421052633,97.445122659211,
1990-10-01,166.11519,67.67014,10.6853451811347,,62101.5,55902.0,1.0,286647.8,,1.1600227272727273,97.2140668393532,
1990-11-01,148.14756,66.90056,,,,,1.0,,,1.16348,97.1988965809116,
1990-12-01,123.48669,66.36435999999999,,,,,1.0,,,1.160265,97.4947681009538,
1991-01-01,182.07408,66.70356,9.762787878787869,5.62586408593005,60834.5,56038.3,1.0,282524.0,29655.0,1.1560333333333335,98.0745853533758,10.316
1991-02-01,129.96606,65.54471,,,,,1.0,,,1.1548947368421052,98.4931285088596,
1991-03-01,145.0634,65.59007,,,,,1.0,,,1.1571571428571428,98.7934948538535,
1991-04-01,128.06712,65.62644,9.676257575757573,,63524.8,57118.8,1.0,283880.0,,1.1535136363636362,99.0885556350886,
1991-05-01,92.58369,66.11823000000001,,,,,1.0,,,1.1498545454545455,99.2605897145842,
1991-06-01,93.47289,66.45931999999999,,,,,1.0,,,1.143895,99.35361791938,
1991-07-01,90.35232,66.64262,9.72005194805194,,65961.8,59762.5,1.0,284256.5,,1.1493318181818182,99.4013689620402,
1991-08-01,76.42751,66.55521999999999,,,,,1.0,,,1.1451500000000001,99.334251235858,
1991-09-01,115.77344,66.82592,,,,,1.0,,,1.136955,99.0822131875341,
1991-10-01,133.40713,66.53585,8.66460606060606,,65853.0,60908.3,1.0,284756.0,,1.127940909090909,98.6418610433587,
1991-11-01,112.89115,66.19807,,,,,1.0,,,1.1301736842105263,98.3284968575361,
1991-12-01,137.79466,65.49746999999999,,,,,1.0,,,1.146652380952381,98.1155893946481,
1992-01-01,127.42578,66.41869,8.42415151515152,1.49013290374545,66432.3,60833.3,1.0,284957.0,29563.0,1.157057142857143,97.9481383154771,11.197
1992-02-01,114.88916,66.35302,,,,,1.0,,,1.182457894736842,97.9555816398939,
1992-03-01,136.23381,66.29775,,,,,1.0,,,1.1928363636363637,98.1907633961923,
1992-04-01,114.84096,66.90245,8.52406926406926,,68311.5,61481.5,1.0,285281.8,,1.1874318181818182,98.622490296672,
1992-05-01,73.9992,66.55521999999999,,,,,1.0,,,1.1990750000000001,98.9003499813407,
1992-06-01,101.01933,66.79285,,,,,0.0,,,1.1960454545454544,99.0116177962203,
1992-07-01,74.15174,66.12862,7.498201298701299,,69355.0,62502.3,0.0,286827.0,,1.192404347826087,99.0033971086789,
1992-08-01,64.91373,66.57884,,,,,0.0,,,1.1907476190476192,98.8713514925506,
1992-09-01,205.45927,66.94969,,,,,0.0,,,1.2224761904761905,98.5594569125757,
1992-10-01,254.35392,67.75423,7.79850793650794,,71252.5,61202.5,0.0,288461.3,,1.245304761904762,98.0920473405286,
1992-11-01,132.29358,67.93327,,,,,0.0,,,1.2674315789473685,97.8857093351933,
1992-12-01,112.2163,68.09295,,,,,0.0,,,1.2724681818181818,97.9878015773223,
1993-01-01,102.59226,68.21956,7.69047101449275,1.86507936507939,73833.3,63980.3,0.0,290292.8,29923.0,1.2779105263157895,98.2827928749726,11.377
1993-02-01,91.44817,69.21212,,,,,0.0,,,1.2602263157894735,98.3901699213762,
1993-03-01,120.15468,69.91981,,,,,0.0,,,1.2470739130434783,98.2000896920875,
1993-04-01,89.43316,69.60611999999999,7.49667532467533,,75948.3,65991.5,0.0,292937.0,,1.2620545454545455,97.7660023985797,
1993-05-01,108.10472,69.24188000000001,,,,,0.0,,,1.269805,97.4947317175337,
1993-06-01,86.66848,69.63541,,,,,0.0,,,1.2789227272727273,97.4197759994916,
1993-07-01,121.66067,69.18188,7.013174603174599,,76531.5,66372.8,0.0,295738.5,,1.2819666666666667,97.4725789499028,
1993-08-01,109.61594,70.12011,,,,,0.0,,,1.3080136363636363,97.5574853471661,
1993-09-01,128.02313,71.03,,,,,0.0,,,1.3214761904761905,97.6916777681809,
1993-10-01,124.16986,71.04889,6.77996031746032,,78760.8,68108.5,0.0,297003.5,,1.32629,97.9202701910837,
1993-11-01,105.74963,71.25109,,,,,0.0,,,1.3174350000000001,98.1821155742338,
1993-12-01,92.60972,70.6171,,,,,0.0,,,1.3307608695652173,98.5914794329886,
1994-01-01,76.55685,71.35077,6.87871739130435,0.165562913907291,79275.8,68074.5,0.0,301382.8,31019.0,1.31725,99.176194456554,10.395
1994-02-01,69.11226,71.54729,,,,,0.0,,,1.3424263157894736,99.4682966492293,
1994-03-01,140.49454,72.5408,,,,,0.0,,,1.3644391304347827,99.4499511376819,
1994-04-01,161.95825,73.04913,8.50637085137085,,84909.3,71209.8,0.0,305782.5,,1.3829714285714285,99.2613499782715,
1994-05-01,115.25819,73.74925,,,,,0.0,,,1.3808380952380952,99.2190576685982,
1994-06-01,186.31491,74.70685999999999,,,,,0.0,,,1.3836318181818184,99.435875558308,
1994-07-01,132.99119,74.68938,8.98157359307359,,88256.5,71866.3,0.0,309702.8,,1.3825749999999999,99.863134158767,
1994-08-01,133.95896,75.34084,,,,,0.0,,,1.3783173913043478,100.073875253351,
1994-09-01,126.11412,75.99798,,,,,0.0,,,1.3540142857142858,99.9922259432979,
1994-10-01,88.68997,75.74287,9.09280952380952,,91753.5,75275.3,0.0,311952.5,,1.35027,99.6826575531253,
1994-11-01,93.3871,76.63953000000001,,,,,0.0,,,1.364665,99.4316349406819,
1994-12-01,101.59999,77.83948000000001,,,,,1.0,,,1.389252380952381,99.2161745636742,
1995-01-01,194.27143,78.67034,8.964399240855759,2.14876033057849,94289.3,75290.0,1.0,314818.8,31562.0,1.4132250000000002,98.9548670921098,9.489
1995-02-01,126.45159,78.68018000000001,,,,,1.0,,,1.4004894736842106,98.7233377853051,
1995-03-01,162.71977,78.11946,,,,,1.0,,,1.4076956521739132,98.4320644459689,
1995-04-01,128.56147,77.95196999999999,8.11182615629984,,92252.0,75893.0,1.0,314952.5,,1.3762,98.0579067270071,
1995-05-01,96.17798,77.87333000000001,,,,,1.0,,,1.3608727272727272,97.9353794708585,
1995-06-01,102.16714,77.73061,,,,,1.0,,,1.3775090909090908,98.1105361918358,
1995-07-01,109.08841,77.48484,8.0895303030303,,92347.5,75555.5,1.0,315368.8,,1.36117,98.4634963322737,
1995-08-01,63.02978,77.65669,,,,,1.0,,,1.355217391304348,98.5332885415519,
1995-09-01,135.6433,77.41093000000001,,,,,1.0,,,1.350935,98.1753947215122,
1995-10-01,241.13225,77.3716,7.48141186299081,,95833.0,76363.3,1.0,316641.5,,1.3458190476190477,97.4919578171808,
1995-11-01,240.9738,77.56821,,,,,1.0,,,1.3533714285714287,97.1896756368074,
1995-12-01,191.77512,77.20411999999999,,,,,1.0,,,1.3693,97.406530770985,
1996-01-01,212.95315,77.95707,7.31806637806638,1.57053112507138,96102.0,78016.0,1.0,317101.0,31740.0,1.3668666666666667,98.0140727730231,9.62
1996-02-01,107.99321,77.93741,,,,,1.0,,,1.37522,98.4005630247697,
1996-03-01,202.92086,77.44552,,,,,1.0,,,1.3656,98.5148906631705,
1996-04-01,118.0784,77.83874,7.75906854256854,,99831.5,77894.3,1.0,319358.5,,1.3591863636363637,98.4800823285221,
1996-05-01,122.1422,78.23233,,,,,1.0,,,1.36925,98.4789745260711,
1996-06-01,118.05817,78.42421,,,,,1.0,,,1.3658,98.5971601589489,
1996-07-01,103.0493,79.22122,7.452010822510821,,101912.8,80902.8,1.0,322040.8,,1.369731818181818,98.8240963306227,
1996-08-01,125.92288,79.49174000000001,,,,,1.0,,,1.3722409090909091,98.9349187120177,
1996-09-01,97.34151,79.47208,,,,,0.0,,,1.3693849999999999,98.9013751266784,
1996-10-01,184.98788,79.22122,6.39051515151515,,99190.3,82643.5,0.0,324592.3,,1.3508363636363636,98.7810031693736,
1996-11-01,136.50169,80.46098,,,,,0.0,,,1.3380578947368422,98.7506737914361,
1996-12-01,94.35479,79.11782,,,,,0.0,,,1.3621571428571428,98.8825775890295,
1997-01-01,101.64339,80.64236,6.49190909090909,1.62121638084531,104807.0,87678.0,0.0,328941.5,32754.0,1.3494380952380953,99.1745541810863,9.1
1997-02-01,79.92737,81.53017,,,,,0.0,,,1.3555842105263158,99.418188411714,
1997-03-01,127.80496,81.04134,,,,,0.0,,,1.3724761904761904,99.6737579341137,
1997-04-01,66.1948,82.15816,6.54310245310245,,106139.0,89623.8,0.0,332643.3,,1.394159090909091,100.026598979952,
1997-05-01,108.81663,82.29134,,,,,0.0,,,1.3803999999999998,100.331536836962,
1997-06-01,73.33613,81.59661,,,,,0.0,,,1.3842714285714286,100.686765713549,
1997-07-01,44.0364,83.61976,5.9446240981241,,109193.8,93393.8,0.0,336586.8,,1.3775318181818184,101.128910881782,
1997-08-01,61.28613,83.43552,,,,,0.0,,,1.3905333333333334,101.277799800805,
1997-09-01,55.58457,83.29949,,,,,0.0,,,1.3871619047619048,101.070298897675,
1997-10-01,68.98654,84.27513,5.592654363180681,,111164.3,94760.0,0.0,339839.5,,1.3869045454545454,100.611424648345,
1997-11-01,83.78521,84.3758,,,,,0.0,,,1.4128222222222222,100.381844480787,
1997-12-01,85.26065,84.65187,,,,,0.0,,,1.4270909090909092,100.458364202116,
1998-01-01,119.92243,84.02958000000001,5.407249639249639,0.99594245665802,114783.5,95955.8,0.0,344638.0,33814.0,1.440945,100.743508166148,8.278
1998-02-01,119.86056,85.06425,,,,,0.0,,,1.4334105263157895,100.888999552068,
1998-03-01,88.21996,85.90243000000001,,,,,0.0,,,1.4165772727272727,100.804326897195,
1998-04-01,79.16266,85.5257,5.3393391053391,,116075.0,96475.8,0.0,344820.5,,1.4297727272727274,100.511252711053,
1998-05-01,107.92609,84.84266,,,,,0.0,,,1.44522,100.228486130253,
1998-06-01,102.99039,84.79047,,,,,0.0,,,1.4655090909090909,99.8978946028285,
1998-07-01,112.55696,83.46661,5.386464646464651,,118430.0,94308.0,0.0,347962.5,,1.486895652173913,99.4672704690425,
1998-08-01,168.67478,85.61010999999999,,,,,0.0,,,1.5346380952380954,99.2209224888078,
1998-09-01,142.73442,85.8531,,,,,0.0,,,1.5217619047619049,99.1577241799688,
1998-10-01,195.25143,86.02705999999999,4.98315873015873,,123074.5,98121.0,0.0,352677.3,,1.5451761904761905,99.2374617985368,
1998-11-01,152.68308,86.2689,,,,,0.0,,,1.5403947368421052,99.4440326475285,
1998-12-01,112.9367,87.63554,,,,,0.0,,,1.5432727272727271,99.8754261671456,
1999-01-01,101.6886,88.61232,5.09697826086957,1.73484295105918,127570.0,100002.8,0.0,359045.0,35396.0,1.519442105263158,100.537153085783,7.583
1999-02-01,67.56765,88.52818,,,,,0.0,,,1.4977421052631579,100.910851900412,
1999-03-01,30.09706,88.19736,,,,,0.0,,,1.5175695652173913,100.981802986069,
1999-04-01,45.12118,88.7358,5.323310966810969,,127750.0,101878.8,0.0,362006.3,,1.4881,100.865229781226,
1999-05-01,57.52396,88.5704,,,,,0.0,,,1.4611100000000001,100.735347702133,
1999-06-01,67.041,89.78616,,,,,0.0,,,1.4694863636363635,100.609195469609,
1999-07-01,65.4801,90.29751,5.656031746031751,,132193.8,104337.5,0.0,367680.5,,1.489047619047619,100.476517188134,
1999-08-01,30.96128,91.15993,,,,,0.0,,,1.4931954545454544,100.425914578375,
1999-09-01,62.31437,92.3737,,,,,0.0,,,1.477052380952381,100.463078810147,
1999-10-01,44.70095,91.86008,6.088087301587301,,135828.0,109724.3,0.0,372831.5,,1.4776099999999999,100.561393112178,
1999-11-01,51.08799,93.03791,,,,,0.0,,,1.46743,100.624768540333,
1999-12-01,60.98645,94.48897,,,,,0.0,,,1.4722086956521738,100.650527285383,
2000-01-01,46.92811,94.85088,6.28611076604555,2.71943995691976,140350.3,112062.8,0.0,378669.0,36903.0,1.4486,100.666027244853,6.829
2000-02-01,45.72284,94.48497,,,,,0.0,,,1.45121,100.702903277968,
2000-03-01,39.32267,95.57754,,,,,0.0,,,1.4607739130434783,100.798468460955,
2000-04-01,53.17447,95.30861,6.01155502392345,,142432.5,112708.0,0.0,383125.8,,1.4688750000000002,100.958838053933,
2000-05-01,54.20769,96.75567,,,,,0.0,,,1.4957363636363636,101.063364317921,
2000-06-01,45.04951,97.0825,,,,,1.0,,,1.4770454545454543,101.103478883784,
2000-07-01,40.84016,97.08734,5.78645454545455,,143610.8,113812.0,1.0,387053.0,,1.4777850000000001,101.078166488244,
2000-08-01,55.05391,98.07182,,,,,1.0,,,1.482813043478261,100.95385040802,
2000-09-01,45.26047,98.03304,,,,,1.0,,,1.48643,100.650395023368,
2000-10-01,58.57308,98.25035,5.617527151211361,,143867.8,112816.3,1.0,387818.5,,1.5124761904761905,100.165421898308,
2000-11-01,90.43129,98.24294,,,,,1.0,,,1.5426380952380954,99.8777651652752,
2000-12-01,65.83185,98.34047,,,,,1.0,,,1.521875,99.7956248781473,
2001-01-01,99.13819,95.82423,5.383333333333333,2.52512013979906,141456.3,109808.5,1.0,390001.5,37157.0,1.5032,99.8442237452777,7.219
2001-02-01,77.28691,95.59893,,,,,1.0,,,1.5215631578947368,99.9479474166232,
2001-03-01,128.28313,94.87511,,,,,1.0,,,1.558740909090909,100.111564617719,
2001-04-01,108.59222,95.19567,5.720319624819628,,139625.8,109036.8,1.0,391228.0,,1.5577666666666665,100.316503478335,
2001-05-01,106.47535,95.32287,,,,,1.0,,,1.54105,100.357234331377,
2001-06-01,50.36757,94.38544,,,,,1.0,,,1.5245380952380954,100.171292295179,
2001-07-01,83.31136,93.07128,5.54467228677755,,136664.3,106534.3,1.0,390953.0,,1.5307904761904763,99.7985464204658,
2001-08-01,73.99868,93.56438,,,,,1.0,,,1.5398565217391305,99.5671417265464,
2001-09-01,194.6783,92.12987,,,,,1.0,,,1.5679388888888888,99.5039382838153,
2001-10-01,215.94152,92.40365,5.2727637275005685,,137152.5,103993.0,1.0,393297.8,,1.5716772727272728,99.5659159076712,
2001-11-01,183.88478,92.48635,,,,,0.0,,,1.592245,99.7033776012482,
2001-12-01,119.71717,90.68423,,,,,0.0,,,1.578755,99.998930661906,
2002-01-01,122.81771,93.87352,5.443878787878788,2.25839440940855,139478.8,104629.0,0.0,399048.5,37836.0,1.5997142857142859,100.530024987653,7.665
2002-02-01,84.73721,95.14234,,,,,0.0,,,1.5964,101.073400016487,
2002-03-01,89.63251,94.98776,,,,,0.0,,,1.5877428571428571,101.458577300004,
2002-04-01,82.18275,96.34328,5.55951515151515,,139256.3,109657.5,0.0,401406.3,,1.5814863636363639,101.636113379275,
2002-05-01,70.72486,96.2851,,,,,0.0,,,1.5501545454545456,101.685072518307,
2002-06-01,92.48937,95.59865,,,,,0.0,,,1.53184,101.575082927993,
2002-07-01,94.11073,96.59054,5.098810245310247,,142410.0,111713.3,1.0,404877.3,,1.54555,101.306151678503,
2002-08-01,120.20204,96.39119,,,,,1.0,,,1.5694181818181818,101.063960056146,
2002-09-01,119.03202,95.51366,,,,,1.0,,,1.576135,100.92247267469,
2002-10-01,167.83219,96.15961,5.061424242424244,,140415.3,111453.8,1.0,407101.0,,1.578009090909091,100.753886777518,
2002-11-01,137.45603,95.55415,,,,,1.0,,,1.5714526315789474,100.694810978194,
2002-12-01,94.86824,94.48725,,,,,1.0,,,1.5592190476190477,100.725876136195,
2003-01-01,162.84675,95.52393,4.990320346320346,2.75856321360112,138166.0,112420.8,1.0,409366.0,38199.0,1.5414476190476192,100.776116922778,7.574
2003-02-01,175.13614,95.6765,,,,,1.0,,,1.5121473684210525,100.631498974257,
2003-03-01,195.87243,95.32201,,,,,1.0,,,1.4760809523809524,100.624672364772,
2003-04-01,138.47827,94.97864,4.67063492063492,,135398.5,112636.8,1.0,408772.3,,1.4582045454545456,100.820617399674,
2003-05-01,125.34247,95.04024,,,,,1.0,,,1.3839571428571429,100.8573500649,
2003-06-01,98.47302,94.59335,,,,,1.0,,,1.3525095238095237,100.693847225043,
2003-07-01,76.99554,95.62859,4.780774891774893,,137055.3,112811.8,1.0,410300.5,,1.382090909090909,100.62617068576,
2003-08-01,61.8999,94.34466,,,,,1.0,,,1.3962714285714286,100.688322890992,
2003-09-01,71.95838,96.22236,,,,,1.0,,,1.3633714285714287,100.886044622355,
2003-10-01,85.79252,96.76593,4.800448089921777,,141440.3,118140.8,1.0,413121.0,,1.3220954545454544,101.059153174942,
2003-11-01,82.73162,96.84579,,,,,0.0,,,1.3130444444444445,101.174633145172,
2003-12-01,55.94576,97.04057,,,,,0.0,,,1.3127545454545455,101.198833652801,
2004-01-01,56.39822,96.63817,4.432708419599726,1.85725871857256,141301.5,119192.8,0.0,416125.0,39020.0,1.295755,101.284026838474,7.185
2004-02-01,77.56686,96.30535,,,,,0.0,,,1.3298947368421052,101.245843875798,
2004-03-01,68.03522,97.48262,,,,,0.0,,,1.3285782608695653,101.180321239573,
2004-04-01,55.97213,97.3038,4.772861471861472,,147949.0,122406.3,0.0,421055.5,,1.3419727272727273,101.003720188171,
2004-05-01,80.09578,96.88714,,,,,0.0,,,1.37886,100.7294763264,
2004-06-01,71.94154,98.30312,,,,,0.0,,,1.357840909090909,100.63724969582,
2004-07-01,60.72385,97.63833,4.661111111111111,,147462.3,125922.3,0.0,426033.8,,1.3225047619047618,100.77697053279,
2004-08-01,72.17057,98.16451,,,,,0.0,,,1.3126772727272729,100.910046661131,
2004-09-01,73.89449,98.65989,,,,,0.0,,,1.2880952380952382,100.996372490104,
2004-10-01,62.54638,98.56549,4.451746031746033,,146034.8,127343.3,0.0,429108.5,,1.2469350000000001,100.993294228194,
2004-11-01,89.412,98.57661,,,,,0.0,,,1.1967700000000001,101.048669638656,
2004-12-01,47.26328,98.6308,,,,,0.0,,,1.2188826086956523,101.164153020131,
2005-01-01,45.85582,99.89876,4.274560606060607,2.21355203439767,147483.5,131603.0,0.0,430611.3,39818.0,1.2248350000000001,101.290839034105,6.758
2005-02-01,40.44013,98.89004,,,,,0.0,,,1.2400526315789473,101.304390864572,
2005-03-01,43.26983,97.86107,,,,,0.0,,,1.2160260869565216,101.30875902649,
2005-04-01,90.73813,99.10022,4.03193362193362,,146946.3,130635.3,0.0,433723.5,,1.2359,101.267734331844,
2005-05-01,96.50501,99.93954,,,,,0.0,,,1.2555285714285713,101.287516273334,
2005-06-01,61.12975,99.27932,,,,,0.0,,,1.2401681818181818,101.219781935495,
2005-07-01,59.32299,99.5668,3.896175324675327,,149062.0,132931.0,0.0,438979.8,,1.222855,100.974146373405,
2005-08-01,54.65928,100.4255,,,,,0.0,,,1.2042826086956522,100.449979634794,
2005-09-01,72.60363,100.6023,,,,,0.0,,,1.1776809523809524,99.9708163735514,
2005-10-01,80.48523,100.6856,4.06504761904762,,152545.5,136019.0,0.0,443339.5,,1.177415,100.030773515478,
2005-11-01,81.47585,101.4562,,,,,0.0,,,1.181545,100.474948082283,
2005-12-01,49.71948,102.1369,,,,,0.0,,,1.1614809523809524,100.892517761001,
2006-01-01,70.63406,101.7066,4.132870945479638,2.00202539534161,150509.8,137254.8,0.0,446939.0,40526.0,1.157165,101.342965422191,6.484
2006-02-01,81.5802,101.4682,,,,,0.0,,,1.1488947368421052,101.515655579888,
2006-03-01,61.46333,101.6205,,,,,0.0,,,1.1573086956521739,101.532846400297,
2006-04-01,61.7146,100.9685,4.4188995215311,,149942.0,140880.5,0.0,447162.5,,1.1441050000000001,101.520266834807,
2006-05-01,61.25886,100.6217,,,,,0.0,,,1.109990909090909,101.43135560057,
2006-06-01,61.3036,100.0858,,,,,0.0,,,1.1137272727272727,101.399634035339,
2006-07-01,58.82196,100.1249,4.255099567099567,,149866.3,140668.3,0.0,448421.3,,1.129445,101.246193263295,
2006-08-01,55.00619,99.41279,,,,,0.0,,,1.118213043478261,101.123043673051,
2006-09-01,59.16387,97.78236,,,,,0.0,,,1.11612,101.100233551523,
2006-10-01,54.64143,97.58928,4.024168755221386,,151004.3,140622.8,0.0,450207.0,,1.1285380952380952,101.160632319529,
2006-11-01,80.30291,97.5117,,,,,0.0,,,1.1358809523809523,101.237842575494,
2006-12-01,44.75126,98.51159,,,,,0.0,,,1.153235,101.420084997835,
2007-01-01,53.39283,98.08437,4.095075757575757,2.13838399266837,152524.3,143677.0,0.0,453080.3,40973.0,1.1762619047619047,101.586051535336,6.156
2007-02-01,69.19994,99.13815,,,,,0.0,,,1.1709894736842106,101.562456266098,
2007-03-01,74.0842,99.32182,,,,,0.0,,,1.1681590909090909,101.479085231662,
2007-04-01,52.7989,98.88148,4.359028138528139,,154854.5,145962.5,0.0,457455.8,,1.1349857142857143,101.392190728178,
2007-05-01,70.11593,99.10194,,,,,0.0,,,1.0950863636363637,101.337658496482,
2007-06-01,51.59319,99.376,,,,,0.0,,,1.065104761904762,101.342392606617,
2007-07-01,50.65945,98.33163,4.458317384370013,,151998.5,149505.3,0.0,459169.8,,1.0501857142857143,101.418439992752,
2007-08-01,60.79076,98.94622,,,,,1.0,,,1.0578521739130435,101.520501529542,
2007-09-01,75.69238,98.41719,,,,,1.0,,,1.026745,101.55294522604,
2007-10-01,72.28291,97.72588,4.166648439280016,,148461.0,152636.5,1.0,459773.3,,0.9754130434782609,101.479171623606,
2007-11-01,82.84082,97.39107,,,,,1.0,,,0.9672380952380953,101.38733260164,
2007-12-01,97.91313,95.62745,,,,,1.0,,,1.00207,101.201658815453,
2008-01-01,112.48677,95.38846,3.72839393939394,2.37027067444299,146303.3,152835.0,1.0,460118.3,40773.0,1.0099428571428573,101.068786224927,6.284
2008-02-01,132.20689,95.54075,,,,,1.0,,,0.998555,100.93180197599,
2008-03-01,104.61991,94.67605,,,,,1.0,,,1.0029428571428571,100.610260255454,
2008-04-01,102.56183,95.67992,3.6700216450216434,,147642.3,153939.8,1.0,461794.8,,1.0137181818181817,100.050430972422,
2008-05-01,82.21619,95.40329,,,,,1.0,,,0.9993047619047618,99.3070481894735,
2008-06-01,76.64591,96.08775,,,,,1.0,,,1.0166238095238096,98.7331422800494,
2008-07-01,70.8819,97.60953,3.627635642135644,,146456.3,149810.8,1.0,465589.5,,1.0129636363636363,98.6058803556319,
2008-08-01,100.20487,96.46905,,,,,1.0,,,1.0534571428571429,98.6735413629602,
2008-09-01,184.16751,95.51252,,,,,1.0,,,1.0582047619047619,98.524408788312,
2008-10-01,360.29564,95.13464,3.3951583504215104,,139756.0,140596.3,1.0,460187.3,,1.1846954545454547,97.8815558187644,
2008-11-01,267.13576,93.35932,,,,,1.0,,,1.2170944444444443,97.2729942844398,
2008-12-01,268.98605,90.39704,,,,,1.0,,,1.2336954545454546,96.8925006310827,
2009-01-01,250.743,88.65281999999999,2.886272119693169,0.299466803009299,127723.3,127002.8,1.0,449802.8,39161.0,1.22482,96.8230784001085,8.46
2009-02-01,193.66957,87.57422,,,,,1.0,,,1.2451999999999999,96.8964355143619,
2009-03-01,166.9875,85.79862,,,,,1.0,,,1.2645181818181819,97.1550565252642,
2009-04-01,136.46244,84.18415,3.20512554112554,,122569.0,125005.8,1.0,444950.8,,1.224181818181818,97.5976224146675,
2009-05-01,120.57724,83.43751999999999,,,,,1.0,,,1.1527850000000002,98.0940617059491,
2009-06-01,91.76109,83.07533000000001,,,,,1.0,,,1.1263545454545456,98.494204789789,
2009-07-01,91.27557,83.16716,3.4197683982684004,,125861.5,132943.8,1.0,446940.8,,1.1228608695652174,98.8562369708712,
2009-08-01,96.65852,82.91875999999999,,,,,0.0,,,1.0872380952380953,99.2655332774158,
2009-09-01,93.41319,84.34158000000001,,,,,0.0,,,1.0816380952380953,99.5254830133674,
2009-10-01,110.39066,84.34615,3.4113095238095266,,128872.0,138106.0,0.0,452133.8,,1.0546761904761905,99.5712482928702,
2009-11-01,127.59269,85.65403,,,,,0.0,,,1.0593,99.5722604737105,
2009-12-01,102.30808,85.1538,,,,,0.0,,,1.053690909090909,99.81849622075,
2010-01-01,118.83469,86.09236999999999,3.466372997711673,1.77687154092627,130666.8,144198.0,0.0,457611.5,39951.0,1.0438105263157895,100.190897995592,8.178
2010-02-01,97.1227,87.22543,,,,,0.0,,,1.0572105263157894,100.262482555145,
2010-03-01,141.96584,88.34338000000001,,,,,0.0,,,1.0229,100.217153649708,
2010-04-01,103.85633,88.16998000000001,3.4710757575757563,,134950.8,148260.0,0.0,460007.8,,1.005209090909091,100.030572242969,
2010-05-01,143.36071,90.35541,,,,,0.0,,,1.0402799999999999,99.8703806209149,
2010-06-01,139.38205,90.93634,,,,,0.0,,,1.0376227272727272,99.6107481978856,
2010-07-01,153.93521,90.96571,3.005396825396827,,134926.0,151051.8,0.0,463228.0,,1.0422285714285715,99.3474583493466,
2010-08-01,144.82898,90.98967,,,,,0.0,,,1.0403954545454546,99.189381196566,
2010-09-01,202.23102,90.5539,,,,,0.0,,,1.032957142857143,99.1517663246686,
2010-10-01,211.82932,91.3165,2.997714285714283,,138197.0,151647.5,0.0,468424.5,,1.0179,99.2539122402491,
2010-11-01,182.55609,91.34473,,,,,0.0,,,1.0129,99.4359658537398,
2010-12-01,142.25425,93.07299,,,,,0.0,,,1.0080619047619048,99.6077958009433,
2011-01-01,128.36739,92.85825,3.31229672006102,2.91213508872351,138441.3,154999.3,0.0,471992.0,40489.0,0.9939450000000001,99.8369359600269,7.637
2011-02-01,180.77666,92.48236,,,,,0.0,,,0.9876368421052631,99.9351247252594,
2011-03-01,172.45853,93.53471,,,,,0.0,,,0.9765608695652174,99.8860985248203,
2011-04-01,142.33187,93.89805,3.1558773448773434,,136407.3,156473.0,0.0,472848.8,,0.957952380952381,99.8606674880329,
2011-05-01,171.89311,92.25392,,,,,0.0,,,0.9680428571428572,99.7447252774005,
2011-06-01,161.53824,92.8283,,,,,0.0,,,0.9766454545454546,99.5346772558782,
2011-07-01,203.41888,94.47385,2.52717676767677,,143946.5,157708.5,0.0,479318.5,,0.955315,99.2570576898217,
2011-08-01,337.30731,95.47288,,,,,0.0,,,0.9817086956521739,98.9444979525412,
2011-09-01,280.67029,96.11541,,,,,0.0,,,1.0025,98.7472249302584,
2011-10-01,300.83356,95.47972,2.13679365079365,,145790.3,159259.5,0.0,483127.8,,1.0198,98.6339928490371,
2011-11-01,399.84627,95.23417,,,,,1.0,,,1.024755,98.6195601446503,
2011-12-01,309.3749,96.14821,,,,,1.0,,,1.0235238095238095,98.5758830695748,
2012-01-01,235.51641,96.15933,2.035939393939393,1.51567823124517,145533.5,162123.3,1.0,483432.8,,1.012985,98.6769532230303,7.392
2012-02-01,184.25955,94.07145,,,,,1.0,,,0.996745,98.8383976784063,
2012-03-01,187.77971,94.23629,,,,,1.0,,,0.9937727272727273,98.9864059602924,
2012-04-01,173.85983,95.08273,1.9114639249639265,,145656.8,162167.0,1.0,485004.3,,0.9928238095238096,99.0171009786308,
2012-05-01,258.1725,95.02769,,,,,1.0,,,1.009731818181818,99.0487317248992,
2012-06-01,249.1064,94.48126,,,,,1.0,,,1.028,98.9756753519117,
2012-07-01,187.67164,94.12335,1.773634464950257,,144682.0,163914.5,1.0,485668.0,,1.0142,98.9729247189408,
2012-08-01,177.26629,93.17595,,,,,1.0,,,0.9923826086956522,99.0556793590024,
2012-09-01,211.17247,92.86166,,,,,1.0,,,0.9783000000000001,99.23311534894,
2012-10-01,218.48058,92.83657,1.7726027189185098,,144319.3,163347.0,1.0,486667.5,,0.9871545454545455,99.3048152798338,
2012-11-01,382.53922,93.78397,,,,,1.0,,,0.9969699999999999,99.2949601766069,
2012-12-01,238.72571,93.37473,,,,,0.0,,,0.9898199999999999,99.2824670632895,
2013-01-01,223.5266,94.09569,1.91691945773525,0.938291897815317,146600.0,165271.3,0.0,491023.8,,0.9920571428571427,99.3353344472864,7.143
2013-02-01,174.39271,95.09557,,,,,0.0,,,1.0097842105263157,99.2966065774276,
2013-03-01,258.24166,95.68649,,,,,0.0,,,1.0244238095238094,99.2072166561933,
2013-04-01,206.53091,95.02256,1.964984848484847,,149288.5,167017.8,0.0,493851.5,,1.0186727272727272,99.1408387399933,
2013-05-01,220.81042,94.82378,,,,,0.0,,,1.0195590909090908,99.2630738128177,
2013-06-01,143.97371,94.53516,,,,,0.0,,,1.0314,99.4447699919021,
2013-07-01,135.83992,94.9216,2.5825367965367967,,148238.5,166256.8,0.0,497912.5,,1.0402136363636363,99.6154980511259,
2013-08-01,143.07606,95.75151,,,,,0.0,,,1.0407181818181819,99.8310369828828,
2013-09-01,133.10943,96.54491,,,,,0.0,,,1.034235,100.027136320703,
2013-10-01,264.02279,97.89358,2.58339393939394,,150299.0,166566.5,0.0,503123.5,,1.0362818181818183,100.000302215179,
2013-11-01,135.22496,97.56447,,,,,0.0,,,1.0486421052631578,99.8006731216152,
2013-12-01,132.9837,96.72771,,,,,0.0,,,1.0639190476190477,99.5625288930309,
2014-01-01,132.78744,97.08991,2.469458874458873,1.90663590717861,149803.3,165576.5,0.0,503973.8,,1.0940095238095238,99.5377987136288,7.023
2014-02-01,165.5119,98.90002,,,,,0.0,,,1.1054421052631578,99.7150264583538,
2014-03-01,199.52416,99.21972,,,,,0.0,,,1.1106809523809524,99.9271614531509,
2014-04-01,123.92582,100.5188,2.352857142857143,,158857.8,171166.8,0.0,508567.8,,1.099209090909091,100.029225936933,
2014-05-01,126.08412,100.7863,,,,,0.0,,,1.0893857142857142,99.9957695029056,
2014-06-01,111.1764,101.6367,,,,,0.0,,,1.0830380952380954,99.9396200002889,
2014-07-01,143.09218,101.0467,2.14583261183261,,161230.3,171867.8,0.0,513442.8,,1.0739181818181818,99.9112601584292,
2014-08-01,155.50932,99.36431,,,,,0.0,,,1.0926333333333333,99.9172222759092,
2014-09-01,140.3446,101.2682,,,,,1.0,,,1.101052380952381,99.857836520462,
2014-10-01,159.83577,102.0788,1.9551724006987168,,162097.0,173239.0,1.0,516991.5,,1.1211545454545453,99.7553486302649,
2014-11-01,216.45082,101.7034,,,,,1.0,,,1.132538888888889,99.7679998947897,
2014-12-01,147.49512,102.1093,,,,,1.0,,,1.1531619047619048,99.9225179169311,
2015-01-01,286.05152,101.4177,1.44218386876282,1.12524136094277,160442.5,172455.3,1.0,514113.0,,1.21219,99.9882009208485,6.945
2015-02-01,240.58942,100.7692,,,,,1.0,,,1.2499052631578949,99.8962728266668,
2015-03-01,131.63589,100.1591,,,,,1.0,,,1.2618318181818182,99.8978521859411,
2015-04-01,177.39942,99.28503,1.6449841269841263,,162607.3,172873.3,1.0,512709.5,,1.233681818181818,99.7516834671649,
2015-05-01,213.99817,98.35815,,,,,1.0,,,1.21764,99.7373462503619,
2015-06-01,174.02783,99.15469,,,,,1.0,,,1.2364954545454545,99.7141504952912,
2015-07-01,179.12131,100.6106,1.4808246753246734,,165875.8,170817.3,1.0,514545.5,,1.2863136363636363,99.5381676288322,
2015-08-01,176.80305,101.6957,,,,,1.0,,,1.3147238095238096,99.318988744993,
2015-09-01,205.35665,99.53628,,,,,1.0,,,1.3265809523809524,99.2654984974921,
2015-10-01,199.5714,99.31012,1.5187857142857133,,164543.0,170885.0,1.0,514886.5,,1.3072238095238096,99.3734980744292,
2015-11-01,142.00075,99.62583,,,,,1.0,,,1.3278526315789474,99.374495039435,
2015-12-01,128.38042,100.0699,,,,,1.0,,,1.3712545454545455,99.0062359930811,
2016-01-01,156.00354,100.675,1.2168939393939402,1.42875954701085,168280.0,171321.3,1.0,517933.0,,1.4208105263157895,98.6318581685704,7.038
2016-02-01,186.64318,99.74361,,,,,1.0,,,1.37969,98.6416831886945,
2016-03-01,218.51525,98.71379,,,,,1.0,,,1.3226391304347827,98.9658300072987,
2016-04-01,156.83358,98.94821,1.2847907647907666,,161386.0,171809.3,1.0,515353.0,,1.2818142857142856,99.3462755985654,
2016-05-01,151.52387,95.1335,,,,,1.0,,,1.2945285714285715,99.6892338409874,
2016-06-01,276.6689,97.57616,,,,,1.0,,,1.2894045454545455,99.8699491065694,
2016-07-01,260.12511,100.0941,1.0599725829725832,,166048.3,173740.5,0.0,520701.3,,1.3052350000000001,99.9696171920436,
2016-08-01,237.58103,100.4555,,,,,0.0,,,1.299782608695652,99.933592505055,
2016-09-01,164.45577,101.5851,,,,,0.0,,,1.3107761904761905,99.8583060944461,
2016-10-01,243.58091,100.9859,1.4453730158730167,,167721.3,170518.0,0.0,523622.5,,1.325095,99.7776201374842,
2016-11-01,442.37141,102.1866,,,,,0.0,,,1.3434149999999998,99.8589225116455,
2016-12-01,298.57466,102.3417,,,,,0.0,,,1.3339190476190477,99.9844723520548,
2017-01-01,338.15547,102.7398,1.7129446805419333,1.59688412852977,168893.5,176165.3,0.0,530210.8,,1.3183052631578946,100.145276444611,6.426
2017-02-01,257.48916,102.5311,,,,,0.0,,,1.3109157894736843,100.404132037107,
2017-03-01,262.14936,103.175,,,,,0.0,,,1.3387,100.565691321027,
2017-04-01,199.66223,103.6225,1.5130223285486435,,171195.3,179399.5,0.0,535791.5,,1.343705,100.626347051275,
2017-05-01,262.12758,104.767,,,,,0.0,,,1.3605727272727273,100.701265913784,
2017-06-01,206.44093,104.4795,,,,,0.0,,,1.3294863636363636,100.778493614804,
2017-07-01,233.18309,104.5742,1.9470454545454527,,165130.8,180132.8,0.0,535959.8,,1.26904,100.909813972967,
2017-08-01,241.76701,103.0863,,,,,0.0,,,1.2607695652173911,101.036874689337,
2017-09-01,277.79456,103.3119,,,,,0.0,,,1.227875,101.020944537476,
2017-10-01,221.31575,102.5584,1.961595655806184,,168106.8,184556.5,0.0,538679.0,,1.2606904761904763,101.160162840005,
2017-11-01,233.0971,103.6778,,,,,0.0,,,1.277335,101.472566776007,
2017-12-01,190.25874,104.0429,,,,,0.0,,,1.27687,101.895135929787,
2018-01-01,343.77242,104.5009,2.236987924356346,2.26822567248103,170925.3,186878.8,0.0,544941.3,,1.242904761904762,,5.837
2018-02-01,365.26809,105.4971,,,,,0.0,,,1.258821052631579,,
2018-03-01,449.62394,107.0191,,,,,0.0,,,1.2932545454545454,,
2018-04-01,303.54075,107.0303,2.27784992784993,,176197.3,190086.3,0.0,549192.0,,1.2731619047619047,,
2018-05-01,257.34769,106.7753,,,,,0.0,,,1.2866272727272727,,
2018-06-01,428.06865,107.6146,,,,,0.0,,,1.312452380952381,,
2018-07-01,292.01766,108.2865,2.2787605377079103,,175389.5,185359.3,0.0,551962.3,,1.3133428571428571,,
2018-08-01,359.61874,108.0749,,,,,0.0,,,1.3042478260869566,,
2018-09-01,271.83504,107.9822,,,,,0.0,,,1.3034000000000001,,
2018-10-01,296.15428,108.1357,2.31805004936584,,174879.8,183123.0,0.0,553262.5,,1.300440909090909,,
2018-11-01,322.54407,107.3562,,,,,0.0,,,1.32048,,
2018-12-01,290.39466,106.21,,,,,0.0,,,1.343611111111111,,
2019-01-01,301.89997,106.2474,1.85779524568998,1.94926902411593,174787.5,188000.0,0.0,554594.0,,1.330045,,5.69
2019-02-01,266.60596,106.1222,,,,,0.0,,,1.3208722222222222,,
2019-03-01,250.53673,107.2952,,,,,0.0,,,1.3370523809523809,,
2019-04-01,297.64712,108.5138,1.616547619047617,,181808.8,187065.8,0.0,560665.5,,1.3378136363636364,,
2019-05-01,275.60191,109.1692,,,,,0.0,,,1.3459772727272727,,
2019-06-01,339.07191,108.3113,,,,,0.0,,,1.32887,,
2019-07-01,333.24891,106.5742,1.3627763347763366,,180244.8,185944.8,0.0,562233.3,,1.3105227272727271,,
2019-08-01,400.90455,106.5685,,,,,1.0,,,1.3273136363636364,,
2019-09-01,358.14846,106.6512,,,,,1.0,,,1.3240500000000002,,
2019-10-01,495.85236,106.4995,1.5178484848484832,,176497.0,183630.5,1.0,563838.5,,1.3189227272727273,,
2019-11-01,364.87671,106.0315,,,,,1.0,,,1.323657894736842,,
2019-12-01,315.98033,105.5849,,,,,1.0,,,1.3168952380952381,,
2020-01-01,275.70785,106.4758,1.2020334928229663,0.716999632307827,173417.3,183842.3,1.0,552844.0,,1.3089095238095239,,9.657
2020-02-01,380.23371,107.6842,,,,,1.0,,,1.3286368421052632,,
2020-03-01,569.65824,100.2467,,,,,1.0,,,1.3960227272727272,,
2020-04-01,448.40468,84.85007,0.5898354978354977,,145070.8,141671.3,1.0,492031.5,,1.4047954545454546,,
2020-05-01,678.81709,89.49384,,,,,1.0,,,1.3972,,
2020-06-01,504.9122,94.83833,,,,,0.0,,,1.3551772727272728,,
2020-07-01,551.53028,97.95603,0.546462481962482,,164416.3,172061.0,0.0,536725.3,,1.3496954545454545,,
2020-08-01,415.31553,98.30112,,,,,0.0,,,1.322890476190476,,
2020-09-01,422.5006,99.38113,,,,,0.0,,,1.3229761904761905,,
2020-10-01,497.61172,100.247,0.6741031746031747,,166369.8,176942.5,0.0,546807.0,,1.3217714285714286,,
2020-11-01,455.04761,101.7901,,,,,0.0,,,1.307261111111111,,
2020-12-01,371.18106,102.9623,,,,,0.0,,,1.2809190476190477,,
2021-01-01,290.41545,103.898,1.13383180778032,3.39519318527528,170853.5,181796.8,0.0,556122.3,,1.272461111111111,,7.527
2021-02-01,323.20821,102.9455,,,,,0.0,,,1.2696473684210527,,
2021-03-01,344.16196,103.4725,,,,,0.0,,,1.256895652173913,,
2021-04-01,267.88503,101.4471,1.4883968253968265,,165077.8,181196.5,0.0,555470.5,,1.2494454545454545,,
2021-05-01,194.56557,101.5075,,,,,0.0,,,1.21248,,
2021-06-01,172.38161,103.4172,,,,,0.0,,,1.2220409090909092,,
2021-07-01,325.61356,103.2788,1.2354444444444432,,164815.0,179367.0,0.0,566660.5,,1.2530428571428571,,
2021-08-01,210.10529,103.5706,,,,,0.0,,,1.2598954545454546,,
2021-09-01,391.95596,103.3114,,,,,0.0,,,1.2671095238095238,,
2021-10-01,210.52505,105.1651,1.57757142857143,,170027.0,188532.5,0.0,576806.0,,1.24336,,
2021-11-01,258.55855,104.7815,,,,,0.0,,,1.2566950000000001,,
2021-12-01,336.57096,105.3915,,,,,0.0,,,1.2800380952380952,,
2022-01-01,213.87432,106.1168,1.92354919908467,6.80280115341613,169045.0,188905.0,0.0,581725.3,,1.262235,,5.279
2022-02-01,218.40916,106.3894,,,,,0.0,,,1.2711,,
2022-03-01,404.53406,107.3913,,,,,0.0,,,1.2660347826086957,,
2022-04-01,300.5696,108.343,2.979341991341993,,175513.3,200689.0,0.0,587179.3,,1.2628190476190477,,
2022-05-01,303.72261,107.9759,,,,,0.0,,,1.2859142857142858,,
2022-06-01,143.73265,108.8244,,,,,0.0,,,1.2804238095238094,,
2022-07-01,212.43018,108.3002,3.0086969696969703,,176971.3,201015.3,0.0,590733.3,,1.293625,,
2022-08-01,378.98099,108.2531,,,,,0.0,,,1.2917478260869566,,
2022-09-01,257.07046,108.3273,,,,,0.0,,,1.333852380952381,,
2022-10-01,320.03393,107.0836,3.16273015873016,,177228.0,195382.8,,589886.8,,1.368935,,
2022-11-01,271.51959,107.2476,,,,,,,,1.34571,,
2022-12-01,310.05446,106.1678,,,,,,,,1.358542857142857,,
2023-01-01,232.53862,107.2042,3.03510261160147,3.87900159788426,182692.5,194124.5,,595588.8,,1.34222,,5.415
2023-02-01,254.6151,107.7033,,,,,,,,1.345442105263158,,
2023-03-01,339.54156,108.1539,,,,,,,,1.3682739130434782,,
2023-04-01,190.42512,107.9751,3.0977033492823,,183291.3,197415.0,,596820.0,,1.3484450000000001,,
2023-05-01,219.64052,107.7729,,,,,,,,1.3517181818181818,,
2023-06-01,158.62463,107.9314,,,,,,,,1.3286047619047618,,
2023-07-01,262.04339,107.4483,3.64069696969697,,181659.8,198072.3,,595994.8,,1.3211249999999999,,
2023-08-01,300.74301,107.1201,,,,,,,,1.3478391304347825,,
2023-09-01,202.01938,106.6857,,,,,,,,1.35309,,
2023-10-01,389.05518,106.7325,3.669054302422724,,185740.5,199078.0,,597039.3,,1.3712190476190476,,
2023-11-01,317.70891,108.2825,,,,,,,,1.370665,,
2023-12-01,361.62106,107.8279,,,,,,,,1.34162,,
2024-01-01,247.07798,107.5598,3.431454545454548,2.38158383281173,186319.0,199262.3,,599751.5,,1.3422714285714286,,6.45
2024-02-01,198.44189,107.7144,,,,,,,,1.349995,,
2024-03-01,283.28306,,,,,,,,,1.353557142857143,,
2024-04-01,164.40838,,3.57640909090909,,183027.3,197679.5,,603862.8,,1.3673545454545455,,
2024-05-01,248.88311,,,,,,,,,1.366659090909091,,
2024-06-01,198.06144,,,,,,,,,1.370536842105263,,
2024-07-01,223.07537,,3.1427261335156067,,182666.8,197066.8,,607176.5,,1.3714272727272727,,
2024-08-01,295.16412,,,,,,,,,1.3655,,
2024-09-01,249.48496,,,,,,,,,1.3546200000000002,,
2024-10-01,236.30578,,3.2087878787878803,,185967.5,199693.0,,611103.5,,1.375668181818182,,
2024-11-01,415.62017,,,,,,,,,1.397278947368421,,
2024-12-01,654.62952,,,,,,,,,1.424704761904762,,
2025-01-01,883.28015,,3.0869264069264064,,,,,613548.0,,1.438861904761905,,
2025-02-01,1303.04984,,,,,,,,,1.429863157894737,,
2025-03-01,1635.40268,,,,,,,,,1.4355761904761903,,
2025-04-01,1501.65847,,,,,,,,,1.3981409090909092,,
2025-05-01,1275.82821,,,,,,,,,1.386695238095238,,
2025-06-01,,,,,,,,,,1.36652,,
