,date,CCI_CHI,CCI_GER,CCI_JAP,CCI_MEX,CCI_USA
0,1960-01-01,,,,,101.6331
1,1960-02-01,,,,,101.375
2,1960-03-01,,,,,101.152
3,1960-04-01,,,,,101.029
4,1960-05-01,,,,,101.0601
5,1960-06-01,,,,,101.1479
6,1960-07-01,,,,,101.1665
7,1960-08-01,,,,,101.0261
8,1960-09-01,,,,,100.8084
9,1960-10-01,,,,,100.6277
10,1960-11-01,,,,,100.5691
11,1960-12-01,,,,,100.5902
12,1961-01-01,,,,,100.6389
13,1961-02-01,,,,,100.6907
14,1961-03-01,,,,,100.7597
15,1961-04-01,,,,,100.8816
16,1961-05-01,,,,,101.0807
17,1961-06-01,,,,,101.2828
18,1961-07-01,,,,,101.3798
19,1961-08-01,,,,,101.2913
20,1961-09-01,,,,,101.1306
21,1961-10-01,,,,,101.05
22,1961-11-01,,,,,101.1572
23,1961-12-01,,,,,101.3522
24,1962-01-01,,,,,101.4913
25,1962-02-01,,,,,101.464
26,1962-03-01,,,,,101.3246
27,1962-04-01,,,,,101.1429
28,1962-05-01,,,,,100.9666
29,1962-06-01,,,,,100.826
30,1962-07-01,,,,,100.7608
31,1962-08-01,,,,,100.8112
32,1962-09-01,,,,,100.9337
33,1962-10-01,,,,,101.0847
34,1962-11-01,,,,,101.2313
35,1962-12-01,,,,,101.3343
36,1963-01-01,,,,,101.3353
37,1963-02-01,,,,,101.1872
38,1963-03-01,,,,,100.987
39,1963-04-01,,,,,100.8606
40,1963-05-01,,,,,100.899
41,1963-06-01,,,,,101.022
42,1963-07-01,,,,,101.1238
43,1963-08-01,,,,,101.1354
44,1963-09-01,,,,,101.1073
45,1963-10-01,,,,,101.1196
46,1963-11-01,,,,,101.231
47,1963-12-01,,,,,101.3881
48,1964-01-01,,,,,101.5148
49,1964-02-01,,,,,101.5554
50,1964-03-01,,,,,101.5485
51,1964-04-01,,,,,101.5473
52,1964-05-01,,,,,101.5872
53,1964-06-01,,,,,101.6471
54,1964-07-01,,,,,101.693
55,1964-08-01,,,,,101.6999
56,1964-09-01,,,,,101.6889
57,1964-10-01,,,,,101.6927
58,1964-11-01,,,,,101.739
59,1964-12-01,,,,,101.8194
60,1965-01-01,,,,,101.9251
61,1965-02-01,,,,,102.0498
62,1965-03-01,,,,,102.1662
63,1965-04-01,,,,,102.235
64,1965-05-01,,,,,102.2225
65,1965-06-01,,,,,102.1651
66,1965-07-01,,,,,102.1037
67,1965-08-01,,,,,102.0617
68,1965-09-01,,,,,102.0285
69,1965-10-01,,,,,101.9812
70,1965-11-01,,,,,101.8988
71,1965-12-01,,,,,101.789
72,1966-01-01,,,,,101.6572
73,1966-02-01,,,,,101.5023
74,1966-03-01,,,,,101.3339
75,1966-04-01,,,,,101.1584
76,1966-05-01,,,,,100.9785
77,1966-06-01,,,,,100.7991
78,1966-07-01,,,,,100.6308
79,1966-08-01,,,,,100.4919
80,1966-09-01,,,,,100.3999
81,1966-10-01,,,,,100.3964
82,1966-11-01,,,,,100.5246
83,1966-12-01,,,,,100.7197
84,1967-01-01,,,,,100.9076
85,1967-02-01,,,,,101.039
86,1967-03-01,,,,,101.1289
87,1967-04-01,,,,,101.1963
88,1967-05-01,,,,,101.2448
89,1967-06-01,,,,,101.2663
90,1967-07-01,,,,,101.2356
91,1967-08-01,,,,,101.1322
92,1967-09-01,,,,,101.0143
93,1967-10-01,,,,,100.9608
94,1967-11-01,,,,,101.0282
95,1967-12-01,,,,,101.1425
96,1968-01-01,,,,,101.2015
97,1968-02-01,,,,,101.1288
98,1968-03-01,,,,,100.9848
99,1968-04-01,,,,,100.8499
100,1968-05-01,,,,,100.7799
101,1968-06-01,,,,,100.7525
102,1968-07-01,,,,,100.7369
103,1968-08-01,,,,,100.7213
104,1968-09-01,,,,,100.7285
105,1968-10-01,,,,,100.8041
106,1968-11-01,,,,,100.9818
107,1968-12-01,,,,,101.1801
108,1969-01-01,,,,,101.2801
109,1969-02-01,,,,,101.1832
110,1969-03-01,,,,,100.9665
111,1969-04-01,,,,,100.7162
112,1969-05-01,,,,,100.4808
113,1969-06-01,,,,,100.2582
114,1969-07-01,,,,,100.0299
115,1969-08-01,,,,,99.78372
116,1969-09-01,,,,,99.54098
117,1969-10-01,,,,,99.33954
118,1969-11-01,,,,,99.21292
119,1969-12-01,,,,,99.12827
120,1970-01-01,,,,,99.05004
121,1970-02-01,,,,,98.96175
122,1970-03-01,,,,,98.88127
123,1970-04-01,,,,,98.84293
124,1970-05-01,,,,,98.87183
125,1970-06-01,,,,,98.91594
126,1970-07-01,,,,,98.90382
127,1970-08-01,,,,,98.78694
128,1970-09-01,,,,,98.63837
129,1970-10-01,,,,,98.56511
130,1970-11-01,,,,,98.65223
131,1970-12-01,,,,,98.83157
132,1971-01-01,,,,,99.01881
133,1971-02-01,,,,,99.15829
134,1971-03-01,,,,,99.25991
135,1971-04-01,,,,,99.34231
136,1971-05-01,,,,,99.41376
137,1971-06-01,,,,,99.47237
138,1971-07-01,,,,,99.50941
139,1971-08-01,,,,,99.52533
140,1971-09-01,,,,,99.56754
141,1971-10-01,,,,,99.71048
142,1971-11-01,,,,,100.0096
143,1971-12-01,,,,,100.3542
144,1972-01-01,,,,,100.5935
145,1972-02-01,,,,,100.6164
146,1972-03-01,,,,,100.5372
147,1972-04-01,,,,,100.5072
148,1972-05-01,,,,,100.629
149,1972-06-01,,,,,100.821
150,1972-07-01,,,,,100.9555
151,1972-08-01,,,,,100.9262
152,1972-09-01,,,,,100.7733
153,1972-10-01,,,,,100.5354
154,1972-11-01,,,,,100.2261
155,1972-12-01,,,,,99.89437
156,1973-01-01,,103.7456,,,99.58817
157,1973-02-01,,103.0117,,,99.33979
158,1973-03-01,,102.2256,,,99.1261
159,1973-04-01,,101.4388,,,98.92419
160,1973-05-01,,100.8217,,,98.73241
161,1973-06-01,,100.4878,,,98.57949
162,1973-07-01,,100.3392,,,98.51975
163,1973-08-01,,100.2087,,,98.58936
164,1973-09-01,,100.0078,,,98.6694
165,1973-10-01,,99.66492,,,98.59334
166,1973-11-01,,99.13347,,,98.24386
167,1973-12-01,,98.54214,,,97.80593
168,1974-01-01,,98.14835,,,97.53819
169,1974-02-01,,98.15892,,,97.63274
170,1974-03-01,,98.35328,,,97.90479
171,1974-04-01,,98.65082,,,98.10315
172,1974-05-01,,98.91657,,,98.04331
173,1974-06-01,,99.04898,,,97.81411
174,1974-07-01,,99.09946,,,97.53473
175,1974-08-01,,99.13995,,,97.28114
176,1974-09-01,,99.21253,,,97.06259
177,1974-10-01,,99.28884,,,96.88258
178,1974-11-01,,99.39017,,,96.7646
179,1974-12-01,,99.51121,,,96.73956
180,1975-01-01,,99.71128,,,96.8889
181,1975-02-01,,99.99341,,,97.29507
182,1975-03-01,,100.2968,,,97.81732
183,1975-04-01,,100.6002,,,98.28342
184,1975-05-01,,100.8108,,,98.56508
185,1975-06-01,,100.8466,,,98.70973
186,1975-07-01,,100.8111,,,98.77283
187,1975-08-01,,100.7643,,,98.78732
188,1975-09-01,,100.7587,,,98.81452
189,1975-10-01,,100.886,,,98.92574
190,1975-11-01,,101.2828,,,99.17117
191,1975-12-01,,101.8103,,,99.46464
192,1976-01-01,,102.2359,,,99.69225
193,1976-02-01,,102.4762,,,99.77277
194,1976-03-01,,102.5563,,,99.78403
195,1976-04-01,,102.5627,,,99.8312
196,1976-05-01,,102.5631,,,99.98449
197,1976-06-01,,102.5998,,,100.1808
198,1976-07-01,,102.6894,,,100.3221
199,1976-08-01,,102.786,,,100.331
200,1976-09-01,,102.8843,,,100.2608
201,1976-10-01,,102.9233,,,100.1805
202,1976-11-01,,102.8801,,,100.1393
203,1976-12-01,,102.7314,,,100.14
204,1977-01-01,,102.4964,,,100.1847
205,1977-02-01,,102.1932,,,100.2775
206,1977-03-01,,101.8807,,,100.3844
207,1977-04-01,,101.5768,,,100.4618
208,1977-05-01,,101.3781,,,100.4718
209,1977-06-01,,101.3784,,,100.4268
210,1977-07-01,,101.4824,,,100.3322
211,1977-08-01,,101.5978,,,100.1839
212,1977-09-01,,101.724,,,100.0161
213,1977-10-01,,101.8366,,,99.86893
214,1977-11-01,,101.9539,,,99.77455
215,1977-12-01,,102.0246,,,99.72412
216,1978-01-01,,102.0025,,,99.69107
217,1978-02-01,,101.9692,,,99.61081
218,1978-03-01,,101.963,,,99.47279
219,1978-04-01,,102.0127,,,99.47153
220,1978-05-01,,102.1432,,,99.49574
221,1978-06-01,,102.3265,,,99.45992
222,1978-07-01,,102.5432,,,99.43351
223,1978-08-01,,102.7921,,,99.33466
224,1978-09-01,,103.0665,,,99.23969
225,1978-10-01,,103.2973,,,99.01003
226,1978-11-01,,103.4645,,,98.62321
227,1978-12-01,,103.5586,,,98.27267
228,1979-01-01,,103.6065,,,98.24731
229,1979-02-01,,103.5771,,,98.23198
230,1979-03-01,,103.5261,,,98.04071
231,1979-04-01,,103.4329,,,97.84443
232,1979-05-01,,103.2513,,,97.71332
233,1979-06-01,,103.0031,,,97.52994
234,1979-07-01,,102.7666,,,97.36812
235,1979-08-01,,102.5398,,,97.40497
236,1979-09-01,,102.284,,,97.44559
237,1979-10-01,,101.9583,,,97.36999
238,1979-11-01,,101.5821,,,97.35193
239,1979-12-01,,101.1763,,,97.39189
240,1980-01-01,,100.7537,,,97.47672
241,1980-02-01,,100.5321,,,97.26822
242,1980-03-01,,100.3938,,,96.72633
243,1980-04-01,,100.2997,,,96.30571
244,1980-05-01,,100.2353,,,96.27074
245,1980-06-01,,100.1117,,,96.66769
246,1980-07-01,,100.0228,,,97.24178
247,1980-08-01,,99.98379,,,97.86611
248,1980-09-01,,99.82721,,,98.39227
249,1980-10-01,,99.4346,,,98.61591
250,1980-11-01,,98.89317,,,98.50571
251,1980-12-01,,98.50304,,,98.13308
252,1981-01-01,,98.16269,,,97.98294
253,1981-02-01,,97.75916,,,97.88698
254,1981-03-01,,97.3157,,,97.98786
255,1981-04-01,,97.00999,,,98.30428
256,1981-05-01,,96.84698,,,98.58285
257,1981-06-01,,96.57928,,,98.67782
258,1981-07-01,,96.25546,,,98.7326
259,1981-08-01,,95.90981,,,98.70731
260,1981-09-01,,95.88611,,,98.44186
261,1981-10-01,,96.02737,,,98.04715
262,1981-11-01,,96.08485,,,97.68665
263,1981-12-01,,96.15475,,,97.64082
264,1982-01-01,,96.23544,,,97.74736
265,1982-02-01,,96.3502,,,97.6594
266,1982-03-01,,96.65921,,,97.52944
267,1982-04-01,,96.95944,100.6004,,97.56638
268,1982-05-01,,97.14629,100.4164,,97.63455
269,1982-06-01,,97.10603,100.2457,,97.62976
270,1982-07-01,,96.72157,100.1161,,97.64703
271,1982-08-01,,96.29807,100.0575,,97.77304
272,1982-09-01,,95.98409,100.0492,,98.03345
273,1982-10-01,,96.00245,100.078,,98.26695
274,1982-11-01,,96.19361,100.1467,,98.32487
275,1982-12-01,,96.5752,100.2449,,98.3215
276,1983-01-01,,97.34357,100.3725,,98.42278
277,1983-02-01,,98.29956,100.5323,,98.82601
278,1983-03-01,,99.23602,100.6942,,99.4817
279,1983-04-01,,99.75252,100.8179,,100.1858
280,1983-05-01,,99.8601,100.8744,,100.6554
281,1983-06-01,,99.85013,100.9046,,100.8042
282,1983-07-01,,99.80138,100.9632,,100.7681
283,1983-08-01,,99.78269,101.0882,,100.6268
284,1983-09-01,,99.70903,101.2424,,100.5105
285,1983-10-01,,99.74551,101.3713,,100.5172
286,1983-11-01,,99.99573,101.4318,,100.7112
287,1983-12-01,,100.2726,101.4463,,101.0452
288,1984-01-01,,100.4263,101.4416,,101.3789
289,1984-02-01,,100.2596,101.4354,,101.5108
290,1984-03-01,,99.95261,101.4399,,101.5405
291,1984-04-01,,99.65138,101.4691,,101.4182
292,1984-05-01,,99.38946,101.5332,,101.3399
293,1984-06-01,,99.19653,101.6103,,101.2913
294,1984-07-01,,99.36034,101.6731,,101.3624
295,1984-08-01,,99.65636,101.7035,,101.489
296,1984-09-01,,99.95454,101.7213,,101.5116
297,1984-10-01,,100.116,101.7536,,101.3439
298,1984-11-01,,100.2728,101.8172,,101.1623
299,1984-12-01,,100.2812,101.8862,,101.0309
300,1985-01-01,,100.1429,101.9199,,101.0127
301,1985-02-01,,99.99635,101.8852,,100.9698
302,1985-03-01,,99.90875,101.8145,,100.9484
303,1985-04-01,,99.8873,101.7484,,100.9494
304,1985-05-01,,99.88991,101.7157,,100.9505
305,1985-06-01,,99.90444,101.7076,,101.0107
306,1985-07-01,,100.0039,101.7107,,100.9395
307,1985-08-01,,100.1392,101.7148,,100.7911
308,1985-09-01,,100.2902,101.7102,,100.6403
309,1985-10-01,,100.4075,101.6831,,100.5424
310,1985-11-01,,100.4731,101.6204,,100.6484
311,1985-12-01,,100.5957,101.5369,,100.8667
312,1986-01-01,,100.8094,101.4465,,101.0517
313,1986-02-01,,101.0094,101.3541,,101.1399
314,1986-03-01,,101.1428,101.2547,,101.1649
315,1986-04-01,,101.2394,101.1348,,101.2052
316,1986-05-01,,101.3177,100.9796,,101.2643
317,1986-06-01,,101.4415,100.8018,,101.3604
318,1986-07-01,,101.5651,100.6143,,101.3022
319,1986-08-01,,101.6791,100.4245,,101.1235
320,1986-09-01,,101.7058,100.2396,,100.9529
321,1986-10-01,,101.6942,100.0731,,100.8619
322,1986-11-01,,101.6575,99.94662,,100.6814
323,1986-12-01,,101.6044,99.87412,,100.53
324,1987-01-01,,101.4796,99.89655,,100.4979
325,1987-02-01,,101.294,100.0631,,100.528
326,1987-03-01,,101.1913,100.3171,,100.6005
327,1987-04-01,,101.133,100.6041,,100.6798
328,1987-05-01,,101.0781,100.8921,,100.7125
329,1987-06-01,,100.9836,101.1585,,100.7843
330,1987-07-01,,100.898,101.3766,,100.8865
331,1987-08-01,,100.8821,101.5238,,100.8911
332,1987-09-01,,100.9601,101.6372,,100.709
333,1987-10-01,,100.8463,101.7584,,100.3673
334,1987-11-01,,100.561,101.9112,,100.097
335,1987-12-01,,100.3125,102.0717,,100.1679
336,1988-01-01,,100.1859,102.1989,,100.4269
337,1988-02-01,,100.1982,102.2566,,100.6639
338,1988-03-01,,100.3099,102.2692,,100.8245
339,1988-04-01,,100.4126,102.2641,,100.8676
340,1988-05-01,,100.4288,102.259,,100.9588
341,1988-06-01,,100.4216,102.267,,101.026
342,1988-07-01,,100.4435,102.3019,,101.093
343,1988-08-01,,100.601,102.3698,,101.2003
344,1988-09-01,,100.8022,102.4346,,101.1853
345,1988-10-01,,100.965,102.4411,,101.046
346,1988-11-01,,100.9889,102.3422,,100.9451
347,1988-12-01,,100.9398,102.183,,100.9715
348,1989-01-01,,100.8329,102.018,,101.1112
349,1989-02-01,,100.7782,101.8861,,101.0911
350,1989-03-01,,100.8176,101.7941,,100.9477
351,1989-04-01,,100.9222,101.7559,,100.7515
352,1989-05-01,,101.0682,101.7941,,100.6213
353,1989-06-01,,101.2669,101.8861,,100.5894
354,1989-07-01,,101.3809,102.0179,,100.638
355,1989-08-01,,101.387,102.1829,,100.7191
356,1989-09-01,,101.4169,102.342,,100.8709
357,1989-10-01,,101.4234,102.4412,,100.8538
358,1989-11-01,,101.4585,102.4355,,100.7298
359,1989-12-01,,101.5518,102.3726,,100.6558
360,1990-01-01,99.13312,101.5592,102.3072,,100.6531
361,1990-02-01,99.18236,101.4364,102.2722,,100.6351
362,1990-03-01,99.25598,101.327,102.2528,,100.704
363,1990-04-01,99.35351,101.3777,102.2217,,100.7564
364,1990-05-01,99.44527,101.4621,102.1582,,100.6267
365,1990-06-01,99.47885,101.5347,102.0796,,100.3415
366,1990-07-01,99.42589,101.5464,102.0127,,99.85973
367,1990-08-01,99.31785,101.3913,101.9817,,99.08674
368,1990-09-01,99.22964,101.1064,101.9833,,98.34413
369,1990-10-01,99.24911,100.9119,102.0177,,97.75062
370,1990-11-01,99.42657,100.8405,102.0871,,97.53986
371,1990-12-01,99.75536,100.7202,102.1612,,97.60393
372,1991-01-01,100.1677,100.419,102.1992,,97.9519
373,1991-02-01,100.5523,100.0808,102.1673,,98.58669
374,1991-03-01,100.7925,99.86786,102.0919,,99.31059
375,1991-04-01,100.8323,99.93307,102.0002,,99.51505
376,1991-05-01,100.6787,99.97776,101.9044,,99.49802
377,1991-06-01,100.3961,99.72598,101.8016,,99.56329
378,1991-07-01,100.0873,99.24585,101.6781,,99.62467
379,1991-08-01,99.82915,99.02791,101.5212,,99.58896
380,1991-09-01,99.66958,99.13595,101.3511,,99.38902
381,1991-10-01,99.6086,99.3286,101.1947,,98.91328
382,1991-11-01,99.61924,99.47147,101.0732,,98.32364
383,1991-12-01,99.67389,99.55645,100.9755,,97.97672
384,1992-01-01,99.76829,99.46248,100.8879,,97.92803
385,1992-02-01,99.9362,99.27517,100.801,,98.17278
386,1992-03-01,100.2243,98.8991,100.7051,,98.61192
387,1992-04-01,100.6629,98.55344,100.5865,,98.96078
388,1992-05-01,101.2203,98.45434,100.4314,,99.15939
389,1992-06-01,101.8149,98.64055,100.2534,,99.16525
390,1992-07-01,102.3466,98.8605,100.0655,,98.9906
391,1992-08-01,102.7608,98.88702,99.87529,,98.83824
392,1992-09-01,103.0361,98.66348,99.68996,,98.82777
393,1992-10-01,103.1862,98.27718,99.52376,,99.08896
394,1992-11-01,103.2618,97.7977,99.40038,,99.71329
395,1992-12-01,103.3043,97.43188,99.3363,,100.2213
396,1993-01-01,103.3395,97.25205,99.37279,,100.3543
397,1993-02-01,103.3698,97.21498,99.54847,,100.2383
398,1993-03-01,103.4083,97.20686,99.77148,,100.0511
399,1993-04-01,103.4832,97.36941,99.91803,,99.81944
400,1993-05-01,103.6339,97.45288,99.88369,,99.5235
401,1993-06-01,103.8705,97.42421,99.71117,,99.29337
402,1993-07-01,104.1277,97.40279,99.44176,,99.07954
403,1993-08-01,104.3048,97.49646,99.10503,,99.02473
404,1993-09-01,104.2861,97.51471,98.80531,,99.14668
405,1993-10-01,104.0059,97.33739,98.69275,,99.42841
406,1993-11-01,103.4678,97.24322,98.89726,,99.76712
407,1993-12-01,102.7471,97.22014,99.27541,,100.2586
408,1994-01-01,101.9752,97.23289,99.66302,,100.6819
409,1994-02-01,101.2623,97.41952,99.95422,,100.833
410,1994-03-01,100.6735,97.86664,100.1709,,100.8222
411,1994-04-01,100.2132,98.51917,100.3547,,100.7924
412,1994-05-01,99.85984,99.21486,100.5324,,100.7296
413,1994-06-01,99.61013,99.7831,100.7162,,100.6228
414,1994-07-01,99.48625,100.1006,100.9076,,100.5499
415,1994-08-01,99.50815,100.2554,101.0976,,100.5961
416,1994-09-01,99.67887,100.3446,101.2572,,100.6671
417,1994-10-01,99.99733,100.3779,101.331,,100.7617
418,1994-11-01,100.4262,100.2069,101.2602,,100.8766
419,1994-12-01,100.9198,99.95512,101.0915,,101.054
420,1995-01-01,101.446,99.78362,100.8655,,101.1365
421,1995-02-01,101.9429,99.71936,100.6017,,101.0029
422,1995-03-01,102.3471,99.82658,100.3427,,100.7806
423,1995-04-01,102.6162,99.94355,100.1427,,100.6843
424,1995-05-01,102.7064,100.0184,100.053,,100.6716
425,1995-06-01,102.6145,100.0695,100.047,,100.7992
426,1995-07-01,102.3923,100.0521,100.1104,,100.9172
427,1995-08-01,102.1343,99.92387,100.2472,,100.8831
428,1995-09-01,101.9228,99.77692,100.416,,100.6449
429,1995-10-01,101.8084,99.58134,100.5764,,100.4874
430,1995-11-01,101.8139,99.29335,100.7028,,100.4092
431,1995-12-01,101.9102,98.8968,100.8069,,100.4334
432,1996-01-01,102.0449,98.47928,100.9028,,100.4497
433,1996-02-01,102.1505,98.26254,100.9945,,100.5212
434,1996-03-01,102.1829,98.26872,101.0712,,100.6667
435,1996-04-01,102.154,98.26736,101.1067,,100.6955
436,1996-05-01,102.0997,98.23156,101.0749,,100.6748
437,1996-06-01,102.0393,98.22374,101.0054,,100.7833
438,1996-07-01,101.9954,98.27735,100.9234,,100.9427
439,1996-08-01,101.9497,98.38542,100.8287,,101.0628
440,1996-09-01,101.9226,98.42767,100.6853,,101.1535
441,1996-10-01,101.8791,98.35143,100.4253,,101.2757
442,1996-11-01,101.7223,98.2257,100.0006,,101.3795
443,1996-12-01,101.3015,98.10553,99.55167,,101.3948
444,1997-01-01,100.6041,98.04208,99.28343,,101.4455
445,1997-02-01,100.1067,97.97167,99.36574,,101.5633
446,1997-03-01,99.87895,98.04889,99.65297,,101.696
447,1997-04-01,99.87308,98.19686,99.96745,,101.8607
448,1997-05-01,100.0127,98.31899,100.178,,102.0467
449,1997-06-01,100.199,98.3437,100.2511,,102.2162
450,1997-07-01,100.344,98.41047,100.1318,,102.3303
451,1997-08-01,100.3927,98.57549,99.7621,,102.3329
452,1997-09-01,100.3508,98.76414,99.29176,,102.3438
453,1997-10-01,100.271,98.91415,98.89922,,102.3369
454,1997-11-01,100.2253,98.94118,98.71341,,102.3185
455,1997-12-01,100.2465,98.91625,98.65774,,102.2869
456,1998-01-01,100.2353,98.90392,98.63587,,102.4394
457,1998-02-01,99.9042,98.96787,98.5874,,102.6025
458,1998-03-01,99.37794,99.16403,98.50974,,102.6101
459,1998-04-01,98.93546,99.34174,98.4151,,102.5887
460,1998-05-01,98.49665,99.56412,98.31679,,102.4897
461,1998-06-01,98.06482,99.89177,98.23237,,102.3708
462,1998-07-01,97.78438,100.2568,98.19056,,102.2348
463,1998-08-01,97.85287,100.4434,98.22422,,102.0426
464,1998-09-01,98.03916,100.5898,98.32072,,101.8022
465,1998-10-01,98.23859,100.751,98.47974,,101.6662
466,1998-11-01,98.35602,100.7913,98.70814,,101.7596
467,1998-12-01,98.52223,100.7045,98.95245,,101.9024
468,1999-01-01,98.69925,100.6122,99.14474,,102.1417
469,1999-02-01,98.79135,100.5034,99.23258,,102.3497
470,1999-03-01,98.81456,100.2892,99.26108,,102.385
471,1999-04-01,98.87382,100.0647,99.285,,102.3802
472,1999-05-01,99.00122,99.91917,99.34031,,102.4237
473,1999-06-01,99.13139,99.87176,99.42023,,102.4348
474,1999-07-01,99.21658,99.92021,99.51136,,102.3794
475,1999-08-01,99.37382,99.97295,99.60523,,102.3179
476,1999-09-01,99.48775,100.051,99.69854,,102.3076
477,1999-10-01,99.5732,100.1776,99.79076,,102.287
478,1999-11-01,99.69596,100.2997,99.88223,,102.4048
479,1999-12-01,99.85255,100.4317,99.97341,,102.5682
480,2000-01-01,99.95152,100.5522,100.0648,,102.7975
481,2000-02-01,100.038,100.6649,100.1572,,102.8501
482,2000-03-01,100.1253,100.7357,100.2517,,102.7697
483,2000-04-01,100.2127,100.7918,100.349,,102.7513
484,2000-05-01,100.3018,100.8709,100.446,,102.7261
485,2000-06-01,100.3785,100.7906,100.5301,,102.6278
486,2000-07-01,100.4623,100.7831,100.5733,,102.5946
487,2000-08-01,100.5648,100.7079,100.54,,102.5599
488,2000-09-01,100.6745,100.4835,100.4352,,102.5103
489,2000-10-01,100.7589,100.3552,100.2461,,102.402
490,2000-11-01,100.8276,100.4259,99.95544,,102.151
491,2000-12-01,100.8829,100.5338,99.6395,,101.6243
492,2001-01-01,100.92,100.625,99.39271,,101.1023
493,2001-02-01,100.9415,100.6262,99.27806,,100.7208
494,2001-03-01,100.9892,100.5848,99.20808,,100.5561
495,2001-04-01,101.0534,100.4174,99.05951,104.7466,100.5231
496,2001-05-01,101.0944,100.1049,98.74326,104.0665,100.6458
497,2001-06-01,101.152,99.7449,98.35301,103.9679,100.7246
498,2001-07-01,101.2,99.49746,98.02427,104.4164,100.6388
499,2001-08-01,101.158,99.34834,97.86748,104.5311,100.3379
500,2001-09-01,101.0864,99.29851,97.8396,103.7566,99.90431
501,2001-10-01,101.02,99.22421,97.90089,102.6991,99.748
502,2001-11-01,100.9706,99.06173,98.04282,101.8248,99.89544
503,2001-12-01,100.9586,98.90094,98.22668,100.711,100.2522
504,2002-01-01,100.9587,98.76247,98.42466,99.30319,100.5972
505,2002-02-01,100.9805,98.68141,98.61873,98.96062,100.8039
506,2002-03-01,101.0001,98.65314,98.78559,99.36565,100.9908
507,2002-04-01,101.0066,98.59879,98.88544,99.97762,101.0435
508,2002-05-01,101.0181,98.5669,98.87802,100.5513,101.0175
509,2002-06-01,101.0398,98.57588,98.80556,100.9697,100.7673
510,2002-07-01,101.0528,98.62659,98.70883,101.3322,100.4323
511,2002-08-01,101.0618,98.55849,98.60812,101.6209,100.1562
512,2002-09-01,101.0819,98.34578,98.50854,101.7705,99.91472
513,2002-10-01,101.1298,97.83791,98.40938,101.9118,99.7324
514,2002-11-01,101.2034,97.20349,98.31214,102.0086,99.74742
515,2002-12-01,101.2687,96.86024,98.22835,101.5632,99.74489
516,2003-01-01,101.2556,96.83781,98.18531,100.6878,99.56658
517,2003-02-01,100.9581,96.90913,98.21851,99.82146,99.40844
518,2003-03-01,100.1162,97.09446,98.32317,99.34288,99.49152
519,2003-04-01,98.74847,97.35889,98.51254,99.71208,99.92521
520,2003-05-01,97.92435,97.65822,98.80464,100.1993,100.3528
521,2003-06-01,98.04827,97.98276,99.12433,100.5861,100.5088
522,2003-07-01,98.64407,98.21215,99.37693,100.7309,100.5111
523,2003-08-01,99.23598,98.21465,99.49426,100.6623,100.4217
524,2003-09-01,99.65377,98.17648,99.54778,100.4648,100.3863
525,2003-10-01,99.96059,98.1947,99.63123,100.3035,100.5345
526,2003-11-01,100.1738,98.2384,99.80714,100.045,100.8266
527,2003-12-01,100.3391,98.16888,100.0234,99.74935,101.1296
528,2004-01-01,100.4218,98.11995,100.2116,99.69376,101.4088
529,2004-02-01,100.4181,98.20124,100.345,99.74971,101.2953
530,2004-03-01,100.3073,98.20047,100.5249,99.78799,101.1275
531,2004-04-01,99.98649,98.15715,100.8467,100.0135,100.9565
532,2004-05-01,99.45023,98.13216,101.1386,100.2348,100.8781
533,2004-06-01,98.97292,98.15472,101.297,100.2292,101.016
534,2004-07-01,98.81346,98.17038,101.599,99.95425,101.1274
535,2004-08-01,98.82627,98.23031,101.7206,99.77866,101.1027
536,2004-09-01,98.96726,98.30231,101.6416,99.86094,100.9838
537,2004-10-01,99.17705,98.28792,101.634,100.0337,100.8946
538,2004-11-01,99.41322,98.31643,101.5455,100.4256,100.9588
539,2004-12-01,99.61382,98.47036,101.3827,101.0347,101.0945
540,2005-01-01,99.77305,98.67983,101.4004,101.6828,101.0798
541,2005-02-01,99.91387,98.74206,101.3582,102.0687,100.9242
542,2005-03-01,100.0328,98.70908,101.2443,101.7478,100.6948
543,2005-04-01,100.0975,98.67145,101.3172,101.1326,100.5064
544,2005-05-01,100.1014,98.65633,101.3971,100.6435,100.5743
545,2005-06-01,100.103,98.62661,101.4508,100.5277,100.8245
546,2005-07-01,100.0827,98.63084,101.567,100.5532,100.7309
547,2005-08-01,100.0461,98.73669,101.5733,100.7039,100.1398
548,2005-09-01,99.97426,98.87253,101.4961,101.2625,99.42123
549,2005-10-01,99.89513,99.02987,101.6091,101.9302,99.18803
550,2005-11-01,99.88628,99.20458,101.7424,102.4602,99.57449
551,2005-12-01,99.94596,99.48999,101.8557,102.8419,100.1511
552,2006-01-01,99.96734,99.82513,102.0413,103.1437,100.4114
553,2006-02-01,99.92137,99.97905,102.0826,103.4217,100.3627
554,2006-03-01,99.90476,100.0441,101.9809,103.5949,100.2314
555,2006-04-01,99.87405,100.1278,101.9419,103.5744,99.9799
556,2006-05-01,99.87009,100.2109,101.8193,103.472,99.69805
557,2006-06-01,99.91025,100.1408,101.647,103.4698,99.6773
558,2006-07-01,99.99224,99.99126,101.5976,103.601,99.71344
559,2006-08-01,100.1581,99.84378,101.5237,103.7123,99.81165
560,2006-09-01,100.3772,99.72507,101.5008,103.7997,100.1267
561,2006-10-01,100.5404,99.65824,101.6546,103.755,100.5464
562,2006-11-01,100.6769,99.74297,101.7722,103.4211,100.7773
563,2006-12-01,100.7567,99.93334,101.7794,102.9537,100.8926
564,2007-01-01,100.6929,100.1651,101.8425,102.4586,100.9246
565,2007-02-01,100.5802,100.4734,101.785,102.2734,100.7017
566,2007-03-01,100.5372,100.7997,101.573,102.3321,100.4301
567,2007-04-01,100.6596,101.146,101.373,102.4885,100.2562
568,2007-05-01,100.8279,101.4023,101.1328,102.5911,100.1959
569,2007-06-01,100.9586,101.4244,100.8639,102.5458,100.1552
570,2007-07-01,100.9821,101.24,100.6895,102.4696,100.1321
571,2007-08-01,100.9819,100.8915,100.5649,102.3839,99.90313
572,2007-09-01,100.9214,100.5628,100.3971,102.1226,99.64821
573,2007-10-01,100.832,100.3111,100.1146,101.8611,99.35393
574,2007-11-01,100.7549,100.0876,99.7254,101.7039,99.06834
575,2007-12-01,100.6787,99.98911,99.38004,101.6662,98.90031
576,2008-01-01,100.4568,99.94224,99.10252,101.5753,98.7388
577,2008-02-01,100.2025,99.89789,98.83392,101.3381,98.3501
578,2008-03-01,100.0603,99.87837,98.5179,100.8866,97.88147
579,2008-04-01,99.98918,99.80974,98.09501,100.1146,97.35324
580,2008-05-01,99.99453,99.54131,97.65415,99.23398,96.97398
581,2008-06-01,100.0125,99.1455,97.27945,98.37957,96.85471
582,2008-07-01,100.0014,98.74313,96.99734,97.72769,97.05781
583,2008-08-01,99.87556,98.51394,96.82215,97.35865,97.31511
584,2008-09-01,99.62703,98.40533,96.73645,97.01948,97.39115
585,2008-10-01,99.18121,98.2075,96.56456,96.67541,97.03825
586,2008-11-01,98.53453,97.98951,96.35992,96.43841,96.78165
587,2008-12-01,97.88151,97.7192,96.1656,96.03597,96.77419
588,2009-01-01,97.47132,97.55822,96.10918,95.63416,96.78139
589,2009-02-01,97.26295,97.458,96.26792,95.3342,96.75536
590,2009-03-01,97.17544,97.4171,96.69774,95.24155,96.95727
591,2009-04-01,97.20728,97.54289,97.32938,95.36444,97.40534
592,2009-05-01,97.31594,97.78419,98.00482,95.45236,97.79088
593,2009-06-01,97.44548,98.15228,98.58633,95.73102,97.9505
594,2009-07-01,97.62576,98.65294,99.04897,95.96648,97.90529
595,2009-08-01,97.78345,99.16891,99.33803,95.7597,97.94897
596,2009-09-01,97.88855,99.5564,99.48235,95.49624,98.12679
597,2009-10-01,97.97471,99.72635,99.52472,95.30757,98.15643
598,2009-11-01,98.06397,99.68086,99.48728,95.33681,98.17046
599,2009-12-01,98.19931,99.6129,99.4389,95.45196,98.34456
600,2010-01-01,98.3851,99.50869,99.53255,95.67602,98.50594
601,2010-02-01,98.62999,99.54321,99.69716,95.86894,98.56094
602,2010-03-01,98.99863,99.74127,99.87308,96.08504,98.55785
603,2010-04-01,99.21832,99.943,100.0121,96.39305,98.53747
604,2010-05-01,99.4092,99.97183,100.0934,96.80959,98.5362
605,2010-06-01,99.47843,100.2034,100.122,97.17208,98.44131
606,2010-07-01,99.34513,100.7084,100.0745,97.42652,98.15734
607,2010-08-01,99.01961,101.194,99.95293,97.77641,97.98415
608,2010-09-01,98.52876,101.5399,99.83229,98.23209,97.93344
609,2010-10-01,98.09314,101.7359,99.8175,98.54099,98.03171
610,2010-11-01,97.66752,101.864,99.88973,98.65001,98.2884
611,2010-12-01,97.28735,101.8632,99.9487,98.68513,98.53863
612,2011-01-01,97.22717,101.807,99.87749,98.75613,98.64664
613,2011-02-01,97.63832,101.73,99.53854,98.83368,98.59771
614,2011-03-01,98.46063,101.6071,98.8996,98.71883,98.35471
615,2011-04-01,98.92222,101.508,98.23563,98.52103,98.29645
616,2011-05-01,99.09289,101.4694,98.02712,98.54326,98.28078
617,2011-06-01,99.1256,101.4593,98.17024,98.77618,97.97429
618,2011-07-01,98.84822,101.2999,98.45969,98.94385,97.39881
619,2011-08-01,98.41431,100.9668,98.71988,98.88818,96.90761
620,2011-09-01,97.8283,100.7097,98.95431,98.76528,96.84059
621,2011-10-01,97.21446,100.519,99.11284,98.70132,97.07169
622,2011-11-01,96.91508,100.4978,99.21387,98.65965,97.51232
623,2011-12-01,97.244,100.6099,99.32293,98.72234,98.05737
624,2012-01-01,97.76431,100.7011,99.42422,99.08605,98.52203
625,2012-02-01,97.97783,100.7334,99.47612,99.43381,98.78108
626,2012-03-01,97.82558,100.7523,99.50196,99.67027,98.90592
627,2012-04-01,97.801,100.7766,99.51063,99.91816,98.9409
628,2012-05-01,97.61729,100.761,99.52559,99.97726,98.88471
629,2012-06-01,97.12295,100.6868,99.52143,99.95424,98.67893
630,2012-07-01,96.8418,100.5009,99.51852,100.0379,98.60642
631,2012-08-01,97.01225,100.2858,99.53238,100.0116,98.7774
632,2012-09-01,97.54169,100.1378,99.52172,99.88775,99.09575
633,2012-10-01,98.19244,100.1122,99.51171,100.0298,99.32405
634,2012-11-01,98.46807,100.1785,99.5772,100.2742,99.2371
635,2012-12-01,98.53662,100.2844,99.79792,100.6042,98.90096
636,2013-01-01,98.65796,100.4442,100.2204,100.7146,98.77173
637,2013-02-01,98.6995,100.5747,100.5822,100.4943,98.87539
638,2013-03-01,98.25244,100.6435,100.7952,100.1896,99.0433
639,2013-04-01,97.68898,100.6739,100.8573,99.88223,99.25684
640,2013-05-01,96.9464,100.6947,100.8046,99.61881,99.59744
641,2013-06-01,96.41714,100.7296,100.6491,99.50502,99.77354
642,2013-07-01,96.29563,100.776,100.541,99.73144,99.73559
643,2013-08-01,96.51363,100.8282,100.5128,99.79295,99.45281
644,2013-09-01,96.92109,100.9273,100.5329,99.42467,99.06912
645,2013-10-01,97.24637,101.0508,100.3412,98.84179,98.83192
646,2013-11-01,97.28269,101.207,100.17,98.17917,98.93309
647,2013-12-01,97.48353,101.3684,99.89319,97.5995,99.2389
648,2014-01-01,97.73832,101.5086,99.52683,97.21568,99.41298
649,2014-02-01,98.1814,101.5757,99.14915,97.39339,99.48357
650,2014-03-01,98.58082,101.5836,98.91042,97.80631,99.51604
651,2014-04-01,98.48918,101.6021,98.94425,98.10399,99.58958
652,2014-05-01,98.26971,101.6337,99.22243,98.17811,99.57587
653,2014-06-01,98.26732,101.6145,99.54842,98.08997,99.54927
654,2014-07-01,98.28555,101.4982,99.74549,98.01619,99.54102
655,2014-08-01,98.30179,101.2749,99.71483,98.1621,99.63661
656,2014-09-01,98.3599,101.1073,99.54008,98.44781,99.84245
657,2014-10-01,98.37581,101.0717,99.32611,98.65614,100.1318
658,2014-11-01,98.55456,101.1139,99.18166,98.81846,100.4869
659,2014-12-01,98.78045,101.2584,99.21389,98.80265,100.8805
660,2015-01-01,99.06192,101.4502,99.37118,98.76127,101.1458
661,2015-02-01,99.39477,101.6228,99.63023,98.82225,101.1481
662,2015-03-01,99.45097,101.7563,99.83888,98.84186,101.0512
663,2015-04-01,99.46338,101.8013,99.95069,98.68785,100.9962
664,2015-05-01,99.36781,101.7576,99.95349,98.58695,100.9156
665,2015-06-01,98.93899,101.6479,99.92213,98.55311,100.9297
666,2015-07-01,98.56924,101.5044,99.87859,98.36629,100.8146
667,2015-08-01,98.40251,101.3238,99.87807,98.23746,100.6244
668,2015-09-01,98.38926,101.0956,99.88813,98.28867,100.4531
669,2015-10-01,98.31071,100.9248,99.98105,98.45679,100.4824
670,2015-11-01,98.26721,100.9133,100.077,98.57359,100.5993
671,2015-12-01,98.2223,101.022,100.0705,98.55928,100.6968
672,2016-01-01,98.13519,101.0833,99.95406,98.46149,100.7099
673,2016-02-01,97.88701,101.0959,99.79693,98.24208,100.6724
674,2016-03-01,97.45692,101.1256,99.77955,98.02229,100.6324
675,2016-04-01,97.28914,101.2156,99.80197,97.90754,100.6546
676,2016-05-01,97.41628,101.2987,99.85783,97.91721,100.7774
677,2016-06-01,97.92419,101.358,99.9571,97.81784,100.7553
678,2016-07-01,98.46839,101.344,100.0427,97.35762,100.6081
679,2016-08-01,98.68681,101.3073,100.1384,96.87939,100.5017
680,2016-09-01,98.81373,101.2783,100.1802,96.5003,100.4825
681,2016-10-01,99.10506,101.3039,100.1138,96.22059,100.5597
682,2016-11-01,99.41443,101.3798,100.0435,95.72126,100.8901
683,2016-12-01,99.67391,101.4445,100.1352,94.83599,101.2287
684,2017-01-01,100.0005,101.4379,100.247,93.74681,101.3774
685,2017-02-01,100.3772,101.3913,100.3589,94.08529,101.3651
686,2017-03-01,100.564,101.4719,100.4612,95.09477,101.3344
687,2017-04-01,100.7309,101.6447,100.4972,95.99957,101.2947
688,2017-05-01,100.796,101.8226,100.5079,96.58136,101.2232
689,2017-06-01,100.9712,101.9444,100.5137,96.92307,101.117
690,2017-07-01,101.2813,101.9505,100.5585,97.22009,101.0759
691,2017-08-01,101.7752,101.8737,100.5943,97.46685,101.1726
692,2017-09-01,102.6014,101.8328,100.6559,97.607,101.2938
693,2017-10-01,103.366,101.8589,100.7149,97.51481,101.444
694,2017-11-01,103.6428,101.8976,100.7285,97.25111,101.4239
695,2017-12-01,103.7825,101.9566,100.7173,96.76552,101.341
696,2018-01-01,103.8639,102.0283,100.6967,96.24482,101.3704
697,2018-02-01,103.9402,102.0309,100.661,96.01934,101.5304
698,2018-03-01,103.8686,101.9677,100.6313,96.132,101.6297
699,2018-04-01,103.7388,101.8862,100.6086,96.64996,101.5798
700,2018-05-01,103.4394,101.8063,100.6042,97.56505,101.4954
701,2018-06-01,102.9666,101.7246,100.5791,98.99916,101.4385
702,2018-07-01,102.7229,101.6371,100.5593,100.8983,101.4076
703,2018-08-01,102.5946,101.6201,100.5227,101.876,101.4186
704,2018-09-01,102.6408,101.61,100.4471,102.0479,101.5004
705,2018-10-01,102.9249,101.574,100.3462,102.0349,101.4829
706,2018-11-01,103.4087,101.5402,100.2363,102.3158,101.3758
707,2018-12-01,103.8466,101.5171,100.1263,103.3324,101.2087
708,2019-01-01,104.1928,101.5281,99.99158,104.5344,101.0086
709,2019-02-01,104.4308,101.5379,99.85592,105.3857,101.0617
710,2019-03-01,104.4346,101.5378,99.70699,105.1816,101.2753
711,2019-04-01,104.414,101.4784,99.57708,104.3679,101.4319
712,2019-05-01,104.3469,101.3466,99.39038,103.4801,101.518
713,2019-06-01,104.3555,101.1674,99.14771,102.8896,101.4261
714,2019-07-01,104.21,101.0195,98.92116,102.8007,101.199
715,2019-08-01,104.0617,100.9263,98.71285,103.1493,100.9089
716,2019-09-01,104.1436,100.926,98.5717,103.5128,100.9089
717,2019-10-01,104.3246,100.9342,98.69202,103.4256,101.1076
718,2019-11-01,104.5321,101.0331,99.00607,103.2628,101.3708
719,2019-12-01,104.6309,101.039,99.20092,103.1183,101.5939
720,2020-01-01,104.3044,100.9433,99.03524,102.9148,101.5923
721,2020-02-01,103.5501,100.5596,98.28162,101.9721,101.1731
722,2020-03-01,102.9462,99.7545,96.91967,99.62402,100.1957
723,2020-04-01,102.1792,98.96581,95.69762,96.20538,99.1326
724,2020-05-01,101.6275,98.87122,95.46452,94.24935,98.64291
725,2020-06-01,101.4059,99.26958,95.89613,94.09119,98.59415
726,2020-07-01,101.7392,99.67643,96.44128,95.10391,98.61108
727,2020-08-01,102.2336,99.96597,96.90505,96.30285,98.80872
728,2020-09-01,102.9094,100.022,97.31514,97.32633,99.11467
729,2020-10-01,103.4688,99.85304,97.5129,98.02132,99.26032
730,2020-11-01,103.8379,99.63251,97.48392,98.341,99.21812
731,2020-12-01,103.9638,99.48247,97.32478,98.69307,99.22112
732,2021-01-01,104.1281,99.38581,97.3269,99.10799,99.22708
733,2021-02-01,104.2575,99.5483,97.69685,99.67905,99.36378
734,2021-03-01,103.9664,99.85944,98.06046,100.5642,99.7225
735,2021-04-01,103.6758,100.1923,98.21745,101.4903,99.96178
736,2021-05-01,103.4779,100.7283,98.32652,102.2117,99.90427
737,2021-06-01,103.2198,101.2003,98.55623,102.7542,99.69872
738,2021-07-01,102.7898,101.3394,98.72916,102.9281,99.24027
739,2021-08-01,102.6728,101.3272,98.83272,102.8683,98.68285
740,2021-09-01,102.8953,101.33,98.98345,103.0604,98.39021
741,2021-10-01,103.0534,101.1442,99.15882,103.4395,98.20741
742,2021-11-01,103.189,100.8296,99.21112,103.7602,98.0484
743,2021-12-01,103.3347,100.5483,99.04861,103.4331,97.94905
744,2022-01-01,103.1706,100.321,98.66561,102.9315,97.71878
745,2022-02-01,101.9672,99.82602,98.19518,102.7304,97.41753
746,2022-03-01,99.25504,98.99306,97.74359,102.8061,97.18479
747,2022-04-01,95.73044,98.30544,97.50417,102.8779,97.02187
748,2022-05-01,93.80015,97.87979,97.38597,102.6527,96.62337
749,2022-06-01,93.23615,97.46019,97.22582,102.0363,96.22447
750,2022-07-01,93.13558,96.95935,97.09846,101.3139,96.19712
751,2022-08-01,93.10848,96.57001,97.09272,100.9107,96.45789
752,2022-09-01,93.08126,96.24467,96.99999,100.915,96.67233
753,2022-10-01,93.05663,96.29682,96.89599,101.2099,96.78461
754,2022-11-01,93.20015,96.70527,96.84948,101.7145,96.85036
755,2022-12-01,93.74612,97.27384,96.94398,102.3872,97.06593
756,2023-01-01,94.46795,97.83946,97.10484,103.065,97.34864
757,2023-02-01,94.96375,98.30084,97.36131,103.4439,97.46345
758,2023-03-01,94.79571,98.59228,97.76801,103.5088,97.35368
759,2023-04-01,94.03364,98.87731,98.14841,103.5368,97.26221
760,2023-05-01,93.48249,99.00686,98.40136,103.7788,97.26314
761,2023-06-01,93.12801,98.98552,98.53207,104.2215,97.5538
762,2023-07-01,93.01456,98.88059,98.56378,104.7125,97.89932
763,2023-08-01,93.06505,98.70851,98.46188,105.0363,97.95548
764,2023-09-01,93.1944,98.57835,98.34909,105.142,97.78446
765,2023-10-01,93.28872,98.53635,98.36047,105.147,97.5509
766,2023-11-01,93.2839,98.58052,98.48191,105.2709,97.51597
767,2023-12-01,,98.76042,98.67594,105.3242,97.78719
