date,CCI_CHI,CCI_GER,CCI_JAP,CCI_MEX
1/1/1995,101.446,99.78362,100.8655,
2/1/1995,101.9429,99.71936,100.6017,
3/1/1995,102.3471,99.82658,100.3427,
4/1/1995,102.6162,99.94355,100.1427,
5/1/1995,102.7064,100.0184,100.053,
6/1/1995,102.6145,100.0695,100.047,
7/1/1995,102.3923,100.0521,100.1104,
8/1/1995,102.1343,99.92387,100.2472,
9/1/1995,101.9228,99.77692,100.416,
10/1/1995,101.8084,99.58134,100.5764,
11/1/1995,101.8139,99.29335,100.7028,
12/1/1995,101.9102,98.8968,100.8069,
1/1/1996,102.0449,98.47928,100.9028,
2/1/1996,102.1505,98.26254,100.9945,
3/1/1996,102.1829,98.26872,101.0712,
4/1/1996,102.154,98.26736,101.1067,
5/1/1996,102.0997,98.23156,101.0749,
6/1/1996,102.0393,98.22374,101.0054,
7/1/1996,101.9954,98.27735,100.9234,
8/1/1996,101.9497,98.38542,100.8287,
9/1/1996,101.9226,98.42767,100.6853,
10/1/1996,101.8791,98.35143,100.4253,
11/1/1996,101.7223,98.2257,100.0006,
12/1/1996,101.3015,98.10553,99.55167,
1/1/1997,100.6041,98.04208,99.28343,
2/1/1997,100.1067,97.97167,99.36574,
3/1/1997,99.87895,98.04889,99.65297,
4/1/1997,99.87308,98.19686,99.96745,
5/1/1997,100.0127,98.31899,100.178,
6/1/1997,100.199,98.3437,100.2511,
7/1/1997,100.344,98.41047,100.1318,
8/1/1997,100.3927,98.57549,99.7621,
9/1/1997,100.3508,98.76414,99.29176,
10/1/1997,100.271,98.91415,98.89922,
11/1/1997,100.2253,98.94118,98.71341,
12/1/1997,100.2465,98.91625,98.65774,
1/1/1998,100.2353,98.90392,98.63587,
2/1/1998,99.9042,98.96787,98.5874,
3/1/1998,99.37794,99.16403,98.50974,
4/1/1998,98.93546,99.34174,98.4151,
5/1/1998,98.49665,99.56412,98.31679,
6/1/1998,98.06482,99.89177,98.23237,
7/1/1998,97.78438,100.2568,98.19056,
8/1/1998,97.85287,100.4434,98.22422,
9/1/1998,98.03916,100.5898,98.32072,
10/1/1998,98.23859,100.751,98.47974,
11/1/1998,98.35602,100.7913,98.70814,
12/1/1998,98.52223,100.7045,98.95245,
1/1/1999,98.69925,100.6122,99.14474,
2/1/1999,98.79135,100.5034,99.23258,
3/1/1999,98.81456,100.2892,99.26108,
4/1/1999,98.87382,100.0647,99.285,
5/1/1999,99.00122,99.91917,99.34031,
6/1/1999,99.13139,99.87176,99.42023,
7/1/1999,99.21658,99.92021,99.51136,
8/1/1999,99.37382,99.97295,99.60523,
9/1/1999,99.48775,100.051,99.69854,
10/1/1999,99.5732,100.1776,99.79076,
11/1/1999,99.69596,100.2997,99.88223,
12/1/1999,99.85255,100.4317,99.97341,
1/1/2000,99.95152,100.5522,100.0648,
2/1/2000,100.038,100.6649,100.1572,
3/1/2000,100.1253,100.7357,100.2517,
4/1/2000,100.2127,100.7918,100.349,
5/1/2000,100.3018,100.8709,100.446,
6/1/2000,100.3785,100.7906,100.5301,
7/1/2000,100.4623,100.7831,100.5733,
8/1/2000,100.5648,100.7079,100.54,
9/1/2000,100.6745,100.4835,100.4352,
10/1/2000,100.7589,100.3552,100.2461,
11/1/2000,100.8276,100.4259,99.95544,
12/1/2000,100.8829,100.5338,99.6395,
1/1/2001,100.92,100.625,99.39271,
2/1/2001,100.9415,100.6262,99.27806,
3/1/2001,100.9892,100.5848,99.20808,
4/1/2001,101.0534,100.4174,99.05951,46.9
5/1/2001,101.0944,100.1049,98.74326,44.4
6/1/2001,101.152,99.7449,98.35301,44
7/1/2001,101.2,99.49746,98.02427,46.1
8/1/2001,101.158,99.34834,97.86748,47.4
9/1/2001,101.0864,99.29851,97.8396,44.7
10/1/2001,101.02,99.22421,97.90089,42.3
11/1/2001,100.9706,99.06173,98.04282,42.8
12/1/2001,100.9586,98.90094,98.22668,42.7
1/1/2002,100.9587,98.76247,98.42466,36.8
2/1/2002,100.9805,98.68141,98.61873,38.3
3/1/2002,101.0001,98.65314,98.78559,39.5
4/1/2002,101.0066,98.59879,98.88544,40.1
5/1/2002,101.0181,98.5669,98.87802,40.9
6/1/2002,101.0398,98.57588,98.80556,41
7/1/2002,101.0528,98.62659,98.70883,41.6
8/1/2002,101.0618,98.55849,98.60812,42.3
9/1/2002,101.0819,98.34578,98.50854,42
10/1/2002,101.1298,97.83791,98.40938,41.8
11/1/2002,101.2034,97.20349,98.31214,43.4
12/1/2002,101.2687,96.86024,98.22835,42.4
1/1/2003,101.2556,96.83781,98.18531,40.7
2/1/2003,100.9581,96.90913,98.21851,39.8
3/1/2003,100.1162,97.09446,98.32317,37.5
4/1/2003,98.74847,97.35889,98.51254,40.2
5/1/2003,97.92435,97.65822,98.80464,40.3
6/1/2003,98.04827,97.98276,99.12433,40.9
7/1/2003,98.64407,98.21215,99.37693,41
8/1/2003,99.23598,98.21465,99.49426,40.9
9/1/2003,99.65377,98.17648,99.54778,40.1
10/1/2003,99.96059,98.1947,99.63123,40.6
11/1/2003,100.1738,98.2384,99.80714,40.3
12/1/2003,100.3391,98.16888,100.0234,39.1
1/1/2004,100.4218,98.11995,100.2116,39.5
2/1/2004,100.4181,98.20124,100.345,40
3/1/2004,100.3073,98.20047,100.5249,39.1
4/1/2004,99.98649,98.15715,100.8467,39.9
5/1/2004,99.45023,98.13216,101.1386,40.5
6/1/2004,98.97292,98.15472,101.297,40.8
7/1/2004,98.81346,98.17038,101.599,39.6
8/1/2004,98.82627,98.23031,101.7206,39.2
9/1/2004,98.96726,98.30231,101.6416,40.1
10/1/2004,99.17705,98.28792,101.634,39.8
11/1/2004,99.41322,98.31643,101.5455,40.3
12/1/2004,99.61382,98.47036,101.3827,41.1
1/1/2005,99.77305,98.67983,101.4004,41.9
2/1/2005,99.91387,98.74206,101.3582,43.8
3/1/2005,100.0328,98.70908,101.2443,42.2
4/1/2005,100.0975,98.67145,101.3172,41.2
5/1/2005,100.1014,98.65633,101.3971,40.1
6/1/2005,100.103,98.62661,101.4508,40.9
7/1/2005,100.0827,98.63084,101.567,41
8/1/2005,100.0461,98.73669,101.5733,40.1
9/1/2005,99.97426,98.87253,101.4961,41.6
10/1/2005,99.89513,99.02987,101.6091,42.8
11/1/2005,99.88628,99.20458,101.7424,43.3
12/1/2005,99.94596,99.48999,101.8557,43.6
1/1/2006,99.96734,99.82513,102.0413,43.9
2/1/2006,99.92137,99.97905,102.0826,44.4
3/1/2006,99.90476,100.0441,101.9809,44.9
4/1/2006,99.87405,100.1278,101.9419,44.7
5/1/2006,99.87009,100.2109,101.8193,44.3
6/1/2006,99.91025,100.1408,101.647,44.2
7/1/2006,99.99224,99.99126,101.5976,44.8
8/1/2006,100.1581,99.84378,101.5237,44.7
9/1/2006,100.3772,99.72507,101.5008,44.8
10/1/2006,100.5404,99.65824,101.6546,45.3
11/1/2006,100.6769,99.74297,101.7722,44.3
12/1/2006,100.7567,99.93334,101.7794,44.1
1/1/2007,100.6929,100.1651,101.8425,42.6
2/1/2007,100.5802,100.4734,101.785,42.8
3/1/2007,100.5372,100.7997,101.573,43
4/1/2007,100.6596,101.146,101.373,43.3
5/1/2007,100.8279,101.4023,101.1328,43.6
6/1/2007,100.9586,101.4244,100.8639,43.1
7/1/2007,100.9821,101.24,100.6895,42.9
8/1/2007,100.9819,100.8915,100.5649,43.5
9/1/2007,100.9214,100.5628,100.3971,42.6
10/1/2007,100.832,100.3111,100.1146,42.2
11/1/2007,100.7549,100.0876,99.7254,41.9
12/1/2007,100.6787,99.98911,99.38004,42.2
1/1/2008,100.4568,99.94224,99.10252,42
2/1/2008,100.2025,99.89789,98.83392,41.6
3/1/2008,100.0603,99.87837,98.5179,41.5
4/1/2008,99.98918,99.80974,98.09501,40
5/1/2008,99.99453,99.54131,97.65415,39
6/1/2008,100.0125,99.1455,97.27945,37.7
7/1/2008,100.0014,98.74313,96.99734,36.5
8/1/2008,99.87556,98.51394,96.82215,36.7
9/1/2008,99.62703,98.40533,96.73645,36.2
10/1/2008,99.18121,98.2075,96.56456,35.1
11/1/2008,98.53453,97.98951,96.35992,35.8
12/1/2008,97.88151,97.7192,96.1656,34.6
1/1/2009,97.47132,97.55822,96.10918,34.2
2/1/2009,97.26295,97.458,96.26792,33.7
3/1/2009,97.17544,97.4171,96.69774,33.4
4/1/2009,97.20728,97.54289,97.32938,34.5
5/1/2009,97.31594,97.78419,98.00482,33.4
6/1/2009,97.44548,98.15228,98.58633,34.1
7/1/2009,97.62576,98.65294,99.04897,35.7
8/1/2009,97.78345,99.16891,99.33803,34
9/1/2009,97.88855,99.5564,99.48235,34
10/1/2009,97.97471,99.72635,99.52472,33.4
11/1/2009,98.06397,99.68086,99.48728,34
12/1/2009,98.19931,99.6129,99.4389,33.8
1/1/2010,98.3851,99.50869,99.53255,34.5
2/1/2010,98.62999,99.54321,99.69716,34.5
3/1/2010,98.99863,99.74127,99.87308,34.7
4/1/2010,99.21832,99.943,100.0121,35
5/1/2010,99.4092,99.97183,100.0934,35.9
6/1/2010,99.47843,100.2034,100.122,36.6
7/1/2010,99.34513,100.7084,100.0745,36.3
8/1/2010,99.01961,101.194,99.95293,36.7
9/1/2010,98.52876,101.5399,99.83229,37.9
10/1/2010,98.09314,101.7359,99.8175,38.2
11/1/2010,97.66752,101.864,99.88973,38.1
12/1/2010,97.28735,101.8632,99.9487,38
1/1/2011,97.22717,101.807,99.87749,38.1
2/1/2011,97.63832,101.73,99.53854,38.8
3/1/2011,98.46063,101.6071,98.8996,38.5
4/1/2011,98.92222,101.508,98.23563,37.6
5/1/2011,99.09289,101.4694,98.02712,37.7
6/1/2011,99.1256,101.4593,98.17024,38.5
7/1/2011,98.84822,101.2999,98.45969,39
8/1/2011,98.41431,100.9668,98.71988,38.4
9/1/2011,97.8283,100.7097,98.95431,38.1
10/1/2011,97.21446,100.519,99.11284,38.4
11/1/2011,96.91508,100.4978,99.21387,38.3
12/1/2011,97.244,100.6099,99.32293,37.6
1/1/2012,97.76431,100.7011,99.42422,39
2/1/2012,97.97783,100.7334,99.47612,39.5
3/1/2012,97.82558,100.7523,99.50196,39.1
4/1/2012,97.801,100.7766,99.51063,40.2
5/1/2012,97.61729,100.761,99.52559,40
6/1/2012,97.12295,100.6868,99.52143,39.3
7/1/2012,96.8418,100.5009,99.51852,40.3
8/1/2012,97.01225,100.2858,99.53238,40.4
9/1/2012,97.54169,100.1378,99.52172,39.1
10/1/2012,98.19244,100.1122,99.51171,40.2
11/1/2012,98.46807,100.1785,99.5772,39.9
12/1/2012,98.53662,100.2844,99.79792,41
1/1/2013,98.65796,100.4442,100.2204,41.3
2/1/2013,98.6995,100.5747,100.5822,40.4
3/1/2013,98.25244,100.6435,100.7952,40.1
4/1/2013,97.68898,100.6739,100.8573,39.8
5/1/2013,96.9464,100.6947,100.8046,39.5
6/1/2013,96.41714,100.7296,100.6491,38.4
7/1/2013,96.29563,100.776,100.541,39.9
8/1/2013,96.51363,100.8282,100.5128,40.3
9/1/2013,96.92109,100.9273,100.5329,39.1
10/1/2013,97.24637,101.0508,100.3412,38.4
11/1/2013,97.28269,101.207,100.17,37.5
12/1/2013,97.48353,101.3684,99.89319,37.1
1/1/2014,97.73832,101.5086,99.52683,35.4
2/1/2014,98.1814,101.5757,99.14915,36.5
3/1/2014,98.58082,101.5836,98.91042,37.4
4/1/2014,98.48918,101.6021,98.94425,37.7
5/1/2014,98.26971,101.6337,99.22243,37.7
6/1/2014,98.26732,101.6145,99.54842,37.5
7/1/2014,98.28555,101.4982,99.74549,37
8/1/2014,98.30179,101.2749,99.71483,37.3
9/1/2014,98.3599,101.1073,99.54008,38.2
10/1/2014,98.37581,101.0717,99.32611,37.9
11/1/2014,98.55456,101.1139,99.18166,38.7
12/1/2014,98.78045,101.2584,99.21389,38.3
1/1/2015,99.06192,101.4502,99.37118,37.9
2/1/2015,99.39477,101.6228,99.63023,38.4
3/1/2015,99.45097,101.7563,99.83888,38.9
4/1/2015,99.46338,101.8013,99.95069,37.9
5/1/2015,99.36781,101.7576,99.95349,37.8
6/1/2015,98.93899,101.6479,99.92213,38.6
7/1/2015,98.56924,101.5044,99.87859,37.7
8/1/2015,98.40251,101.3238,99.87807,37.4
9/1/2015,98.38926,101.0956,99.88813,37.5
10/1/2015,98.31071,100.9248,99.98105,38
11/1/2015,98.26721,100.9133,100.077,38.2
12/1/2015,98.2223,101.022,100.0705,37.9
1/1/2016,98.13519,101.0833,99.95406,38.1
2/1/2016,97.88701,101.0959,99.79693,37.6
3/1/2016,97.45692,101.1256,99.77955,37.2
4/1/2016,97.28914,101.2156,99.80197,36.8
5/1/2016,97.41628,101.2987,99.85783,37.2
6/1/2016,97.92419,101.358,99.9571,37.8
7/1/2016,98.46839,101.344,100.0427,36.2
8/1/2016,98.68681,101.3073,100.1384,35.7
9/1/2016,98.81373,101.2783,100.1802,34.9
10/1/2016,99.10506,101.3039,100.1138,35.2
11/1/2016,99.41443,101.3798,100.0435,34.8
12/1/2016,99.67391,101.4445,100.1352,35.1
1/1/2017,100.0005,101.4379,100.247,28.6
2/1/2017,100.3772,101.3913,100.3589,32.1
3/1/2017,100.564,101.4719,100.4612,34.2
4/1/2017,100.7309,101.6447,100.4972,35.1
5/1/2017,100.796,101.8226,100.5079,35.6
6/1/2017,100.9712,101.9444,100.5137,35.6
7/1/2017,101.2813,101.9505,100.5585,36.2
8/1/2017,101.7752,101.8737,100.5943,36.5
9/1/2017,102.6014,101.8328,100.6559,37
10/1/2017,103.366,101.8589,100.7149,36.5
11/1/2017,103.6428,101.8976,100.7285,36.6
12/1/2017,103.7825,101.9566,100.7173,35.9
1/1/2018,103.8639,102.0283,100.6967,34.6
2/1/2018,103.9402,102.0309,100.661,34.7
3/1/2018,103.8686,101.9677,100.6313,34.8
4/1/2018,103.7388,101.8862,100.6086,35.7
5/1/2018,103.4394,101.8063,100.6042,36.5
6/1/2018,102.9666,101.7246,100.5791,36.9
7/1/2018,102.7229,101.6371,100.5593,43.1
8/1/2018,102.5946,101.6201,100.5227,43.1
9/1/2018,102.6408,101.61,100.4471,42.4
10/1/2018,102.9249,101.574,100.3462,42.5
11/1/2018,103.4087,101.5402,100.2363,41.7
12/1/2018,103.8466,101.5171,100.1263,44.3
1/1/2019,104.1928,101.5281,99.99158,45.6
2/1/2019,104.4308,101.5379,99.85592,48.5
3/1/2019,104.4346,101.5378,99.70699,46.8
4/1/2019,104.414,101.4784,99.57708,45.4
5/1/2019,104.3469,101.3466,99.39038,44.3
6/1/2019,104.3555,101.1674,99.14771,43.3
7/1/2019,104.21,101.0195,98.92116,43.1
8/1/2019,104.0617,100.9263,98.71285,44
9/1/2019,104.1436,100.926,98.5717,45.6
10/1/2019,104.3246,100.9342,98.69202,44
11/1/2019,104.5321,101.0331,99.00607,44
12/1/2019,104.6309,101.039,99.20092,43.2
1/1/2020,104.3044,100.9433,99.03524,43.8
2/1/2020,103.5501,100.5596,98.28162,43.8
3/1/2020,102.9462,99.7545,96.91967,42.3
4/1/2020,102.1792,98.96581,95.69762,32.1
5/1/2020,101.6275,98.87122,95.46452,31.1
6/1/2020,101.4059,99.26958,95.89613,31.7
7/1/2020,101.7392,99.67643,96.44128,34.3
8/1/2020,102.2336,99.96597,96.90505,35.4
9/1/2020,102.9094,100.022,97.31514,36.6
10/1/2020,103.4688,99.85304,97.5129,37.9
11/1/2020,103.8379,99.63251,97.48392,37.2
12/1/2020,103.9638,99.48247,97.32478,38.3
1/1/2021,104.1281,99.38581,97.3269,38.8
2/1/2021,104.2575,99.5483,97.69685,38.9
3/1/2021,103.9664,99.85944,98.06046,40.7
4/1/2021,103.6758,100.1923,98.21745,42.2
5/1/2021,103.4779,100.7283,98.32652,42.6
6/1/2021,103.2198,101.2003,98.55623,43.9
7/1/2021,102.7898,101.3394,98.72916,44.3
8/1/2021,102.6728,101.3272,98.83272,43.1
9/1/2021,102.8953,101.33,98.98345,43.8
10/1/2021,103.0534,101.1442,99.15882,43.9
11/1/2021,103.189,100.8296,99.21112,46.2
12/1/2021,103.3347,100.5483,99.04861,44.4
1/1/2022,103.1706,100.321,98.66561,43.1
2/1/2022,101.9672,99.82602,98.19518,43.1
3/1/2022,99.25504,98.99306,97.74359,43.5
4/1/2022,95.73044,98.30544,97.50417,43.9
5/1/2022,93.80015,97.87979,97.38597,44
6/1/2022,93.23615,97.46019,97.22582,42.7
7/1/2022,93.13558,96.95935,97.09846,41.3
8/1/2022,93.10848,96.57001,97.09272,41
9/1/2022,93.08126,96.24467,96.99999,41.4
10/1/2022,93.05663,96.29682,96.89599,41.5
11/1/2022,93.20015,96.70527,96.84948,41.9
12/1/2022,93.74612,97.27384,96.94398,42.8
1/1/2023,94.46795,97.83946,97.10484,44.3
2/1/2023,94.96375,98.30084,97.36131,44.7
3/1/2023,94.79571,98.59228,97.76801,44.4
4/1/2023,94.03364,98.87731,98.14841,44.1
5/1/2023,93.48249,99.00686,98.40136,44.8
6/1/2023,93.12801,98.98552,98.53207,45.3
7/1/2023,93.01456,98.88059,98.56378,46.5
8/1/2023,93.06505,98.70851,98.46188,46.9
9/1/2023,93.1944,98.57835,98.34909,47.1
10/1/2023,93.28872,98.53635,98.36047,46
11/1/2023,93.2839,98.58052,98.48191,47
12/1/2023,,98.76042,98.67594,46.7
1/1/2024,,,,47.1
2/1/2024,,,,47.1
3/1/2024,,,,47.2
4/1/2024,,,,47.3
5/1/2024,,,,46.9
6/1/2024,,,,47.5
7/1/2024,,,,47.1
8/1/2024,,,,47.7
9/1/2024,,,,47.2
10/1/2024,,,,49.2
11/1/2024,,,,47.5
12/1/2024,,,,47
1/1/2025,,,,46.6
2/1/2025,,,,46.3
3/1/2025,,,,46
4/1/2025,,,,45.5
5/1/2025,,,,46.7
