date,10YS_GER,2YS_GER,Spread
1970-01-01,,7.616,
1970-02-01,,7.656,
1970-03-01,,8.216,
1970-04-01,,8.016,
1970-05-01,,8.306,
1970-06-01,,8.556,
1970-07-01,,7.836,
1970-08-01,,7.966,
1970-09-01,,8.246,
1970-10-01,,8.106,
1970-11-01,,7.886,
1970-12-01,,7.436,
1971-01-01,,7.136,
1971-02-01,,7.426,
1971-03-01,,7.556,
1971-04-01,,7.276,
1971-05-01,,7.426,
1971-06-01,,7.916,
1971-07-01,,7.826,
1971-08-01,,7.676,
1971-09-01,,7.596,
1971-10-01,,7.476,
1971-11-01,,7.376,
1971-12-01,,7.096,
1972-01-01,,6.396,
1972-02-01,,6.116,
1972-03-01,,6.216,
1972-04-01,,6.606,
1972-05-01,,6.436,
1972-06-01,,6.846,
1972-07-01,,6.956,
1972-08-01,,6.896,
1972-09-01,,6.666,
1972-10-01,,7.616,
1972-11-01,,7.786,
1972-12-01,,7.926,
1973-01-01,,7.596,
1973-02-01,,7.576,
1973-03-01,,8.006,
1973-04-01,,8.686,
1973-05-01,,9.316,
1973-06-01,,9.686,
1973-07-01,,10.116,
1973-08-01,,9.406,
1973-09-01,,9.726,
1973-10-01,,9.366,
1973-11-01,,9.516,
1973-12-01,,9.586,
1974-01-01,,9.396,
1974-02-01,,10.006,
1974-03-01,,10.166,
1974-04-01,,10.096,
1974-05-01,,9.896,
1974-06-01,,9.936,
1974-07-01,,9.896,
1974-08-01,,10.016,
1974-09-01,,10.076,
1974-10-01,,9.886,
1974-11-01,,9.286,
1974-12-01,,8.876,
1975-01-01,,7.976,
1975-02-01,,7.256,
1975-03-01,,7.236,
1975-04-01,,6.936,
1975-05-01,,6.696,
1975-06-01,,6.806,
1975-07-01,,6.766,
1975-08-01,,6.796,
1975-09-01,,6.836,
1975-10-01,,6.926,
1975-11-01,,6.866,
1975-12-01,,6.816,
1976-01-01,,6.536,
1976-02-01,,6.036,
1976-03-01,,5.936,
1976-04-01,,5.956,
1976-05-01,,6.306,
1976-06-01,,6.466,
1976-07-01,,6.846,
1976-08-01,,6.856,
1976-09-01,,6.746,
1976-10-01,,6.736,
1976-11-01,,6.166,
1976-12-01,,6.236,
1977-01-01,,6.116,
1977-02-01,,6.016,
1977-03-01,,5.596,
1977-04-01,,5.366,
1977-05-01,,5.216,
1977-06-01,,5.166,
1977-07-01,,4.996,
1977-08-01,,4.796,
1977-09-01,,4.786,
1977-10-01,,4.786,
1977-11-01,,4.776,
1977-12-01,,4.676,
1978-01-01,,4.426,
1978-02-01,,4.286,
1978-03-01,,4.226,
1978-04-01,,6.0744,
1978-05-01,,6.3462,
1978-06-01,,6.425,
1978-07-01,,6.4917,
1978-08-01,,6.5464,
1978-09-01,,6.5798,
1978-10-01,,6.8552,
1978-11-01,,7.0275,
1978-12-01,,6.9753,
1979-01-01,,6.9655,
1979-02-01,,7.3168,
1979-03-01,,7.5484,
1979-04-01,,8.1374,
1979-05-01,,8.6682,
1979-06-01,,8.5975,
1979-07-01,,8.6419,
1979-08-01,,8.6685,
1979-09-01,,8.9425,
1979-10-01,,9.4567,
1979-11-01,,9.5207,
1979-12-01,,9.7778,
1980-01-01,,9.9654,
1980-02-01,,10.2571,
1980-03-01,,10.977,
1980-04-01,,11.2313,
1980-05-01,,10.5917,
1980-06-01,,9.9921,
1980-07-01,,9.8963,
1980-08-01,,9.8564,
1980-09-01,,10.0167,
1980-10-01,,10.2366,
1980-11-01,,10.6568,
1980-12-01,,10.6584,
1981-01-01,,10.7358,
1981-02-01,,11.4734,
1981-03-01,,11.9946,
1981-04-01,,11.816,
1981-05-01,,12.4667,
1981-06-01,,12.7107,
1981-07-01,,12.5176,
1981-08-01,,12.859,
1981-09-01,,12.9617,
1981-10-01,,11.7392,
1981-11-01,,11.3779,
1981-12-01,,11.2875,
1982-01-01,,11.0675,
1982-02-01,,11.4381,
1982-03-01,,11.0384,
1982-04-01,,10.7262,
1982-05-01,,10.4483,
1982-06-01,,10.7516,
1982-07-01,,10.8799,
1982-08-01,,10.5495,
1982-09-01,,10.0615,
1982-10-01,,9.8395,
1982-11-01,,9.853,
1982-12-01,,9.2426,
1983-01-01,,8.9312,
1983-02-01,,8.9229,
1983-03-01,,8.5448,
1983-04-01,,8.6998,
1983-05-01,,9.0626,
1983-06-01,,9.6816,
1983-07-01,,9.6603,
1983-08-01,,10.1067,
1983-09-01,,10.0872,
1983-10-01,,10.0221,
1983-11-01,,10.2057,
1983-12-01,,10.1097,
1984-01-01,,9.5661,
1984-02-01,,9.4694,
1984-03-01,,9.1687,
1984-04-01,,9.1838,
1984-05-01,,9.4731,
1984-06-01,,9.4232,
1984-07-01,,9.3585,
1984-08-01,,9.255,
1984-09-01,,8.9229,
1984-10-01,,8.5809,
1984-11-01,,8.167,
1984-12-01,,7.853,
1985-01-01,,8.0467,
1985-02-01,,8.4901,
1985-03-01,,9.3998,
1985-04-01,,9.069,
1985-05-01,,8.8324,
1985-06-01,,8.7321,
1985-07-01,,8.6945,
1985-08-01,,8.4768,
1985-09-01,,8.3708,
1985-10-01,,8.2292,
1985-11-01,,8.0641,
1985-12-01,,8.0853,
1986-01-01,,8.1391,
1986-02-01,,7.9563,
1986-03-01,,7.3661,
1986-04-01,,7.0581,
1986-05-01,,7.0199,
1986-06-01,,7.0294,
1986-07-01,,6.9883,
1986-08-01,,6.824,
1986-09-01,,6.6785,
1986-10-01,,6.868,
1986-11-01,,7.1718,
1986-12-01,,7.2458,
1987-01-01,,7.2176,
1987-02-01,,7.0732,
1987-03-01,,6.9104,
1987-04-01,,6.9374,
1987-05-01,,7.1557,
1987-06-01,,7.1694,
1987-07-01,,7.2498,
1987-08-01,,7.4341,
1987-09-01,,7.5255,
1987-10-01,,8.0216,
1987-11-01,,7.6028,
1987-12-01,,7.4757,
1988-01-01,,7.2778,
1988-02-01,,6.9009,
1988-03-01,,6.6544,
1988-04-01,,6.6192,
1988-05-01,,6.7148,
1988-06-01,,6.6323,
1988-07-01,,7.0242,
1988-08-01,,7.298,
1988-09-01,,7.346,
1988-10-01,,7.2863,
1988-11-01,,7.3255,
1988-12-01,,7.5508,
1989-01-01,,8.8631,
1989-02-01,,9.3695,
1989-03-01,,9.6062,
1989-04-01,,9.5005,
1989-05-01,,9.642,
1989-06-01,,9.7335,
1989-07-01,,9.6276,
1989-08-01,,9.5391,
1989-09-01,,9.7834,
1989-10-01,,10.1121,
1989-11-01,,10.5514,
1989-12-01,,10.639,
1990-01-01,7.695,10.8328,-3.1378000000000004
1990-02-01,8.575,11.1334,-2.5584000000000007
1990-03-01,8.645,11.2241,-2.5791000000000004
1990-04-01,8.7625,10.9308,-2.1683000000000003
1990-05-01,8.715,10.8008,-2.0858000000000008
1990-06-01,8.8325,10.6507,-1.818200000000001
1990-07-01,8.545,10.586,-2.0410000000000004
1990-08-01,8.9975,10.9048,-1.9072999999999993
1990-09-01,9.105,10.9419,-1.8369
1990-10-01,9.0675,10.8495,-1.782
1990-11-01,8.9325,10.8481,-1.9156000000000013
1990-12-01,8.845,11.0293,-2.1842999999999986
1991-01-01,8.9275,10.9529,-2.0253999999999994
1991-02-01,8.35,10.6465,-2.2965
1991-03-01,8.4275,10.3821,-1.9545999999999992
1991-04-01,8.3575,10.2371,-1.8796
1991-05-01,8.395,10.0664,-1.6714000000000002
1991-06-01,8.4075,10.0631,-1.6555999999999997
1991-07-01,8.6325,10.3297,-1.6972000000000005
1991-08-01,8.52,10.3634,-1.8434000000000008
1991-09-01,8.455,10.1966,-1.7416
1991-10-01,8.3475,10.1057,-1.7582000000000004
1991-11-01,8.315,10.1668,-1.8518000000000008
1991-12-01,8.2125,10.3112,-2.098699999999999
1992-01-01,7.9475,9.9904,-2.0428999999999995
1992-02-01,7.92,9.9497,-2.0297
1992-03-01,8.0275,10.0367,-2.0092
1992-04-01,8.035,10.1015,-2.0664999999999996
1992-05-01,8.075,10.1071,-2.0321000000000016
1992-06-01,8.0675,10.3452,-2.2776999999999994
1992-07-01,8.125,10.6957,-2.5707000000000004
1992-08-01,8.04,10.8843,-2.8443000000000005
1992-09-01,7.6525,10.9677,-3.315200000000001
1992-10-01,7.4525,10.2689,-2.8164000000000007
1992-11-01,7.36,9.6538,-2.2938
1992-12-01,7.32,9.7771,-2.4571000000000005
1993-01-01,7.1325,9.4905,-2.3580000000000005
1993-02-01,6.905,9.1208,-2.215799999999999
1993-03-01,6.6375,8.7625,-2.124999999999999
1993-04-01,6.6775,8.7063,-2.0288000000000004
1993-05-01,6.83,8.2869,-1.4568999999999992
1993-06-01,6.8075,7.9299,-1.1223999999999998
1993-07-01,6.6075,7.494,-0.8864999999999998
1993-08-01,6.3725,7.0755,-0.7030000000000003
1993-09-01,6.19,7.0036,-0.8135999999999992
1993-10-01,5.985,6.7718,-0.7867999999999995
1993-11-01,5.9825,6.6313,-0.6488000000000005
1993-12-01,5.83,6.3555,-0.5255000000000001
1994-01-01,5.815,5.99,-0.17499999999999982
1994-02-01,6.135,6.48,-0.34500000000000064
1994-03-01,6.345,6.51,-0.16500000000000004
1994-04-01,6.607,6.57,0.03699999999999992
1994-05-01,6.6635,6.69,-0.026500000000000412
1994-06-01,7.05238095238095,6.96,0.09238095238095045
1994-07-01,6.89619047619048,7.02,-0.12380952380951982
1994-08-01,7.0895652173913,7.56,-0.47043478260869964
1994-09-01,7.51545454545455,7.75,-0.23454545454544995
1994-10-01,7.5415,7.61,-0.06850000000000023
1994-11-01,7.491428571428571,7.6,-0.10857142857142854
1994-12-01,7.46095238095238,8.08,-0.6190476190476204
1995-01-01,7.59590909090909,7.78,-0.18409090909091042
1995-02-01,7.423999999999999,7.81,-0.386000000000001
1995-03-01,7.27739130434783,7.64,-0.36260869565216947
1995-04-01,7.08833333333333,7.45,-0.3616666666666699
1995-05-01,6.86238095238095,6.97,-0.10761904761904972
1995-06-01,6.783,7.18,-0.39699999999999935
1995-07-01,6.86238095238095,6.89,-0.027619047619049653
1995-08-01,6.74608695652174,6.58,0.16608695652174
1995-09-01,6.585238095238099,6.54,0.04523809523809863
1995-10-01,6.565238095238099,6.39,0.1752380952380994
1995-11-01,6.34181818181818,6.04,0.30181818181818
1995-12-01,6.07473684210526,5.69,0.3847368421052595
1996-01-01,5.887272727272729,5.3,0.5872727272727296
1996-02-01,6.20428571428571,5.51,0.6942857142857104
1996-03-01,6.445238095238099,5.57,0.8752380952380987
1996-04-01,6.377000000000001,5.05,1.3270000000000008
1996-05-01,6.446000000000001,5.08,1.3660000000000005
1996-06-01,6.55894736842105,5.19,1.3689473684210496
1996-07-01,6.478695652173911,5.2,1.2786956521739112
1996-08-01,6.3022727272727295,5.1,1.2022727272727298
1996-09-01,6.22666666666667,4.78,1.4466666666666699
1996-10-01,6.00863636363636,4.57,1.43863636363636
1996-11-01,5.85952380952381,4.3,1.5595238095238102
1996-12-01,5.79,4.17,1.62
1997-01-01,5.80409090909091,4.13,1.6740909090909097
1997-02-01,5.5445,4.27,1.2745000000000006
1997-03-01,5.71526315789474,4.54,1.1752631578947401
1997-04-01,5.86681818181818,4.39,1.4768181818181807
1997-05-01,5.76111111111111,4.37,1.39111111111111
1997-06-01,5.718571428571429,4.12,1.5985714285714288
1997-07-01,5.556521739130441,4.27,1.2865217391304418
1997-08-01,5.66,4.42,1.2400000000000002
1997-09-01,5.59272727272727,4.33,1.26272727272727
1997-10-01,5.57818181818182,4.56,1.0181818181818203
1997-11-01,5.5565,4.42,1.1364999999999998
1997-12-01,5.32736842105263,4.33,0.9973684210526299
1998-01-01,5.11238095238095,4.11,1.0023809523809497
1998-02-01,4.989,4.08,0.9089999999999998
1998-03-01,4.89954545454545,4.17,0.7295454545454501
1998-04-01,4.902,4.26,0.6420000000000003
1998-05-01,4.96473684210526,4.13,0.8347368421052597
1998-06-01,4.7985,4.08,0.7184999999999997
1998-07-01,4.68478260869565,4.04,0.6447826086956496
1998-08-01,4.42523809523809,3.68,0.7452380952380895
1998-09-01,4.06090909090909,3.55,0.5109090909090899
1998-10-01,4.06454545454545,3.39,0.6745454545454499
1998-11-01,4.1204761904761895,3.33,0.7904761904761894
1998-12-01,3.8635,3.16,0.7035
1999-01-01,3.702,2.9967,0.7052999999999998
1999-02-01,3.849,3.0502,0.7988000000000004
1999-03-01,4.03782608695652,3.0843,0.9535260869565203
1999-04-01,3.85,2.8256,1.0244
1999-05-01,4.01210526315789,2.8001,1.2120052631578901
1999-06-01,4.36047619047619,3.0793,1.2811761904761898
1999-07-01,4.67636363636364,3.2938,1.3825636363636402
1999-08-01,4.87909090909091,3.558,1.32109090909091
1999-09-01,5.0404545454545495,3.6613,1.3791545454545493
1999-10-01,5.292380952380951,4.0733,1.219080952380951
1999-11-01,5.04,3.9876,1.0524
1999-12-01,5.14761904761905,4.1763,0.9713190476190494
2000-01-01,5.53952380952381,4.38,1.1595238095238098
2000-02-01,5.508571428571429,4.5451,0.9634714285714292
2000-03-01,5.33304347826087,4.588,0.7450434782608699
2000-04-01,5.22555555555556,4.5759,0.6496555555555599
2000-05-01,5.37818181818182,5.0022,0.3759818181818195
2000-06-01,5.19136363636364,5.0204,0.17096363636363954
2000-07-01,5.266190476190481,5.1898,0.07639047619048078
2000-08-01,5.210434782608701,5.2833,-0.07286521739129892
2000-09-01,5.26333333333333,5.222,0.04133333333332967
2000-10-01,5.20714285714286,5.1684,0.038742857142859854
2000-11-01,5.15363636363636,5.1168,0.036836363636360225
2000-12-01,4.89052631578947,4.7364,0.1541263157894699
2001-01-01,4.80318181818182,4.4916,0.3115818181818204
2001-02-01,4.7775,4.5173,0.2602000000000002
2001-03-01,4.667727272727269,4.3741,0.2936272727272691
2001-04-01,4.827894736842111,4.4516,0.37629473684211057
2001-05-01,5.046818181818179,4.5101,0.5367181818181788
2001-06-01,5.0,4.3415,0.6585000000000001
2001-07-01,5.01590909090909,4.3271,0.68880909090909
2001-08-01,4.82391304347826,4.1071,0.7168130434782602
2001-09-01,4.813,3.773,1.0399999999999996
2001-10-01,4.5995652173913,3.4384,1.1611652173912996
2001-11-01,4.44772727272727,3.3581,1.0896272727272698
2001-12-01,4.73588235294118,3.6574,1.0784823529411804
2002-01-01,4.86272727272727,3.8411,1.0216272727272697
2002-02-01,4.9195,3.9619,0.9576000000000002
2002-03-01,5.1610000000000005,4.246,0.915
2002-04-01,5.1552380952381,4.2074,0.9478380952381
2002-05-01,5.167727272727269,4.2525,0.915227272727269
2002-06-01,5.0175,4.1012,0.9162999999999997
2002-07-01,4.86739130434783,3.8032,1.0641913043478302
2002-08-01,4.58954545454545,3.4655,1.1240454545454504
2002-09-01,4.38523809523809,3.1931,1.1921380952380898
2002-10-01,4.46391304347826,3.1281,1.33581304347826
2002-11-01,4.47761904761905,3.0415,1.4361190476190497
2002-12-01,4.33555555555556,2.8376,1.49795555555556
2003-01-01,4.18,2.636,1.5439999999999996
2003-02-01,3.955,2.4501,1.5049000000000001
2003-03-01,4.000476190476189,2.4999,1.5005761904761896
2003-04-01,4.147,2.5898,1.5572000000000004
2003-05-01,3.815238095238101,2.306,1.5092380952381008
2003-06-01,3.61666666666667,2.0757,1.54096666666667
2003-07-01,3.97260869565217,2.3006,1.6720086956521696
2003-08-01,4.13,2.632,1.4979999999999998
2003-09-01,4.17136363636364,2.5299,1.6414636363636403
2003-10-01,4.22130434782609,2.5867,1.6346043478260897
2003-11-01,4.353,2.7002,1.6527999999999996
2003-12-01,4.291052631578951,2.5815,1.7095526315789504
2004-01-01,4.17095238095238,2.4085,1.7624523809523795
2004-02-01,4.11,2.3764,1.7336000000000005
2004-03-01,3.91347826086957,2.1603,1.75317826086957
2004-04-01,4.097,2.3879,1.7091000000000003
2004-05-01,4.25333333333333,2.5469,1.7064333333333304
2004-06-01,4.31272727272727,2.7367,1.57602727272727
2004-07-01,4.2368181818181805,2.6984,1.5384181818181806
2004-08-01,4.0804545454545496,2.5327,1.5477545454545494
2004-09-01,4.01636363636364,2.5954,1.42096363636364
2004-10-01,3.8947619047619,2.4716,1.4231619047619
2004-11-01,3.7804545454545497,2.4136,1.3668545454545495
2004-12-01,3.57952380952381,2.3612,1.21832380952381
2005-01-01,3.5647619047619,2.39,1.1747619047618998
2005-02-01,3.544,2.4547,1.0893000000000002
2005-03-01,3.69619047619048,2.4943,1.20189047619048
2005-04-01,3.4823809523809506,2.3443,1.1380809523809505
2005-05-01,3.30409090909091,2.2185,1.08559090909091
2005-06-01,3.1263636363636405,2.0736,1.0527636363636406
2005-07-01,3.20571428571429,2.1869,1.01881428571429
2005-08-01,3.23260869565217,2.2393,0.99330869565217
2005-09-01,3.06772727272727,2.2124,0.85532727272727
2005-10-01,3.2385714285714307,2.4529,0.7856714285714306
2005-11-01,3.44818181818182,2.7317,0.71648181818182
2005-12-01,3.3376190476190497,2.7999,0.5377190476190497
2006-01-01,3.3213636363636403,2.8626,0.45876363636364026
2006-02-01,3.4725,2.9736,0.49890000000000034
2006-03-01,3.6373913043478296,3.22,0.41739130434782945
2006-04-01,3.895,3.3678,0.5272000000000001
2006-05-01,3.96272727272727,3.379,0.5837272727272702
2006-06-01,3.96045454545455,3.4744,0.48605454545454974
2006-07-01,4.01,3.5844,0.42559999999999976
2006-08-01,3.88391304347826,3.5859,0.29801304347825974
2006-09-01,3.75380952380952,3.6224,0.1314095238095203
2006-10-01,3.78772727272727,3.685,0.10272727272726989
2006-11-01,3.7140909090909098,3.7106,0.0034909090909098772
2006-12-01,3.77052631578947,3.7922,-0.021673684210529842
2007-01-01,4.01681818181818,3.9335,0.08331818181817985
2007-02-01,4.049,3.9522,0.09680000000000044
2007-03-01,3.94090909090909,3.9393,0.0016090909090902272
2007-04-01,4.1521052631579,4.1072,0.04490526315789989
2007-05-01,4.2790476190476205,4.258,0.021047619047620536
2007-06-01,4.560476190476191,4.4541,0.1063761904761904
2007-07-01,4.505,4.4836,0.021399999999999864
2007-08-01,4.29652173913043,4.186,0.11052173913043006
2007-09-01,4.226,4.0984,0.12760000000000016
2007-10-01,4.28260869565217,4.1084,0.17420869565217068
2007-11-01,4.08909090909091,3.9406,0.1484909090909099
2007-12-01,4.20588235294118,4.0573,0.1485823529411805
2008-01-01,4.02772727272727,3.7376,0.2901272727272697
2008-02-01,3.95285714285714,3.3991,0.5537571428571404
2008-03-01,3.79947368421053,3.5431,0.25637368421053
2008-04-01,4.04,3.8634,0.1766000000000001
2008-05-01,4.20190476190476,4.1346,0.06730476190475976
2008-06-01,4.520476190476191,4.724,-0.20352380952380944
2008-07-01,4.4904347826087,4.6128,-0.12236521739129991
2008-08-01,4.202380952380951,4.2612,-0.05881904761904888
2008-09-01,4.09409090909091,4.0946,-0.0005090909090901263
2008-10-01,3.8834782608695697,3.2713,0.6121782608695696
2008-11-01,3.5565,2.7974,0.7591000000000001
2008-12-01,3.0478947368421103,2.6226,0.4252947368421105
2009-01-01,3.0709523809523795,2.1321,0.9388523809523797
2009-02-01,3.1275,1.814,1.3135
2009-03-01,3.01954545454545,1.7397,1.27984545454545
2009-04-01,3.133,1.7108,1.4222
2009-05-01,3.3710000000000004,1.5453,1.8257000000000005
2009-06-01,3.47363636363636,1.6727,1.80093636363636
2009-07-01,3.33782608695652,1.3804,1.9574260869565199
2009-08-01,3.3052380952381,1.427,1.8782380952381001
2009-09-01,3.26318181818182,1.2771,1.98608181818182
2009-10-01,3.20909090909091,1.3896,1.81949090909091
2009-11-01,3.21714285714286,1.335,1.8821428571428602
2009-12-01,3.1385,1.3795,1.7590000000000001
2010-01-01,3.2575,1.4992,1.7582999999999998
2010-02-01,3.17,1.625,1.545
2010-03-01,3.10217391304348,1.3987,1.70347391304348
2010-04-01,3.0645,1.7382,1.3262999999999998
2010-05-01,2.73428571428571,1.8396,0.8946857142857101
2010-06-01,2.54318181818182,1.8133,0.7298818181818203
2010-07-01,2.61590909090909,1.7939,0.8220090909090898
2010-08-01,2.35,1.6824,0.6676000000000002
2010-09-01,2.3004545454545497,1.8277,0.47275454545454965
2010-10-01,2.34571428571429,1.6022,0.74351428571429
2010-11-01,2.53272727272727,2.0049,0.5278272727272699
2010-12-01,2.9147619047619,2.2204,0.6943619047618999
2011-01-01,3.0166666666666697,2.2655,0.7511666666666699
2011-02-01,3.199,2.4576,0.7414000000000001
2011-03-01,3.2117391304347795,2.8201,0.3916391304347795
2011-04-01,3.3405263157894702,3.3228,0.01772631578947026
2011-05-01,3.06090909090909,3.5823,-0.5213909090909099
2011-06-01,2.89090909090909,3.563,-0.67209090909091
2011-07-01,2.74380952380952,4.1432,-1.3993904761904803
2011-08-01,2.21347826086957,4.1814,-1.9679217391304302
2011-09-01,1.82909090909091,5.3561,-3.5270090909090897
2011-10-01,2.0023809523809497,6.3623,-4.359919047619051
2011-11-01,1.87409090909091,8.8254,-6.95130909090909
2011-12-01,1.9276190476190505,9.8754,-7.947780952380951
2012-01-01,1.82090909090909,11.4319,-9.61099090909091
2012-02-01,1.85190476190476,13.5479,-11.69599523809524
2012-03-01,1.83045454545455,6.1748,-4.344345454545451
2012-04-01,1.6242105263157902,1.6891,-0.06488947368420983
2012-05-01,1.33681818181818,1.7722,-0.4353818181818201
2012-06-01,1.30047619047619,2.1235,-0.82302380952381
2012-07-01,1.24227272727273,1.9131,-0.6708272727272699
2012-08-01,1.34173913043478,1.67,-0.3282608695652198
2012-09-01,1.4905,1.3149,0.17559999999999998
2012-10-01,1.46695652173913,1.3052,0.16175652173913013
2012-11-01,1.33590909090909,1.2109,0.12500909090908996
2012-12-01,1.2994117647058798,1.0408,0.2586117647058799
2013-01-01,1.51227272727273,0.9046,0.6076727272727301
2013-02-01,1.5435,1.1021,0.4414
2013-03-01,1.3545,1.0178,0.3367
2013-04-01,1.19619047619048,0.8709,0.32529047619048
2013-05-01,1.29409090909091,0.7602,0.5338909090909101
2013-06-01,1.5305,1.0548,0.4757
2013-07-01,1.5656521739130402,1.0414,0.5242521739130401
2013-08-01,1.735,1.0393,0.6957000000000002
2013-09-01,1.88809523809524,1.0698,0.81829523809524
2013-10-01,1.76217391304348,0.8934,0.86877391304348
2013-11-01,1.67714285714286,0.6441,1.0330428571428598
2013-12-01,1.79777777777778,0.6949,1.1028777777777798
2014-01-01,1.75590909090909,0.6081,1.1478090909090901
2014-02-01,1.5585,0.5249,1.0335999999999999
2014-03-01,1.5085714285714298,0.5041,1.0044714285714298
2014-04-01,1.4565,0.4601,0.9964
2014-05-01,1.32714285714286,0.4359,0.8912428571428601
2014-06-01,1.26428571428571,0.311,0.9532857142857101
2014-07-01,1.11434782608696,0.2473,0.86704782608696
2014-08-01,0.956190476190476,0.1827,0.7734904761904761
2014-09-01,0.921363636363636,0.1408,0.780563636363636
2014-10-01,0.7909090909090909,0.2198,0.5711090909090909
2014-11-01,0.7190000000000001,0.2294,0.4896000000000001
2014-12-01,0.588947368421053,0.2372,0.35174736842105303
2015-01-01,0.39,0.1588,0.23120000000000002
2015-02-01,0.302,0.0823,0.2197
2015-03-01,0.227272727272727,0.0095,0.21777272727272698
2015-04-01,0.122,-0.0406,0.1626
2015-05-01,0.55578947368421,-0.0251,0.58088947368421
2015-06-01,0.792727272727273,0.048,0.7447272727272729
2015-07-01,0.71,-0.0029,0.7129
2015-08-01,0.608571428571429,-0.0521,0.660671428571429
2015-09-01,0.654090909090909,-0.0376,0.6916909090909089
2015-10-01,0.518181818181818,-0.0979,0.616081818181818
2015-11-01,0.5161904761904761,-0.1438,0.6599904761904761
2015-12-01,0.5455,-0.141,0.6865
2016-01-01,0.4305,-0.2044,0.6349
2016-02-01,0.172857142857143,-0.2288,0.401657142857143
2016-03-01,0.1714285714285709,-0.2495,0.4209285714285709
2016-04-01,0.134285714285714,-0.241,0.375285714285714
2016-05-01,0.132857142857143,-0.2806,0.413457142857143
2016-06-01,-0.0168181818181818,-0.3098,0.29298181818181823
2016-07-01,-0.154285714285714,-0.3661,0.21181428571428598
2016-08-01,-0.131739130434783,-0.3766,0.244860869565217
2016-09-01,-0.0840909090909091,-0.4007,0.3166090909090909
2016-10-01,0.002,-0.3972,0.3992
2016-11-01,0.1890909090909089,-0.3064,0.49549090909090887
2016-12-01,0.2519047619047619,-0.4175,0.6694047619047618
2017-01-01,0.250909090909091,-0.4092,0.660109090909091
2017-02-01,0.258,-0.3848,0.6428
2017-03-01,0.3482608695652169,-0.3709,0.719160869565217
2017-04-01,0.225555555555556,-0.3465,0.572055555555556
2017-05-01,0.336363636363636,-0.3762,0.712563636363636
2017-06-01,0.25047619047619,-0.3907,0.64117619047619
2017-07-01,0.455714285714286,-0.3687,0.824414285714286
2017-08-01,0.346086956521739,-0.423,0.769086956521739
2017-09-01,0.347142857142857,-0.4242,0.771342857142857
2017-10-01,0.3725,-0.4166,0.7891
2017-11-01,0.308181818181818,-0.4783,0.7864818181818181
2017-12-01,0.296842105263158,-0.4637,0.760542105263158
2018-01-01,0.474545454545455,-0.3667,0.8412454545454551
2018-02-01,0.659,-0.3422,1.0012
2018-03-01,0.52952380952381,-0.3678,0.89732380952381
2018-04-01,0.48,-0.3889,0.8689
2018-05-01,0.45,-0.2495,0.6995
2018-06-01,0.3271428571428569,-0.116,0.4431428571428569
2018-07-01,0.274545454545455,-0.1846,0.45914545454545497
2018-08-01,0.290869565217391,-0.0388,0.329669565217391
2018-09-01,0.3705,-0.1128,0.4833
2018-10-01,0.399090909090909,0.0078,0.391290909090909
2018-11-01,0.314090909090909,-0.0453,0.359390909090909
2018-12-01,0.187058823529412,-0.1959,0.382958823529412
2019-01-01,0.132727272727273,-0.2328,0.36552727272727303
2019-02-01,0.0555,-0.1963,0.2518
2019-03-01,0.010952380952381,-0.272,0.282952380952381
2019-04-01,-0.0395,-0.2206,0.18109999999999998
2019-05-01,-0.134545454545455,-0.237,0.10245454545454499
2019-06-01,-0.315263157894737,-0.3389,0.023636842105262956
2019-07-01,-0.388260869565217,-0.4688,0.080539130434783
2019-08-01,-0.6490909090909089,-0.5376,-0.11149090909090897
2019-09-01,-0.594761904761905,-0.5652,-0.02956190476190501
2019-10-01,-0.469545454545455,-0.4865,0.016954545454545
2019-11-01,-0.352380952380952,-0.4195,0.06711904761904797
2019-12-01,-0.2994444444444439,-0.4323,0.13285555555555612
2020-01-01,-0.313636363636364,-0.4284,0.11476363636363601
2020-02-01,-0.466,-0.4854,0.019399999999999973
2020-03-01,-0.5413636363636359,-0.3006,-0.24076363636363596
2020-04-01,-0.4495,-0.1319,-0.3176
2020-05-01,-0.5165,-0.2422,-0.2743
2020-06-01,-0.4342857142857139,-0.3608,-0.07348571428571388
2020-07-01,-0.5230434782608699,-0.4262,-0.09684347826086992
2020-08-01,-0.5233333333333329,-0.4517,-0.07163333333333288
2020-09-01,-0.5240909090909089,-0.4964,-0.027690909090908933
2020-10-01,-0.6072727272727271,-0.5784,-0.02887272727272705
2020-11-01,-0.614761904761905,-0.6097,-0.005061904761904934
2020-12-01,-0.6185,-0.6297,0.011199999999999988
2021-01-01,-0.5835,-0.5873,0.0038000000000000256
2021-02-01,-0.4455,-0.5696,0.12409999999999999
2021-03-01,-0.364782608695652,-0.566,0.20121739130434796
2021-04-01,-0.325,-0.5553,0.2303
2021-05-01,-0.2235,-0.5234,0.29989999999999994
2021-06-01,-0.288636363636364,-0.5452,0.256563636363636
2021-07-01,-0.4513636363636359,-0.5817,0.13033636363636408
2021-08-01,-0.538636363636364,-0.6402,0.10156363636363597
2021-09-01,-0.3627272727272729,-0.6208,0.2580727272727271
2021-10-01,-0.204285714285714,-0.5914,0.3871142857142861
2021-11-01,-0.313636363636364,-0.6503,0.336663636363636
2021-12-01,-0.3842857142857139,-0.538,0.15371428571428614
2022-01-01,-0.114761904761905,-0.4512,0.336438095238095
2022-02-01,0.15,-0.1914,0.3414
2022-03-01,0.281739130434783,-0.1663,0.448039130434783
2022-04-01,0.7463157894736842,0.2516,0.49471578947368416
2022-05-01,0.952727272727273,0.4832,0.46952727272727296
2022-06-01,1.445,1.0306,0.4144000000000001
2022-07-01,1.08190476190476,0.7056,0.3763047619047599
2022-08-01,1.03434782608696,0.9069,0.12744782608696004
2022-09-01,1.79545454545455,1.8065,-0.011045454545449918
2022-10-01,2.1866666666666696,2.1865,0.0001666666666695349
2022-11-01,2.06636363636364,2.3251,-0.25873636363636
2022-12-01,2.0852380952381,2.5465,-0.4612619047619
2023-01-01,2.19272727272727,2.7677,-0.5749727272727299
2023-02-01,2.3705,3.0089,-0.6384000000000003
2023-03-01,2.3834782608695697,3.0208,-0.6373217391304302
2023-04-01,2.35944444444444,2.9789,-0.6194555555555601
2023-05-01,2.34227272727273,2.9914,-0.6491272727272701
2023-06-01,2.37636363636364,3.2857,-0.9093363636363598
2023-07-01,2.4566666666666697,3.468,-1.0113333333333303
2023-08-01,2.54565217391304,3.3595,-0.8138478260869602
2023-09-01,2.6614285714285697,3.4952,-0.8337714285714304
2023-10-01,2.82318181818182,3.5281,-0.7049181818181798
2023-11-01,2.60136363636364,3.3236,-0.7222363636363598
2023-12-01,2.10210526315789,2.8227,-0.7205947368421102
2024-01-01,2.17454545454545,2.8346,-0.6600545454545501
2024-02-01,2.33190476190476,2.989,-0.65709523809524
2024-03-01,2.3495,3.0397,-0.6901999999999999
2024-04-01,2.44571428571429,3.1298,-0.6840857142857097
2024-05-01,2.51954545454545,3.1868,-0.6672545454545498
2024-06-01,2.4845,3.1726,-0.6880999999999999
2024-07-01,2.4582608695652204,2.9976,-0.5393391304347794
2024-08-01,2.2077272727272703,2.6338,-0.4260727272727296
2024-09-01,2.16714285714286,2.4268,-0.25965714285714014
2024-10-01,2.2295652173913,2.3836,-0.15403478260869985
2024-11-01,2.30571428571429,2.3473,-0.04158571428571012
2024-12-01,2.1788888888888898,2.2008,-0.021911111111110326
2025-01-01,2.48363636363636,2.3808,0.10283636363636006
2025-02-01,2.4055,2.2262,0.17930000000000001
2025-03-01,2.7414285714285698,2.2791,0.46232857142856965
2025-04-01,2.51473684210526,1.9471,0.5676368421052598
2025-05-01,,1.9517,
