date,EPU_JAP,IP_JAP,INF_JAP,UNEMP_JAP,EX_JAP,RECESS_JAP,GDP_JAP,GDPC_JAP,10YS_JAP,IM_JAP,EXR_JAP
1955-01-01,,6.339779,,,,,,,,,
1955-06-01,,,,,,,,,,,
1955-07-01,,,,,,,,,,,
1955-08-01,,,,,,,,,,,
1955-09-01,,,,,,,,,,,
1955-10-01,,,,,,,,,,,
1955-11-01,,,,,,,,,,,
1955-12-01,,,,,,,,,,,
1956-01-01,,7.740757,,,,,,,,,
1956-02-01,,,,,,,,,,,
1956-03-01,,,,,,,,,,,
1956-04-01,,,,,,,,,,,
1956-05-01,,,,,,,,,,,
1956-06-01,,,,,,,,,,,
1956-07-01,,,,,,,,,,,
1956-08-01,,,,,,,,,,,
1956-09-01,,,,,,,,,,,
1956-10-01,,,,,,,,,,,
1956-11-01,,,,,,,,,,,
1956-12-01,,,,,,,,,,,
1957-01-01,,9.148811,,,,,,,,,
1957-02-01,,,,,,,,,,,
1957-03-01,,,,,,,,,,,
1957-04-01,,,,,,,,,,,
1957-05-01,,,,,,,,,,,
1957-06-01,,,,,,,,,,,
1957-07-01,,,,,,,,,,,
1957-08-01,,,,,,,,,,,
1957-09-01,,,,,,,,,,,
1957-10-01,,,,,,,,,,,
1957-11-01,,,,,,,,,,,
1957-12-01,,,,,,,,,,,
1958-01-01,,8.986072,,,,,,,,,
1958-02-01,,,,,,,,,,,
1958-03-01,,,,,,,,,,,
1958-04-01,,,,,,,,,,,
1958-05-01,,,,,,,,,,,
1958-06-01,,,,,,,,,,,
1958-07-01,,,,,,,,,,,
1958-08-01,,,,,,,,,,,
1958-09-01,,,,,,,,,,,
1958-10-01,,,,,,,,,,,
1958-11-01,,,,,,,,,,,
1958-12-01,,,,,,,,,,,
1959-01-01,,10.76913,,,,,,,,,
1959-02-01,,,,,,,,,,,
1959-03-01,,,,,,,,,,,
1959-04-01,,,,,,,,,,,
1959-05-01,,,,,,,,,,,
1959-06-01,,,,,,,,,,,
1959-07-01,,,,,,,,,,,
1959-08-01,,,,,,,,,,,
1959-09-01,,,,,,,,,,,
1959-10-01,,,,,,,,,,,
1959-11-01,,,,,,,,,,,
1959-12-01,,,,,,,,,,,
1960-01-01,,13.45788,3.5745115253591,,,,,6109.0,,,
1960-02-01,,,,,,0.0,,,,,
1960-03-01,,,,,,0.0,,,,,
1960-04-01,,,,,,0.0,,,,,
1960-05-01,,,,,,0.0,,,,,
1960-06-01,,,,,,0.0,,,,,
1960-07-01,,,,,,0.0,,,,,
1960-08-01,,,,,,0.0,,,,,
1960-09-01,,,,,,0.0,,,,,
1960-10-01,,,,,,0.0,,,,,
1960-11-01,,,,,,0.0,,,,,
1960-12-01,,,,,,0.0,,,,,
1961-01-01,,16.075870000000002,5.36846178480055,,,0.0,,6772.0,,,
1961-02-01,,,,,,0.0,,,,,
1961-03-01,,,,,,0.0,,,,,
1961-04-01,,,,,,0.0,,,,,
1961-05-01,,,,,,0.0,,,,,
1961-06-01,,,,,,0.0,,,,,
1961-07-01,,,,,,0.0,,,,,
1961-08-01,,,,,,0.0,,,,,
1961-09-01,,,,,,0.0,,,,,
1961-10-01,,,,,,0.0,,,,,
1961-11-01,,,,,,0.0,,,,,
1961-12-01,,,,,,1.0,,,,,
1962-01-01,,17.41317,6.8354403481973,,,1.0,,7285.0,,,
1962-02-01,,,,,,1.0,,,,,
1962-03-01,,,,,,1.0,,,,,
1962-04-01,,,,,,1.0,,,,,
1962-05-01,,,,,,1.0,,,,,
1962-06-01,,,,,,1.0,,,,,
1962-07-01,,,,,,1.0,,,,,
1962-08-01,,,,,,1.0,,,,,
1962-09-01,,,,,,1.0,,,,,
1962-10-01,,,,,,1.0,,,,,
1962-11-01,,,,,,1.0,,,,,
1962-12-01,,,,,,1.0,,,,,
1963-01-01,,19.37312,6.7069055639799,,,1.0,,7846.0,,,
1963-02-01,,,,,,0.0,,,,,
1963-03-01,,,,,,0.0,,,,,
1963-04-01,,,,,,0.0,,,,,
1963-05-01,,,,,,0.0,,,,,
1963-06-01,,,,,,0.0,,,,,
1963-07-01,,,,,,0.0,,,,,
1963-08-01,,,,,,0.0,,,,,
1963-09-01,,,,,,0.0,,,,,
1963-10-01,,,,,,0.0,,,,,
1963-11-01,,,,,,0.0,,,,,
1963-12-01,,,,,,0.0,,,,,
1964-01-01,,22.44395,3.80038945305753,,,0.0,,8633.0,,,
1964-02-01,,,,,,0.0,,,,,
1964-03-01,,,,,,0.0,,,,,
1964-04-01,,,,,,1.0,,,,,
1964-05-01,,,,,,1.0,,,,,
1964-06-01,,,,,,1.0,,,,,
1964-07-01,,,,,,1.0,,,,,
1964-08-01,,,,,,1.0,,,,,
1964-09-01,,,,,,1.0,,,,,
1964-10-01,,,,,,1.0,,,,,
1964-11-01,,,,,,1.0,,,,,
1964-12-01,,,,,,1.0,,,,,
1965-01-01,,23.28595,6.65599094260621,,,1.0,,9022.0,,,
1965-02-01,,,,,,1.0,,,,,
1965-03-01,,,,,,1.0,,,,,
1965-04-01,,,,,,1.0,,,,,
1965-05-01,,,,,,1.0,,,,,
1965-06-01,,,,,,1.0,,,,,
1965-07-01,,,,,,1.0,,,,,
1965-08-01,,,,,,1.0,,,,,
1965-09-01,,,,,,1.0,,,,,
1965-10-01,,,,,,1.0,,,,,
1965-11-01,,,,,,0.0,,,,,
1965-12-01,,,,,,0.0,,,,,
1966-01-01,,26.37094,5.04083205887676,,,0.0,,9862.0,,,
1966-02-01,,,,,,0.0,,,,,
1966-03-01,,,,,,0.0,,,,,
1966-04-01,,,,,,0.0,,,,,
1966-05-01,,,,,,0.0,,,,,
1966-06-01,,,,,,0.0,,,,,
1966-07-01,,,,,,0.0,,,,,
1966-08-01,,,,,,0.0,,,,,
1966-09-01,,,,,,0.0,,,,,
1966-10-01,,,,,,0.0,,,,,
1966-11-01,,,,,,0.0,,,,,
1966-12-01,,,,,,0.0,,,,,
1967-01-01,,31.48663,3.98984808881518,,,0.0,,10840.0,,,
1967-02-01,,,,,,0.0,,,,,
1967-03-01,,,,,,0.0,,,,,
1967-04-01,,,,,,0.0,,,,,
1967-05-01,,,,,,0.0,,,,,
1967-06-01,,,,,,0.0,,,,,
1967-07-01,,,,,,0.0,,,,,
1967-08-01,,,,,,0.0,,,,,
1967-09-01,,,,,,0.0,,,,,
1967-10-01,,,,,,0.0,,,,,
1967-11-01,,,,,,0.0,,,,,
1967-12-01,,,,,,0.0,,,,,
1968-01-01,,36.34052,5.33943295739344,1.208333,,0.0,,11995.0,,,
1968-02-01,,,,,,0.0,,,,,
1968-03-01,,,,,,0.0,,,,,
1968-04-01,,,,,,0.0,,,,,
1968-05-01,,,,,,0.0,,,,,
1968-06-01,,,,,,0.0,,,,,
1968-07-01,,,,,,0.0,,,,,
1968-08-01,,,,,,0.0,,,,,
1968-09-01,,,,,,0.0,,,,,
1968-10-01,,,,,,0.0,,,,,
1968-11-01,,,,,,0.0,,,,,
1968-12-01,,,,,,0.0,,,,,
1969-01-01,,42.14255,5.24982091102027,1.166667,,0.0,,13274.0,,,
1969-02-01,,,,,,0.0,,,,,
1969-03-01,,,,,,0.0,,,,,
1969-04-01,,,,,,0.0,,,,,
1969-05-01,,,,,,0.0,,,,,
1969-06-01,,,,,,0.0,,,,,
1969-07-01,,,,,,0.0,,,,,
1969-08-01,,,,,,0.0,,,,,
1969-09-01,,,,,,0.0,,,,,
1969-10-01,,,,,,0.0,,,,,
1969-11-01,,,,,,0.0,,,,,
1969-12-01,,,,,,0.0,,,,,
1970-01-01,,47.93751,6.92417383485781,1.183333,,0.0,,14471.0,,,
1970-02-01,,,,,,0.0,,,,,
1970-03-01,,,,,,1.0,,,,,
1970-04-01,,,,,,1.0,,,,,
1970-05-01,,,,,,1.0,,,,,
1970-06-01,,,,,,1.0,,,,,
1970-07-01,,,,,,1.0,,,,,
1970-08-01,,,,,,1.0,,,,,
1970-09-01,,,,,,1.0,,,,,
1970-10-01,,,,,,1.0,,,,,
1970-11-01,,,,,,1.0,,,,,
1970-12-01,,,,,,1.0,,,,,
1971-01-01,,49.1899,6.39534883720926,1.266667,,1.0,,14909.0,,,358.02
1971-02-01,,,,,,1.0,,,,,357.545
1971-03-01,,,,,,1.0,,,,,357.5186956521739
1971-04-01,,,,,,1.0,,,,,357.5031818181818
1971-05-01,,,,,,1.0,,,,,357.413
1971-06-01,,,,,,1.0,,,,,357.41181818181815
1971-07-01,,,,,,1.0,,,,,357.4042857142857
1971-08-01,,,,,,1.0,,,,,355.78
1971-09-01,,,,,,1.0,,,,,338.02095238095234
1971-10-01,,,,,,0.0,,,,,331.1105263157895
1971-11-01,,,,,,0.0,,,,,328.752
1971-12-01,,,,,,0.0,,,,,320.07272727272726
1972-01-01,,52.74895,4.84351713859905,1.433333,,0.0,,15941.0,,,312.71999999999997
1972-02-01,,,,,,0.0,,,,,305.187
1972-03-01,,,,,,0.0,,,,,302.5365217391304
1972-04-01,,,,,,0.0,,,,,303.5605
1972-05-01,,,,,,0.0,,,,,304.37954545454545
1972-06-01,,,,,,0.0,,,,,302.4145454545455
1972-07-01,,,,,,0.0,,,,,301.03049999999996
1972-08-01,,,,,,0.0,,,,,301.1608695652174
1972-09-01,,,,,,0.0,,,,,301.119
1972-10-01,,,,,,0.0,,,,,301.011
1972-11-01,,,,,,0.0,,,,,300.98850000000004
1972-12-01,,,,,,0.0,,,,,301.2405
1973-01-01,,60.652440000000006,11.6086235489221,1.3,,0.0,,16983.0,,,301.78818181818184
1973-02-01,,,,,,0.0,,,,,278.42055555555555
1973-03-01,,,,,,0.0,,,,,261.9013636363636
1973-04-01,,,,,,1.0,,,,,265.49142857142857
1973-05-01,,,,,,1.0,,,,,264.6504545454545
1973-06-01,,,,,,1.0,,,,,264.49809523809523
1973-07-01,,,,,,1.0,,,,,264.55380952380955
1973-08-01,,,,,,1.0,,,,,265.21999999999997
1973-09-01,,,,,,1.0,,,,,265.47473684210524
1973-10-01,,,,,,1.0,,,,,266.3347619047619
1973-11-01,,,,,,1.0,,,,,278.2625
1973-12-01,,,,,,1.0,,,,,280.1775
1974-01-01,,58.2255,23.2222458076842,1.391667,,1.0,,16549.0,,,298.13363636363636
1974-02-01,,,,,,1.0,,,,,291.0872222222222
1974-03-01,,,,,,1.0,,,,,282.1647619047619
1974-04-01,,,,,,1.0,,,,,277.7740909090909
1974-05-01,,,,,,1.0,,,,,278.96636363636367
1974-06-01,,,,,,1.0,,,,,282.96999999999997
1974-07-01,,,,,,1.0,,,,,290.98
1974-08-01,,,,,,1.0,,,,,302.28363636363633
1974-09-01,,,,,,1.0,,,,,299.084
1974-10-01,,,,,,1.0,,,,,299.36454545454546
1974-11-01,,,,,,1.0,,,,,300.07500000000005
1974-12-01,,,,,,1.0,,,,,300.41142857142853
1975-01-01,,51.82911,11.7312661498708,1.9,,1.0,,16848.0,,,299.68454545454546
1975-02-01,,,,,,0.0,,,,,291.6583333333333
1975-03-01,,,,,,0.0,,,,,287.9485714285714
1975-04-01,,,,,,0.0,,,,,292.1968181818182
1975-05-01,,,,,,0.0,,,,,291.4304761904762
1975-06-01,,,,,,0.0,,,,,293.4661904761905
1975-07-01,,,,,,0.0,,,,,296.3740909090909
1975-08-01,,,,,,0.0,,,,,297.9761904761905
1975-09-01,,,,,,0.0,,,,,299.9090476190476
1975-10-01,,,,,,0.0,,,,,302.3363636363636
1975-11-01,,,,,,0.0,,,,,302.5452941176471
1975-12-01,,,,,,0.0,,,,,305.67
1976-01-01,,57.59576,9.37403638606234,2.016667,,0.0,,17330.0,,,304.6357142857143
1976-02-01,,,,,,0.0,,,,,301.59444444444443
1976-03-01,,,,,,0.0,,,,,300.5182608695652
1976-04-01,,,,,,0.0,,,,,299.1086363636364
1976-05-01,,,,,,0.0,,,,,299.004
1976-06-01,,,,,,0.0,,,,,299.1909090909091
1976-07-01,,,,,,0.0,,,,,294.6409523809524
1976-08-01,,,,,,0.0,,,,,290.6259090909091
1976-09-01,,,,,,0.0,,,,,287.36095238095237
1976-10-01,,,,,,0.0,,,,,291.18899999999996
1976-11-01,,,,,,0.0,,,,,295.16526315789474
1976-12-01,,,,,,0.0,,,,,294.7017391304348
1977-01-01,,59.96611,8.16182689596842,2.0333330000000003,,0.0,,17918.0,,,291.052380952381
1977-02-01,,,,,,0.0,,,,,285.0221052631579
1977-03-01,,,,,,0.0,,,,,280.2265217391304
1977-04-01,,,,,,0.0,,,,,275.20714285714286
1977-05-01,,,,,,0.0,,,,,277.42619047619047
1977-06-01,,,,,,0.0,,,,,272.86090909090905
1977-07-01,,,,,,0.0,,,,,264.86315789473684
1977-08-01,,,,,,0.0,,,,,266.67739130434785
1977-09-01,,,,,,0.0,,,,,266.77
1977-10-01,,,,,,0.0,,,,,254.74450000000002
1977-11-01,,,,,,0.0,,,,,244.70263157894738
1977-12-01,,,,,,0.0,,,,,241.02285714285713
1978-01-01,,63.765730000000005,4.20956601068681,2.266667,,0.0,,18692.0,,,241.08095238095237
1978-02-01,,,,,,0.0,,,,,240.3722222222222
1978-03-01,,,,,,0.0,,,,,231.85739130434783
1978-04-01,,,,,,0.0,,,,,221.85700000000003
1978-05-01,,,,,,0.0,,,,,226.17863636363637
1978-06-01,,,,,,0.0,,,,,214.10636363636365
1978-07-01,,,,,,0.0,,,,,199.69549999999998
1978-08-01,,,,,,0.0,,,,,188.7095652173913
1978-09-01,,,,,,0.0,,,,,189.9195
1978-10-01,,,,,,0.0,,,,,183.63095238095238
1978-11-01,,,,,,0.0,,,,,192.14249999999998
1978-12-01,,,,,,0.0,,,,,195.95499999999998
1979-01-01,,68.44981,3.70185092546269,2.125,,0.0,,19551.0,,,197.755
1979-02-01,,,,,,0.0,,,,,200.50722222222223
1979-03-01,,,,,,0.0,,,,,206.32363636363635
1979-04-01,,,,,,0.0,,,,,216.28523809523807
1979-05-01,,,,,,0.0,,,,,218.4140909090909
1979-06-01,,,,,,1.0,,,,,218.59666666666666
1979-07-01,,,,,,1.0,,,,,216.51
1979-08-01,,,,,,1.0,,,,,217.92565217391305
1979-09-01,,,,,,1.0,,,,,222.4136842105263
1979-10-01,,,,,,1.0,,,,,230.48454545454544
1979-11-01,,,,,,1.0,,,,,244.9842105263158
1979-12-01,,,,,,1.0,,,,,240.37449999999998
1980-01-01,,71.66215,7.77858176555718,2.05,,1.0,,19943.0,,,237.88863636363638
1980-02-01,,,,,,1.0,,,,,244.35
1980-03-01,,,,,,1.0,,,,,248.47857142857143
1980-04-01,,,,,,1.0,,,,,250.275
1980-05-01,,,,,,0.0,,,,,228.62857142857143
1980-06-01,,,,,,0.0,,,,,217.91761904761907
1980-07-01,,,,,,0.0,,,,,221.13636363636363
1980-08-01,,,,,,0.0,,,,,223.91380952380956
1980-09-01,,,,,,0.0,,,,,214.41666666666666
1980-10-01,,,,,,0.0,,,,,209.3227272727273
1980-11-01,,,,,,0.0,,,,,213.1058823529412
1980-12-01,,,,,,0.0,,,,,209.48863636363637
1981-01-01,,72.37679,4.91216291820523,2.208333,,0.0,,20625.0,,,202.36666666666665
1981-02-01,,,,,,0.0,,,,,205.71666666666667
1981-03-01,,,,,,0.0,,,,,208.79181818181817
1981-04-01,,,,,,0.0,,,,,214.9759090909091
1981-05-01,,,,,,0.0,,,,,220.62849999999997
1981-06-01,,,,,,0.0,,,,,224.18045454545455
1981-07-01,,,,,,0.0,,,,,232.32608695652175
1981-08-01,,,,,,0.0,,,,,233.3261904761905
1981-09-01,,,,,,0.0,,,,,229.4809523809524
1981-10-01,,,,,,0.0,,,,,231.5190476190476
1981-11-01,,,,,,0.0,,,,,223.12666666666667
1981-12-01,,,,,,0.0,,,,,218.95454545454547
1982-01-01,,72.60321,2.7410409556314,2.391667,,0.0,,21172.0,,,224.805
1982-02-01,,,,,,0.0,,,,,235.30555555555554
1982-03-01,,,,,,1.0,,,,,241.22826086956522
1982-04-01,,,,,,1.0,,,,,244.1068181818182
1982-05-01,,,,,,1.0,,,,,236.9635
1982-06-01,,,,,,1.0,,,,,251.1977272727273
1982-07-01,,,,,,1.0,,,,,255.03095238095236
1982-08-01,,,,,,1.0,,,,,259.04545454545456
1982-09-01,,,,,,1.0,,,,,263.2857142857143
1982-10-01,,,,,,1.0,,,,,271.615
1982-11-01,,,,,,1.0,,,,,264.0878947368421
1982-12-01,,,,,,1.0,,,,,241.94130434782608
1983-01-01,,74.95232,1.89971971348485,2.716667,,1.0,,21672.0,,,232.7309523809524
1983-02-01,,,,,,1.0,,,,,236.12105263157895
1983-03-01,,,,,,1.0,,,,,238.25434782608698
1983-04-01,,,,,,1.0,,,,,237.74666666666667
1983-05-01,,,,,,0.0,,,,,234.75571428571428
1983-06-01,,,,,,0.0,,,,,240.0313636363636
1983-07-01,,,,,,0.0,,,,,240.516
1983-08-01,,,,,,0.0,,,,,244.4613043478261
1983-09-01,,,,,,0.0,,,,,242.3461904761905
1983-10-01,,,,,,0.0,,,,,232.8855
1983-11-01,,,,,,0.0,,,,,235.02999999999997
1983-12-01,,,,,,0.0,,,,,234.46238095238095
1984-01-01,,81.92184,2.26161369193155,2.775,,0.0,,22492.0,,,233.8
1984-02-01,,,,,,0.0,,,,,233.5963157894737
1984-03-01,,,,,,0.0,,,,,225.26636363636362
1984-04-01,,,,,,0.0,,,,,225.2
1984-05-01,,,,,,0.0,,,,,230.4777272727273
1984-06-01,,,,,,0.0,,,,,233.56571428571428
1984-07-01,,,,,,0.0,,,,,243.06761904761905
1984-08-01,,,,,,0.0,,,,,242.2608695652174
1984-09-01,,,,,,0.0,,,,,245.45684210526318
1984-10-01,,,,,,0.0,,,,,246.75454545454548
1984-11-01,,,,,,0.0,,,,,243.6305263157895
1984-12-01,,,,,,0.0,,,,,247.964
1985-01-01,,84.91483000000001,2.0322773460849,2.691667,,0.0,,23768.0,,,254.18285714285716
1985-02-01,,,,,,0.0,,,,,260.4777777777778
1985-03-01,,,,,,0.0,,,,,257.92047619047617
1985-04-01,,,,,,0.0,,,,,251.84545454545457
1985-05-01,,,,,,0.0,,,,,251.72954545454547
1985-06-01,,,,,,0.0,,,,,248.84
1985-07-01,,,,,,0.0,,,,,241.13636363636363
1985-08-01,,,,,,0.0,,,,,237.4609090909091
1985-09-01,,,,,,1.0,,,,,236.5275
1985-10-01,,,,,,1.0,,,,,214.68045454545455
1985-11-01,,,,,,1.0,,,,,204.07368421052632
1985-12-01,,,,,,1.0,,,,,202.78809523809525
1986-01-01,,84.77332,0.595586799453249,2.841667,,1.0,,24312.0,,,199.8904761904762
1986-02-01,,,,,,1.0,,,,,184.8515789473684
1986-03-01,,,,,,1.0,,,,,178.69380952380953
1986-04-01,,,,,,1.0,,,,,175.09181818181818
1986-05-01,,,,,,1.0,,,,,167.03142857142856
1986-06-01,,,,,,1.0,,,,,167.54190476190476
1986-07-01,,,,,,1.0,,,,,158.60590909090908
1986-08-01,,,,,,1.0,,,,,154.17714285714285
1986-09-01,,,,,,1.0,,,,,154.73142857142858
1986-10-01,,,,,,1.0,,,,,156.47227272727272
1986-11-01,,,,,,1.0,,,,,162.84944444444443
1986-12-01,,,,,,1.0,,,,,162.05227272727274
1987-01-01,,87.69556,0.126176841696583,2.933333,,1.0,,25188.0,,,154.8295
1987-02-01,,,,,,0.0,,,,,153.40684210526317
1987-03-01,,,,,,0.0,,,,,151.4331818181818
1987-04-01,,,,,,0.0,,,,,142.89863636363637
1987-05-01,,,,,,0.0,,,,,140.47899999999998
1987-06-01,,,,,,0.0,,,,,144.54954545454547
1987-07-01,,,,,,0.0,,,,,150.29391304347826
1987-08-01,,,,,,0.0,,,,,147.33428571428573
1987-09-01,,,,,,0.0,,,,,143.29095238095238
1987-10-01,,,,,,0.0,,,,,143.32000000000002
1987-11-01,,,,,,0.0,,,,,135.39736842105265
1987-12-01,,,,,,0.0,,,,,128.2418181818182
1988-01-01,,95.81841,0.678557580457558,2.608333,,0.0,,26873.0,,,127.68526315789474
1988-02-01,,,,,,0.0,,,,,129.16649999999998
1988-03-01,,,,,,0.0,,,,,127.11391304347826
1988-04-01,,,,,,0.0,,,,,124.89761904761905
1988-05-01,,,,,,0.0,,,,,124.78714285714287
1988-06-01,29.92083,,,,,0.0,,,,,127.46545454545453
1988-07-01,56.23375,,,,,0.0,,,,,133.0215
1988-08-01,65.75393,,,,,0.0,,,,,133.76608695652175
1988-09-01,62.68768,,,,,0.0,,,,,134.31761904761905
1988-10-01,94.77157,,,,,0.0,,,,,128.6805
1988-11-01,74.04242,,,,,0.0,,,,,123.202
1988-12-01,64.18861,,,,,0.0,,,,,123.60761904761904
1989-01-01,78.26065,101.3635,2.27228962064317,2.333333,,0.0,,28208.0,,,127.3625
1989-02-01,56.6911,,,,,0.0,,,,,127.73736842105264
1989-03-01,64.65759,,,,,0.0,,,,,130.55043478260868
1989-04-01,50.5429,,,,,0.0,,,,,132.0365
1989-05-01,82.17016,,,,,0.0,,,,,137.86363636363637
1989-06-01,81.7453,,,,,0.0,,,,,143.98090909090908
1989-07-01,89.30206,,,,,0.0,,,,,140.424
1989-08-01,57.52341,,,,,0.0,,,,,141.48521739130433
1989-09-01,41.92749,,,,,0.0,,,,,145.07
1989-10-01,71.68958,,,,,0.0,,,,,142.20666666666668
1989-11-01,68.61228,,,,,0.0,,,,,143.53428571428572
1989-12-01,92.2292,,,,,0.0,,,,,143.685
1990-01-01,111.30325,105.6374,3.0785162869516,2.166667,,0.0,,29679.0,,,144.98190476190476
1990-02-01,107.26021,,,,,0.0,,,,,145.69315789473686
1990-03-01,137.04398,,,,,0.0,,,,,153.30818181818182
1990-04-01,129.38129,,,,,0.0,,,,,158.45857142857145
1990-05-01,85.41154,,,,,0.0,,,,,154.0440909090909
1990-06-01,129.19009,,,,,0.0,,,,,153.6957142857143
1990-07-01,129.66475,,,,,0.0,,,,,149.0395238095238
1990-08-01,82.51282,,,,,1.0,,,,,147.4608695652174
1990-09-01,150.93512,,,,,1.0,,,,,138.44052631578947
1990-10-01,99.21724,,,,,1.0,,,,,129.5909090909091
1990-11-01,64.75842,,,,,1.0,,,,,129.2155
1990-12-01,150.04018,,,,,1.0,,,,,133.889
1991-01-01,163.17007,107.6251,3.25143848753308,2.166667,,1.0,,30549.0,,,133.69857142857143
1991-02-01,131.24524,,,,,1.0,,,,,130.5357894736842
1991-03-01,99.33277,,,,,1.0,,,,,137.38666666666666
1991-04-01,80.02833,,,,,1.0,,,,,137.11272727272728
1991-05-01,57.51787,,,,,1.0,,,,,138.22181818181818
1991-06-01,67.61722,,,,,1.0,,,,,139.7475
1991-07-01,93.43324,,,,,1.0,,,,,137.83
1991-08-01,110.32553,,,,,1.0,,,,,136.81636363636363
1991-09-01,88.13293,,,,,1.0,,,,,134.2995
1991-10-01,83.83375,,,,,1.0,,,,,130.77227272727274
1991-11-01,117.19335,,,,,1.0,,,,,129.6321052631579
1991-12-01,81.90053,,,,,1.0,,,,,128.0395238095238
1992-01-01,95.01215,101.4317,1.7602830605927,2.233333,,1.0,,30683.0,,,125.46142857142857
1992-02-01,81.09249,,,,,1.0,,,,,127.69894736842106
1992-03-01,79.62749,,,,,1.0,,,,,132.86272727272728
1992-04-01,71.28645,,,,,1.0,,,,,133.53954545454545
1992-05-01,44.68391,,,,,1.0,,,,,130.77100000000002
1992-06-01,75.63434,,,,,1.0,,,,,126.83545454545455
1992-07-01,88.44308,,,,,1.0,,,,,125.8817391304348
1992-08-01,92.334,,,,,1.0,,,,,126.23095238095237
1992-09-01,93.9671,,,,,1.0,,,,,122.59666666666668
1992-10-01,62.10633,,,,,1.0,,,,,121.16523809523808
1992-11-01,84.51952,,,,,1.0,,,,,123.88
1992-12-01,85.90663,,,,,1.0,,,,,124.0409090909091
1993-01-01,82.56995,97.89993,1.24304589707924,2.608333,,1.0,,30638.0,,,124.99315789473684
1993-02-01,58.6567,,,,,1.0,,,,,120.75947368421052
1993-03-01,66.56599,,,,,1.0,,,,,117.01739130434783
1993-04-01,60.57844,,,,,1.0,,,,,112.41136363636365
1993-05-01,62.67945,,,,,1.0,,,,,110.343
1993-06-01,105.87585,,,,,1.0,,,,,107.41181818181818
1993-07-01,173.61096,,,,,1.0,,,,,107.69142857142857
1993-08-01,105.0562,,,,,1.0,,,,,103.765
1993-09-01,103.51103,,,,,1.0,,,,,105.57476190476191
1993-10-01,78.82784,,,,,1.0,,,,,107.02000000000001
1993-11-01,84.12623,,,,,1.0,,,,,107.87650000000001
1993-12-01,97.81749,,,,,1.0,,,,,109.91304347826087
1994-01-01,177.28609,99.12837,0.695458057869004,3.0,-8632.9,1.0,446532.7,30819.0,,45476.2,111.44149999999999
1994-02-01,159.76644,,,,,1.0,,,,,106.30105263157895
1994-03-01,112.44389,,,,,1.0,,,,,105.09739130434782
1994-04-01,113.21816,,,,,1.0,,,,46328.2,103.48428571428572
1994-05-01,88.87657,,,,,1.0,,,,,103.75333333333334
1994-06-01,118.11605,,,,,1.0,,,,,102.52636363636363
1994-07-01,71.88177,,,,,1.0,,,,47725.8,98.44500000000001
1994-08-01,67.54008,,,,,1.0,,,,,99.9404347826087
1994-09-01,64.31584,,,,,1.0,,,,,98.77428571428572
1994-10-01,60.7606,,,,,0.0,,,,48199.6,98.353
1994-11-01,92.28052,,,,,0.0,,,,,98.04400000000001
1994-12-01,75.91818,,,,,0.0,,,,,100.18238095238095
1995-01-01,95.93575,102.3786,-0.127899045020446,3.266667,-13100.2,0.0,458231.3,31340.0,,49811.9,99.76599999999999
1995-02-01,69.55904,,,,,0.0,,,,,98.23684210526316
1995-03-01,102.55873,,,,,0.0,,,,,90.5195652173913
1995-04-01,66.37704,,,,,0.0,,,,51306.4,83.6895
1995-05-01,93.31389,,,,,0.0,,,,,85.11272727272727
1995-06-01,135.42468,,,,,0.0,,,,,84.63545454545455
1995-07-01,125.73398,,,,,0.0,,,,54167.6,87.397
1995-08-01,104.55411,,,,,0.0,,,,,94.73826086956522
1995-09-01,101.9455,,,,,0.0,,,,,100.5455
1995-10-01,55.68587,,,,,0.0,,,,56754.9,100.83904761904762
1995-11-01,82.24705,,,,,0.0,,,,,101.93999999999998
1995-12-01,123.7815,,,,,0.0,,,,,101.8495
1996-01-01,156.08027,104.7758,0.136600358575909,3.491667,-17458.5,0.0,472703.4,32083.0,,57805.1,105.75142857142858
1996-02-01,102.03532,,,,,0.0,,,,,105.78800000000001
1996-03-01,100.89508,,,,,0.0,,,,,105.93999999999998
1996-04-01,126.0316,,,,,0.0,,,,59559.6,107.19954545454544
1996-05-01,71.03469,,,,,0.0,,,,,106.34227272727274
1996-06-01,116.35827,,,,,0.0,,,,,108.96
1996-07-01,66.84104,,,,,0.0,,,,59495.7,109.19090909090909
1996-08-01,72.93111,,,,,0.0,,,,,107.8659090909091
1996-09-01,104.41288,,,,,0.0,,,,,109.931
1996-10-01,110.41019,,,,,0.0,,,,60255.7,112.41227272727274
1996-11-01,108.85803,,,,,0.0,,,,,112.29578947368421
1996-12-01,118.9845,,,,,1.0,,,,,113.98095238095237
1997-01-01,156.2132,108.4782,1.74780458692133,3.541667,-13119.6,1.0,477464.0,32518.0,,60775.0,117.91238095238094
1997-02-01,99.91369,,,,,1.0,,,,,122.96210526315791
1997-03-01,116.40501,,,,,1.0,,,,,122.77380952380952
1997-04-01,81.87957,,,,,1.0,,,,59746.3,125.63772727272728
1997-05-01,89.53854,,,,,1.0,,,,,119.19238095238094
1997-06-01,94.94368,,,,,1.0,,,,,114.28571428571429
1997-07-01,84.39924,,,,,1.0,,,,59599.6,115.37590909090909
1997-08-01,77.81032,,,,,1.0,,,,,117.92952380952381
1997-09-01,121.31161,,,,,1.0,,,,,120.89
1997-10-01,111.97896,,,,,1.0,,,,58245.5,121.06045454545455
1997-11-01,184.22212,,,,,1.0,,,,,125.38166666666666
1997-12-01,166.27532,,,,,1.0,,,,,129.73409090909092
1998-01-01,204.7343,101.372,0.661974191385911,4.25,-10150.0,1.0,471168.0,31789.0,,57712.3,129.54749999999999
1998-02-01,110.65317,,,,,1.0,,,,,125.85157894736841
1998-03-01,146.3011,,,,,1.0,,,,,129.08227272727274
1998-04-01,110.55696,,,,,1.0,,,,55167.9,131.75363636363636
1998-05-01,112.1656,,,,,1.0,,,,,134.89600000000002
1998-06-01,105.7727,,,,,1.0,,,,,140.33045454545456
1998-07-01,194.72318,,,,,1.0,,,,55259.4,140.78739130434784
1998-08-01,136.80428,,,,,1.0,,,,,144.68
1998-09-01,139.23989,,,,,1.0,,,,,134.4804761904762
1998-10-01,126.75991,,,,,1.0,,,,53939.9,121.04857142857142
1998-11-01,109.28923,,,,,1.0,,,,,120.28947368421052
1998-12-01,115.22246,,,,,1.0,,,,,117.07090909090908
1999-01-01,115.46795,101.6937,-0.341296928327554,4.875,-11281.5,1.0,470009.9,31669.0,2.1,55600.7,113.29
1999-02-01,95.82669,,,,,1.0,,,1.995,,116.66842105263157
1999-03-01,62.84663,,,,,1.0,,,1.745,,119.47304347826088
1999-04-01,102.23624,,,,,1.0,,,1.405,56634.3,119.77227272727274
1999-05-01,66.22225,,,,,0.0,,,1.48,,121.99949999999998
1999-06-01,58.1133,,,,,0.0,,,1.835,,120.72454545454546
1999-07-01,83.79642,,,,,0.0,,,1.785,58069.4,119.33047619047619
1999-08-01,50.22552,,,,,0.0,,,1.91,,113.22681818181817
1999-09-01,86.1302,,,,,0.0,,,1.71,,106.8752380952381
1999-10-01,72.37476,,,,,0.0,,,1.81,59810.6,105.965
1999-11-01,72.28819,,,,,0.0,,,1.83,,104.64849999999998
1999-12-01,108.90169,,,,,0.0,,,1.645,,102.58434782608695
2000-01-01,90.87825,107.2252,-0.676578683595175,4.916667,-10728.3,0.0,482817.8,32322.0,1.71,59827.9,105.296
2000-02-01,57.84789,,,,,0.0,,,1.835,,109.3885
2000-03-01,66.63751,,,,,0.0,,,1.77,,106.30739130434783
2000-04-01,89.75204,,,,,0.0,,,1.76,62220.2,105.627
2000-05-01,79.18901,,,,,0.0,,,1.655,,108.32045454545455
2000-06-01,173.8557,,,,,0.0,,,1.76,,106.12545454545456
2000-07-01,135.49828,,,,,0.0,,,1.675,63873.4,108.2115
2000-08-01,92.99516,,,,,0.0,,,1.895,,108.08043478260869
2000-09-01,43.30844,,,,,0.0,,,1.84,,106.8375
2000-10-01,76.2971,,,,,0.0,,,1.815,66198.6,108.44285714285715
2000-11-01,108.58741,,,,,0.0,,,1.615,,109.0095238095238
2000-12-01,131.74244,,,,,0.0,,,1.64,,112.20899999999999
2001-01-01,127.18871,100.4426,-0.740055504162738,5.241667,-14952.4,1.0,484718.8,32346.0,1.5,66316.0,116.67190476190477
2001-02-01,128.31673,,,,,1.0,,,1.3,,116.23368421052632
2001-03-01,145.26884,,,,,1.0,,,1.27,,121.50500000000001
2001-04-01,122.14508,,,,,1.0,,,1.29,64871.7,123.77095238095238
2001-05-01,57.9858,,,,,1.0,,,1.24,,121.76818181818182
2001-06-01,74.85385,,,,,1.0,,,1.21,,122.35095238095238
2001-07-01,123.72077,,,,,1.0,,,1.33,62957.0,124.49809523809525
2001-08-01,78.84318,,,,,1.0,,,1.375,,121.36695652173913
2001-09-01,103.47257,,,,,1.0,,,1.42,,118.61166666666668
2001-10-01,106.04401,,,,,1.0,,,1.3,61096.0,121.45363636363636
2001-11-01,83.72673,,,,,1.0,,,1.355,,122.4055
2001-12-01,104.84131,,,,,1.0,,,1.365,,127.5945
2002-01-01,79.82561,99.30773,-0.923494026942321,5.608333,-11626.6,0.0,484747.1,32382.0,1.48,61606.9,132.68333333333334
2002-02-01,94.83227,,,,,0.0,,,1.525,,133.64263157894737
2002-03-01,65.80798,,,,,0.0,,,1.39,,131.0609523809524
2002-04-01,62.28098,,,,,0.0,,,1.37,63452.2,130.7718181818182
2002-05-01,87.42565,,,,,0.0,,,1.385,,126.375
2002-06-01,76.88566,,,,,0.0,,,1.31,,123.2905
2002-07-01,105.20139,,,,,0.0,,,1.31,65553.2,117.89909090909092
2002-08-01,114.62096,,,,,0.0,,,1.175,,118.99272727272728
2002-09-01,104.58844,,,,,0.0,,,1.175,,121.078
2002-10-01,182.11737,,,,,0.0,,,0.985,66524.3,123.90772727272726
2002-11-01,171.92716,,,,,0.0,,,0.995,,121.60789473684211
2002-12-01,191.70139,,,,,0.0,,,0.9,,121.89285714285714
2003-01-01,112.62864,102.6361,-0.256541816316025,5.466667,-8790.5,0.0,492378.0,32876.0,0.8,66991.5,118.81333333333333
2003-02-01,101.73886,,,,,0.0,,,0.78,,119.3378947368421
2003-03-01,120.94485,,,,,0.0,,,0.7,,118.68714285714285
2003-04-01,173.50896,,,,,0.0,,,0.605,64769.6,119.895
2003-05-01,117.9121,,,,,0.0,,,0.53,,117.36809523809524
2003-06-01,133.15165,,,,,0.0,,,0.835,,118.32904761904761
2003-07-01,95.06203,,,,,0.0,,,0.935,66348.7,118.69590909090908
2003-08-01,62.5736,,,,,0.0,,,1.455,,118.66238095238094
2003-09-01,76.05356,,,,,0.0,,,1.385,,114.80000000000001
2003-10-01,109.69294,,,,,0.0,,,1.46,67866.5,109.49545454545455
2003-11-01,86.22069,,,,,0.0,,,1.295,,109.17777777777778
2003-12-01,90.13332,,,,,0.0,,,1.36,,107.73772727272727
2004-01-01,81.52856,107.5058,-0.0085733882031027,4.941667,-6104.6,0.0,503005.9,33621.0,1.31,69927.7,106.26849999999999
2004-02-01,50.5897,,,,,0.0,,,1.225,,106.7078947368421
2004-03-01,53.91199,,,,,0.0,,,1.44,,108.51565217391305
2004-04-01,65.83928,,,,,0.0,,,1.53,71124.7,107.65636363636364
2004-05-01,50.32429,,,,,0.0,,,1.52,,112.196
2004-06-01,62.58276,,,,,0.0,,,1.775,,109.43363636363637
2004-07-01,77.24738,,,,,0.0,,,1.85,72680.0,109.48714285714286
2004-08-01,70.42515,,,,,0.0,,,1.535,,110.23363636363636
2004-09-01,75.77524,,,,,0.0,,,1.44,,110.09142857142858
2004-10-01,71.25369,,,,,0.0,,,1.49,74871.1,108.7835
2004-11-01,68.04355,,,,,0.0,,,1.445,,104.699
2004-12-01,83.73998,,,,,0.0,,,1.43,,103.8104347826087
2005-01-01,54.28121,109.0412,-0.282946068764391,4.633333,-5741.4,0.0,512154.3,34056.0,1.32,74338.5,103.34100000000001
2005-02-01,65.0865,,,,,0.0,,,1.465,,104.94421052631579
2005-03-01,35.10233,,,,,0.0,,,1.32,,105.25434782608696
2005-04-01,61.63647,,,,,0.0,,,1.235,75685.9,107.19380952380953
2005-05-01,48.02574,,,,,0.0,,,1.24,,106.5952380952381
2005-06-01,69.77546,,,,,0.0,,,1.165,,108.74727272727273
2005-07-01,62.93838,,,,,0.0,,,1.305,77836.0,111.9535
2005-08-01,96.10679,,,,,0.0,,,1.345,,110.60652173913043
2005-09-01,72.36816,,,,,0.0,,,1.475,,111.23904761904762
2005-10-01,57.49235,,,,,0.0,,,1.545,77954.1,114.86949999999999
2005-11-01,75.28134,,,,,0.0,,,1.43,,118.454
2005-12-01,63.96928,,,,,0.0,,,1.47,,118.46238095238095
2006-01-01,59.68947,113.7746,0.249355116079085,4.3,-2040.3,0.0,519047.2,34634.0,1.56,79270.4,115.47650000000002
2006-02-01,55.26968,,,,,0.0,,,1.58,,117.86052631578947
2006-03-01,66.70839,,,,,0.0,,,1.765,,117.27782608695652
2006-04-01,79.34876,,,,,0.0,,,1.92,80333.1,117.06949999999999
2006-05-01,66.47233,,,,,0.0,,,1.81,,111.73045454545455
2006-06-01,75.60625,,,,,0.0,,,1.915,,114.625
2006-07-01,68.17855,,,,,0.0,,,1.92,80289.1,115.76700000000001
2006-08-01,50.22528,,,,,0.0,,,1.61,,115.92434782608697
2006-09-01,57.47053,,,,,0.0,,,1.665,,117.2145
2006-10-01,66.68914,,,,,0.0,,,1.71,80332.7,118.60904761904762
2006-11-01,72.09009,,,,,0.0,,,1.645,,117.32047619047619
2006-12-01,87.75437,,,,,0.0,,,1.675,,117.322
2007-01-01,91.80017,116.9454,0.060039454498669,4.033333,2947.4,0.0,526713.8,35392.0,1.695,80963.8,120.44714285714285
2007-02-01,77.5354,,,,,0.0,,,1.625,,120.50473684210527
2007-03-01,85.59032,,,,,0.0,,,1.65,,117.25999999999999
2007-04-01,115.42039,,,,,0.0,,,1.62,82242.3,118.93238095238095
2007-05-01,51.24515,,,,,0.0,,,1.745,,120.77318181818181
2007-06-01,53.95762,,,,,0.0,,,1.87,,122.68857142857144
2007-07-01,84.16667,,,,,0.0,,,1.79,81500.9,121.4147619047619
2007-08-01,80.08139,,,,,0.0,,,1.595,,116.73347826086956
2007-09-01,100.9878,,,,,0.0,,,1.675,,115.0435
2007-10-01,98.57513,,,,,0.0,,,1.6,82687.0,115.86608695652174
2007-11-01,93.59272,,,,,0.0,,,1.47,,111.07285714285715
2007-12-01,132.94688,,,,,0.0,,,1.5,,112.449
2008-01-01,159.53632,113.2023,1.3800788616492,4.15,3821.0,0.0,520180.6,35040.0,1.43,83695.1,107.81809523809522
2008-02-01,131.51998,,,,,1.0,,,1.355,,107.03
2008-03-01,126.10458,,,,,1.0,,,1.275,,100.75619047619048
2008-04-01,99.71686,,,,,1.0,,,1.575,81325.6,102.67772727272727
2008-05-01,116.52506,,,,,1.0,,,1.75,,104.35952380952382
2008-06-01,71.84298,,,,,1.0,,,1.59,,106.91523809523808
2008-07-01,95.00448,,,,,1.0,,,1.53,81599.6,106.85181818181817
2008-08-01,82.14959,,,,,1.0,,,1.405,,109.36238095238096
2008-09-01,131.47209,,,,,1.0,,,1.46,,106.57476190476191
2008-10-01,158.92224,,,,,1.0,,,1.465,83229.6,99.9659090909091
2008-11-01,145.38081,,,,,1.0,,,1.39,,96.96555555555557
2008-12-01,133.59564,,,,,1.0,,,1.165,,91.27499999999999
2009-01-01,122.24772,89.4004,-1.35283672951719,5.316667,-3648.5,1.0,490620.9,33144.0,1.29,69697.2,90.1205
2009-02-01,127.36942,,,,,1.0,,,1.27,,92.91578947368421
2009-03-01,81.89552,,,,,1.0,,,1.345,,97.855
2009-04-01,124.33901,,,,,0.0,,,1.42,66581.8,98.91999999999999
2009-05-01,111.3709,,,,,0.0,,,1.48,,96.64450000000001
2009-06-01,119.41135,,,,,0.0,,,1.35,,96.61454545454545
2009-07-01,168.61212,,,,,0.0,,,1.41,70205.5,94.36695652173913
2009-08-01,175.10382,,,,,0.0,,,1.305,,94.89714285714285
2009-09-01,145.70678,,,,,0.0,,,1.29,,91.2747619047619
2009-10-01,165.72762,,,,,0.0,,,1.405,71881.1,90.36714285714285
2009-11-01,130.57547,,,,,0.0,,,1.26,,89.26736842105262
2009-12-01,173.22454,,,,,0.0,,,1.285,,89.9509090909091
2010-01-01,74.49347,102.7873,-0.728243207517779,5.308333,4974.6,0.0,510747.8,34519.0,1.315,73814.9,91.10105263157895
2010-02-01,101.12601,,,,,0.0,,,1.295,,90.13947368421053
2010-03-01,70.66496,,,,,0.0,,,1.39,,90.71608695652174
2010-04-01,101.96736,,,,,0.0,,,1.28,77459.7,93.45272727272727
2010-05-01,105.09437,,,,,0.0,,,1.255,,91.973
2010-06-01,133.37758,,,,,0.0,,,1.08,,90.8059090909091
2010-07-01,167.88719,,,,,0.0,,,1.065,79037.0,87.50047619047619
2010-08-01,135.99439,,,,,0.0,,,0.96,,85.37272727272727
2010-09-01,196.04946,,,,,1.0,,,0.93,,84.35714285714286
2010-10-01,121.5812,,,,,1.0,,,0.93,79602.1,81.7285
2010-11-01,112.73426,,,,,1.0,,,1.19,,82.518
2010-12-01,94.75452,,,,,1.0,,,1.12,,83.33761904761904
2011-01-01,98.43604,99.78106,-0.27245561610124,4.80584,421.2,1.0,510927.9,34294.0,1.21,80503.8,82.625
2011-02-01,109.21912,,,,,1.0,,,1.255,,82.53684210526316
2011-03-01,75.14036,,,,,1.0,,,1.25,,81.64695652173914
2011-04-01,109.18411,,,,,1.0,,,1.2,80098.4,83.17714285714285
2011-05-01,115.41986,,,,,1.0,,,1.15,,81.1257142857143
2011-06-01,110.03753,,,,,1.0,,,1.13,,80.42590909090909
2011-07-01,135.62008,,,,,1.0,,,1.075,82825.0,79.24249999999999
2011-08-01,162.58487,,,,,1.0,,,1.03,,76.96565217391304
2011-09-01,100.35067,,,,,1.0,,,1.025,,76.79571428571428
2011-10-01,151.37133,,,,,1.0,,,1.045,84291.2,76.643
2011-11-01,166.87187,,,,,1.0,,,1.07,,77.5595
2011-12-01,186.47622,,,,,1.0,,,0.98,,77.79666666666667
2012-01-01,142.74244,100.432,-0.0440645104432602,4.558333,-3939.4,1.0,517963.0,,0.96,85633.0,76.964
2012-02-01,131.4316,,,,,1.0,,,0.955,,78.47
2012-03-01,92.52136,,,,,1.0,,,0.985,,82.4659090909091
2012-04-01,135.96266,,,,,1.0,,,0.885,87566.2,81.25238095238095
2012-05-01,123.20631,,,,,1.0,,,0.825,,79.66681818181819
2012-06-01,126.78257,,,,,1.0,,,0.835,,79.31523809523809
2012-07-01,120.43373,,,,,1.0,,,0.79,87370.3,78.9347619047619
2012-08-01,112.67921,,,,,1.0,,,0.795,,78.69086956521738
2012-09-01,108.94508,,,,,1.0,,,0.77,,78.13526315789473
2012-10-01,125.2793,,,,,0.0,,,0.77,85171.8,79.01318181818182
2012-11-01,188.29182,,,,,0.0,,,0.705,,81.0305
2012-12-01,151.48223,,,,,0.0,,,0.795,,83.7905
2013-01-01,101.26132,99.55837,0.335037912184741,4.233333,-6007.0,0.0,528511.1,,0.75,85483.1,89.05809523809523
2013-02-01,123.49769,,,,,0.0,,,0.66,,93.00157894736842
2013-03-01,88.96143,,,,,0.0,,,0.56,,94.77000000000001
2013-04-01,69.90321,,,,,0.0,,,0.605,88293.8,97.75818181818181
2013-05-01,93.02014,,,,,0.0,,,0.865,,100.91863636363637
2013-06-01,111.34775,,,,,0.0,,,0.845,,97.235
2013-07-01,145.88191,,,,,0.0,,,0.79,90055.4,99.67272727272729
2013-08-01,77.58928,,,,,0.0,,,0.72,,97.81227272727273
2013-09-01,103.82896,,,,,0.0,,,0.68,,99.21000000000001
2013-10-01,102.51415,,,,,1.0,,,0.59,92745.8,97.77
2013-11-01,79.57029,,,,,1.0,,,0.6,,100.07368421052632
2013-12-01,90.68486,,,,,1.0,,,0.74,,103.46
2014-01-01,89.6786,101.2832,2.75922671353253,3.741667,-5474.2,1.0,529645.3,,0.62,98489.4,103.76142857142857
2014-02-01,136.57599,,,,,1.0,,,0.58,,102.12526315789474
2014-03-01,86.77592,,,,,1.0,,,0.64,,102.33952380952381
2014-04-01,97.0801,,,,,1.0,,,0.615,94417.1,102.45818181818181
2014-05-01,53.24005,,,,,1.0,,,0.57,,101.77380952380952
2014-06-01,44.84903,,,,,1.0,,,0.56,,102.06285714285715
2014-07-01,60.28621,,,,,1.0,,,0.53,96084.6,101.74000000000001
2014-08-01,53.92787,,,,,1.0,,,0.49,,102.94380952380953
2014-09-01,85.53364,,,,,1.0,,,0.52,,107.42571428571429
2014-10-01,122.72887,,,,,1.0,,,0.455,96483.8,108.02636363636363
2014-11-01,129.28373,,,,,1.0,,,0.415,,116.29944444444443
2014-12-01,188.92578,,,,,1.0,,,0.32,,119.32333333333334
2015-01-01,88.68136,100.0,0.795279630579839,3.55,-2955.3,1.0,538094.3,,0.28,97077.2,118.25
2015-02-01,74.16131,,,,,1.0,,,0.335,,118.76
2015-03-01,51.36084,,,,,1.0,,,0.395,,120.39454545454545
2015-04-01,74.15577,,,,,1.0,,,0.325,95015.1,119.50954545454546
2015-05-01,74.47832,,,,,1.0,,,0.39,,120.798
2015-06-01,64.03931,,,,,1.0,,,0.45,,123.71863636363636
2015-07-01,53.41797,,,,,1.0,,,0.405,97790.6,123.31090909090909
2015-08-01,89.90433,,,,,1.0,,,0.375,,123.00380952380952
2015-09-01,116.58238,,,,,1.0,,,0.345,,120.14761904761905
2015-10-01,115.87421,,,,,1.0,,,0.295,97216.2,120.04809523809524
2015-11-01,107.81766,,,,,1.0,,,0.3,,122.64315789473683
2015-12-01,132.65289,,,,,1.0,,,0.265,,121.63499999999999
2016-01-01,156.82974,100.0583,-0.127258844489754,3.2583330000000004,-343.0,1.0,542022.3,,0.095,95850.6,118.2257894736842
2016-02-01,148.68832,,,,,1.0,,,-0.065,,114.6155
2016-03-01,108.03311,,,,,1.0,,,-0.05,,112.93173913043478
2016-04-01,110.08359,,,,,1.0,,,-0.085,94742.4,109.55190476190477
2016-05-01,,,,,,1.0,,,-0.12,,108.84809523809524
2016-06-01,,,,,,1.0,,,-0.235,,105.35090909090908
2016-07-01,,,,,,1.0,,,-0.18,95313.0,104.191
2016-08-01,,,,,,0.0,,,-0.07,,101.23826086956522
2016-09-01,,,,,,0.0,,,-0.085,,101.7842857142857
2016-10-01,,,,,,0.0,,,-0.055,96578.2,103.9075
2016-11-01,,,,,,0.0,,,0.015,,108.44300000000001
2016-12-01,,,,,,0.0,,,0.04,,115.99809523809525
2017-01-01,,102.8831,0.484199796126385,2.983333,2787.0,0.0,551225.0,,0.08,97610.9,114.8721052631579
2017-02-01,,,,,,0.0,,,0.05,,112.91157894736843
2017-03-01,,,,,,0.0,,,0.065,,112.91652173913043
2017-04-01,,,,,,0.0,,,0.01,98702.0,110.09100000000001
2017-05-01,,,,,,0.0,,,0.04,,112.24363636363637
2017-06-01,,,,,,0.0,,,,,110.91409090909092
2017-07-01,,,,,,0.0,,,,98084.2,112.417
2017-08-01,,,,,,0.0,,,,,109.82695652173913
2017-09-01,,,,,,0.0,,,,,110.776
2017-10-01,,,,,,0.0,,,,100807.6,112.9147619047619
2017-11-01,,,,,,0.0,,,,,112.819
2017-12-01,,,,,,0.0,,,,,112.9405
2018-01-01,,103.9772,0.989094598021848,2.583333,2868.1,0.0,554694.5,,,101324.4,110.87095238095237
2018-02-01,,,,,,0.0,,,,,107.96999999999998
2018-03-01,,,,,,0.0,,,,,106.04681818181817
2018-04-01,,,,,,0.0,,,,101667.8,107.65619047619049
2018-05-01,,,,,,0.0,,,,,109.68818181818182
2018-06-01,,,,,,0.0,,,,,110.06380952380952
2018-07-01,,,,,,0.0,,,,101181.5,111.52095238095238
2018-08-01,,,,,,0.0,,,,,110.99652173913044
2018-09-01,,,,,,0.0,,,,,112.09736842105262
2018-10-01,,,,,,0.0,,,,105988.2,112.7218181818182
2018-11-01,,,,,,0.0,,,,,113.33800000000001
2018-12-01,,,,,,0.0,,,,,112.19944444444444
2019-01-01,,101.2433,0.46877615938395,2.475,226.2,0.0,552488.2,,,101982.1,108.9605
2019-02-01,,,,,,0.0,,,,,110.44
2019-03-01,,,,,,0.0,,,,,111.14428571428573
2019-04-01,,,,,,0.0,,,,103470.7,111.64136363636364
2019-05-01,,,,,,1.0,,,,,109.97136363636363
2019-06-01,,,,,,1.0,,,,,108.0685
2019-07-01,,,,,,1.0,,,,105693.9,108.28636363636365
2019-08-01,,,,,,1.0,,,,,106.18863636363636
2019-09-01,,,,,,1.0,,,,,107.54
2019-10-01,,,,,,1.0,,,,103388.9,108.13681818181819
2019-11-01,,,,,,1.0,,,,,108.85789473684211
2019-12-01,,,,,,1.0,,,,,109.10095238095238
2020-01-01,,91.13571,-0.024995834027731,2.941667,-4978.0,1.0,529243.2,,,99388.8,109.26666666666667
2020-02-01,,,,,,1.0,,,,,110.02947368421053
2020-03-01,,,,,,1.0,,,,,107.66727272727272
2020-04-01,,,,,,1.0,,,,98823.9,107.73863636363636
2020-05-01,,,,,,0.0,,,,,107.2
2020-06-01,,,,,,0.0,,,,,107.5781818181818
2020-07-01,,,,,,0.0,,,,91435.0,106.68181818181819
2020-08-01,,,,,,0.0,,,,,106.01285714285714
2020-09-01,,,,,,0.0,,,,,105.58904761904762
2020-10-01,,,,,,0.0,,,,96773.1,105.20952380952382
2020-11-01,,,,,,0.0,,,,,104.4061111111111
2020-12-01,,,,,,0.0,,,,,103.79523809523809
2021-01-01,,95.88197,-0.233352779398264,2.95,1052.7,0.0,543927.6,,,98825.2,103.78833333333334
2021-02-01,,,,,,0.0,,,,,105.37736842105264
2021-03-01,,,,,,0.0,,,,,108.6991304347826
2021-04-01,,,,,,0.0,,,,103783.3,109.04454545454546
2021-05-01,,,,,,0.0,,,,,109.11200000000001
2021-06-01,,,,,,0.0,,,,,110.10727272727273
2021-07-01,,,,,,0.0,,,,101743.5,110.21428571428571
2021-08-01,,,,,,0.0,,,,,109.85272727272728
2021-09-01,,,,,,0.0,,,,,110.16095238095238
2021-10-01,,,,,,0.0,,,,102225.8,113.1215
2021-11-01,,,,,,0.0,,,,,113.965
2021-12-01,,,,,,0.0,,,,,113.83285714285714
2022-01-01,,95.8364,2.49770278172255,2.7583330000000004,-1663.4,0.0,548900.0,,,106245.6,114.82549999999999
2022-02-01,,,,,,0.0,,,,,115.27631578947368
2022-03-01,,,,,,0.0,,,,,118.57739130434784
2022-04-01,,,,,,0.0,,,,107948.8,126.37428571428572
2022-05-01,,,,,,0.0,,,,,128.84857142857143
2022-06-01,,,,,,0.0,,,,,133.96190476190475
2022-07-01,,,,,,0.0,,,,113072.3,136.709
2022-08-01,,,,,,0.0,,,,,135.28347826086957
2022-09-01,,,,,,,,,,,143.28428571428572
2022-10-01,,,,,,,,,,113060.1,147.0515
2022-11-01,,,,,,,,,,,142.445
2022-12-01,,,,,,,,,,,134.91476190476192
2023-01-01,,94.48467,3.26813365933163,2.683333,2871.4,,556535.6,,,110928.3,130.4475
2023-02-01,,,,,,,,,,,133.04631578947368
2023-03-01,,,,,,,,,,,133.66434782608695
2023-04-01,,,,,,,,,,106621.9,133.47449999999998
2023-05-01,,,,,,,,,,,137.05318181818183
2023-06-01,,,,,,,,,,,141.35809523809525
2023-07-01,,,,,,,,,,107565.0,140.93599999999998
2023-08-01,,,,,,,,,,,144.7804347826087
2023-09-01,,,,,,,,,,,147.845
2023-10-01,,,,,,,,,,111269.0,149.59333333333333
2023-11-01,,,,,,,,,,,149.679
2023-12-01,,,,,,,,,,,143.9815
2024-01-01,,,2.73853681635241,2.666667,3112.4,,557509.7,,,107130.8,146.2942857142857
2024-02-01,,,,,,,,,,,149.615
2024-03-01,,,,,,,,,,,149.81857142857143
2024-04-01,,,,,,,,,,110023.8,153.89
2024-05-01,,,,,,,,,,,155.86909090909091
2024-06-01,,,,,,,,,,,157.86
2024-07-01,,,,,,,,,,112478.3,157.51818181818183
2024-08-01,,,,,,,,,,,146.2640909090909
2024-09-01,,,,,,,,,,,142.954
2024-10-01,,,,,,,,,,110900.2,149.89090909090908
2024-11-01,,,,,,,,,,,153.71263157894737
2024-12-01,,,,,,,,,,,153.81428571428572
2025-01-01,,,,,,,,,,114108.3,156.48190476190476
2025-02-01,,,,,,,,,,,151.57157894736844
2025-03-01,,,,,,,,,,,149.05761904761906
2025-04-01,,,,,,,,,,,144.12863636363636
2025-05-01,,,,,,,,,,,144.8761904761905
2025-06-01,,,,,,,,,,,143.978
