date,EPU_MEX,IP_MEX,INF_YoY_MEX,GDP_MEX,2YS_MEX,1OYS_MEX,EXR_MEX,UNEMP_MEX,GDPC_MEX,IM_MEX,EX_MEX,RECESS_MEX,INF_MEX
1950-01-01,,,,,,,0.00865,,,,,,
1951-01-01,,,,,,,0.008651,,,,,,
1952-01-01,0.0,,,,,,0.008652,,,,,,
1952-04-01,0.0,,,,,,,,,,,,
1952-07-01,0.0,,,,,,,,,,,,
1952-10-01,0.1138174,,,,,,,,,,,,
1953-01-01,0.0,,,,,,0.008651,,,,,,
1953-04-01,0.0,,,,,,,,,,,,
1953-07-01,0.0,,,,,,,,,,,,
1953-10-01,0.0,,,,,,,,,,,,
1954-01-01,0.0,,,,,,0.01135,,,,,,
1954-04-01,0.069979,,,,,,,,,,,,
1954-07-01,0.129887,,,,,,,,,,,,
1954-10-01,0.1397038,,,,,,,,,,,,
1955-01-01,0.1801477,,,,,,0.0125,,,,,,
1955-04-01,0.2501876,,,,,,,,,,,,
1955-07-01,0.0,,,,,,,,,,,,
1955-10-01,0.0,,,,,,,,,,,,
1956-01-01,0.0,,,,,,0.0125,,,,,,
1956-04-01,0.2140869,,,,,,,,,,,,
1956-07-01,0.0,,,,,,,,,,,,
1956-10-01,0.0,,,,,,,,,,,,
1957-01-01,0.1395673,,,,,,0.0125,,,,,,
1957-04-01,0.0,,,,,,,,,,,,
1957-07-01,0.0,,,,,,,,,,,,
1957-10-01,0.1835199,,,,,,,,,,,,
1958-01-01,0.1475797,,,,,,0.0125,,,,,,
1958-04-01,0.1560793,,,,,,,,,,,,
1958-07-01,0.1468213,,,,,,,,,,,,
1958-10-01,0.0,,,,,,,,,,,,
1959-01-01,0.1337435,,,,,,0.0125,,,,,,
1959-04-01,0.1680108,,,,,,,,,,,,
1959-07-01,0.0,,,,,,,,,,,,
1959-10-01,0.1692047,,,,,,,,,,,,
1960-01-01,0.0,,4.92751886903116,,,,0.0125,,4145.79302184391,,,,
1960-02-01,,,,,,,,,,,,1.0,
1960-03-01,,,,,,,,,,,,1.0,
1960-04-01,0.0,,,,,,,,,,,1.0,
1960-05-01,,,,,,,,,,,,1.0,
1960-06-01,,,,,,,,,,,,1.0,
1960-07-01,0.0,,,,,,,,,,,1.0,
1960-08-01,,,,,,,,,,,,1.0,
1960-09-01,,,,,,,,,,,,1.0,
1960-10-01,0.0,,,,,,,,,,,1.0,
1960-11-01,,,,,,,,,,,,1.0,
1960-12-01,,,,,,,,,,,,1.0,
1961-01-01,0.0,,1.6087596908193,,,,0.0125,,4219.18150869443,,,1.0,
1961-02-01,,,,,,,,,,,,1.0,
1961-03-01,,,,,,,,,,,,1.0,
1961-04-01,0.146028,,,,,,,,,,,1.0,
1961-05-01,,,,,,,,,,,,1.0,
1961-06-01,,,,,,,,,,,,1.0,
1961-07-01,0.0,,,,,,,,,,,1.0,
1961-08-01,,,,,,,,,,,,1.0,
1961-09-01,,,,,,,,,,,,1.0,
1961-10-01,0.0,,,,,,,,,,,1.0,
1961-11-01,,,,,,,,,,,,1.0,
1961-12-01,,,,,,,,,,,,1.0,
1962-01-01,0.3534818,,1.19898417815082,,,,0.0125,,4276.14326508853,,,1.0,
1962-02-01,,,,,,,,,,,,1.0,
1962-03-01,,,,,,,,,,,,1.0,
1962-04-01,0.0,,,,,,,,,,,1.0,
1962-05-01,,,,,,,,,,,,1.0,
1962-06-01,,,,,,,,,,,,1.0,
1962-07-01,0.1156604,,,,,,,,,,,1.0,
1962-08-01,,,,,,,,,,,,1.0,
1962-09-01,,,,,,,,,,,,1.0,
1962-10-01,0.0,,,,,,,,,,,0.0,
1962-11-01,,,,,,,,,,,,0.0,
1962-12-01,,,,,,,,,,,,0.0,
1963-01-01,0.0,,0.594055008461965,,,,0.0125,,4474.72750864397,,,0.0,
1963-02-01,,,,,,,,,,,,0.0,
1963-03-01,,,,,,,,,,,,0.0,
1963-04-01,0.0,,,,,,,,,,,0.0,
1963-05-01,,,,,,,,,,,,0.0,
1963-06-01,,,,,,,,,,,,0.0,
1963-07-01,0.0,,,,,,,,,,,0.0,
1963-08-01,,,,,,,,,,,,0.0,
1963-09-01,,,,,,,,,,,,0.0,
1963-10-01,0.0,,,,,,,,,,,0.0,
1963-11-01,,,,,,,,,,,,0.0,
1963-12-01,,,,,,,,,,,,0.0,
1964-01-01,0.0,,2.33790317234362,,,,0.0125,,4845.87442780417,,,0.0,
1964-02-01,,,,,,,,,,,,0.0,
1964-03-01,,,,,,,,,,,,0.0,
1964-04-01,0.0,,,,,,,,,,,0.0,
1964-05-01,,,,,,,,,,,,0.0,
1964-06-01,,,,,,,,,,,,0.0,
1964-07-01,0.0,,,,,,,,,,,0.0,
1964-08-01,,,,,,,,,,,,0.0,
1964-09-01,,,,,,,,,,,,1.0,
1964-10-01,0.0,,,,,,,,,,,1.0,
1964-11-01,,,,,,,,,,,,1.0,
1964-12-01,,,,,,,,,,,,1.0,
1965-01-01,0.0,,3.56803865742936,,,,0.0125,,5021.3479928949,,,1.0,
1965-02-01,,,,,,,,,,,,1.0,
1965-03-01,,,,,,,,,,,,1.0,
1965-04-01,0.0,,,,,,,,,,,1.0,
1965-05-01,,,,,,,,,,,,1.0,
1965-06-01,,,,,,,,,,,,1.0,
1965-07-01,0.4531038,,,,,,,,,,,1.0,
1965-08-01,,,,,,,,,,,,1.0,
1965-09-01,,,,,,,,,,,,1.0,
1965-10-01,0.0,,,,,,,,,,,1.0,
1965-11-01,,,,,,,,,,,,1.0,
1965-12-01,,,,,,,,,,,,1.0,
1966-01-01,0.1567152,,4.21578837738435,,,,0.0125,,5153.81469089099,,,1.0,
1966-02-01,,,,,,,,,,,,1.0,
1966-03-01,,,,,,,,,,,,1.0,
1966-04-01,0.0,,,,,,,,,,,1.0,
1966-05-01,,,,,,,,,,,,1.0,
1966-06-01,,,,,,,,,,,,1.0,
1966-07-01,0.0,,,,,,,,,,,1.0,
1966-08-01,,,,,,,,,,,,1.0,
1966-09-01,,,,,,,,,,,,1.0,
1966-10-01,0.2055076,,,,,,,,,,,1.0,
1966-11-01,,,,,,,,,,,,1.0,
1966-12-01,,,,,,,,,,,,1.0,
1967-01-01,0.0,,3.01694847502148,,,,0.0125,,5278.10822022788,,,1.0,
1967-02-01,,,,,,,,,,,,1.0,
1967-03-01,,,,,,,,,,,,1.0,
1967-04-01,0.0,,,,,,,,,,,1.0,
1967-05-01,,,,,,,,,,,,1.0,
1967-06-01,,,,,,,,,,,,1.0,
1967-07-01,0.0,,,,,,,,,,,0.0,
1967-08-01,,,,,,,,,,,,0.0,
1967-09-01,,,,,,,,,,,,0.0,
1967-10-01,0.0,,,,,,,,,,,0.0,
1967-11-01,,,,,,,,,,,,0.0,
1967-12-01,,,,,,,,,,,,0.0,
1968-01-01,0.3234676,,2.33395093467026,,,,0.0125,,5589.05119200198,,,0.0,
1968-02-01,,,,,,,,,,,,0.0,
1968-03-01,,,,,,,,,,,,0.0,
1968-04-01,0.0,,,,,,,,,,,0.0,
1968-05-01,,,,,,,,,,,,0.0,
1968-06-01,,,,,,,,,,,,0.0,
1968-07-01,0.1260557,,,,,,,,,,,0.0,
1968-08-01,,,,,,,,,,,,1.0,
1968-09-01,,,,,,,,,,,,1.0,
1968-10-01,0.0,,,,,,,,,,,1.0,
1968-11-01,,,,,,,,,,,,1.0,
1968-12-01,,,,,,,,,,,,1.0,
1969-01-01,0.0,,3.36700336711678,,,,0.0125,,5596.39687793608,,,1.0,
1969-02-01,,,,,,,,,,,,1.0,
1969-03-01,,,,,,,,,,,,1.0,
1969-04-01,0.0,,,,,,,,,,,1.0,
1969-05-01,,,,,,,,,,,,1.0,
1969-06-01,,,,,,,,,,,,1.0,
1969-07-01,0.269324,,,,,,,,,,,1.0,
1969-08-01,,,,,,,,,,,,1.0,
1969-09-01,,,,,,,,,,,,1.0,
1969-10-01,0.1439056,,,,,,,,,,,1.0,
1969-11-01,,,,,,,,,,,,1.0,
1969-12-01,,,,,,,,,,,,1.0,
1970-01-01,0.0835282,,5.00341205483431,,,,0.0125,,5774.7704592642,,,1.0,5.199
1970-02-01,,,,,,,,,,,,1.0,4.81
1970-03-01,,,,,,,,,,,,1.0,5.015
1970-04-01,0.132908,,,,,,,,,,,1.0,4.8660000000000005
1970-05-01,,,,,,,,,,,,1.0,5.087
1970-06-01,,,,,,,,,,,,1.0,5.351
1970-07-01,0.0,,,,,,,,,,,1.0,5.465
1970-08-01,,,,,,,,,,,,1.0,5.836
1970-09-01,,,,,,,,,,,,1.0,5.106
1970-10-01,0.0,,,,,,,,,,,1.0,4.05
1970-11-01,,,,,,,,,,,,1.0,4.599
1970-12-01,,,,,,,,,,,,1.0,4.695
1971-01-01,0.0,,5.46902899376838,,,,0.0125,,5809.39879118197,,,1.0,4.93
1971-02-01,,,,,,,,,,,,1.0,5.378
1971-03-01,,,,,,,,,,,,1.0,5.468
1971-04-01,0.0986388,,,,,,,,,,,1.0,5.871
1971-05-01,,,,,,,,,,,,1.0,5.87
1971-06-01,,,,,,,,,,,,1.0,5.707
1971-07-01,0.0906372,,,,,,,,,,,1.0,5.112
1971-08-01,,,,,,,,,,,,0.0,5.584
1971-09-01,,,,,,,,,,,,0.0,5.674
1971-10-01,0.0,,,,,,,,,,,0.0,5.7410000000000005
1971-11-01,,,,,,,,,,,,0.0,5.344
1971-12-01,,,,,,,,,,,,0.0,4.96
1972-01-01,0.0,,4.94369236377875,,,,0.0125,,6099.20317390896,,,0.0,4.396
1972-02-01,,,,,,,,,,,,0.0,4.288
1972-03-01,,,,,,,,,,,,0.0,4.460999999999999
1972-04-01,0.0,,,,,,,,,,,0.0,4.582
1972-05-01,,,,,,,,,,,,0.0,4.573
1972-06-01,,,,,,,,,,,,0.0,4.871
1972-07-01,0.0,,,,,,,,,,,0.0,5.348
1972-08-01,,,,,,,,,,,,0.0,5.081
1972-09-01,,,,,,,,,,,,0.0,5.2170000000000005
1972-10-01,0.3176956,,,,,,,,,,,0.0,5.19
1972-11-01,,,,,,,,,,,,0.0,5.702
1972-12-01,,,,,,,,,,,,0.0,5.556
1973-01-01,0.1007049,,12.0819394612938,,,,0.0125,,6385.19714673421,,,0.0,6.617000000000001
1973-02-01,,,,,,,,,,,,0.0,7.164
1973-03-01,,,,,,,,,,,,0.0,7.519000000000001
1973-04-01,0.323154,,,,,,,,,,,0.0,8.541
1973-05-01,,,,,,,,,,,,0.0,9.474
1973-06-01,,,,,,,,,,,,0.0,9.562
1973-07-01,0.0,,,,,,,,,,,0.0,11.949
1973-08-01,,,,,,,,,,,,0.0,13.002
1973-09-01,,,,,,,,,,,,0.0,15.164
1973-10-01,0.1070435,,,,,,,,,,,1.0,16.557
1973-11-01,,,,,,,,,,,,1.0,17.229
1973-12-01,,,,,,,,,,,,1.0,21.372
1974-01-01,0.0913242,,23.7840154425787,,,,0.0125,,6559.30112736973,,,1.0,23.917
1974-02-01,,,,,,,,,,,,1.0,25.679
1974-03-01,,,,,,,,,,,,1.0,25.545
1974-04-01,0.2792516,,,,,,,,,,,1.0,25.263
1974-05-01,,,,,,,,,,,,1.0,24.92
1974-06-01,,,,,,,,,,,,1.0,25.129
1974-07-01,0.0,,,,,,,,,,,1.0,23.764
1974-08-01,,,,,,,,,,,,1.0,23.095
1974-09-01,,,,,,,,,,,,1.0,21.598
1974-10-01,0.0802633,,,,,,,,,,,1.0,22.441
1974-11-01,,,,,,,,,,,,1.0,24.311
1974-12-01,,,,,,,,,,,,1.0,20.598
1975-01-01,0.2519526,,14.9445346409267,,,,0.0125,,6740.62499353237,,,1.0,17.919
1975-02-01,,,,,,,,,,,,1.0,15.948
1975-03-01,,,,,,,,,,,,1.0,15.787
1975-04-01,0.2430134,,,,,,,,,,,1.0,15.201999999999998
1975-05-01,,,,,,,,,,,,1.0,15.833
1975-06-01,,,,,,,,,,,,1.0,16.649
1975-07-01,0.1941748,,,,,,,,,,,1.0,15.906999999999998
1975-08-01,,,,,,,,,,,,1.0,15.688
1975-09-01,,,,,,,,,,,,1.0,15.225
1975-10-01,0.2224694,,,,,,,,,,,1.0,13.561
1975-11-01,,,,,,,,,,,,1.0,11.267
1975-12-01,,,,,,,,,,,,1.0,11.305
1976-01-01,0.4387248,,15.824722489347,,,,0.0154,,6845.37111751372,,,1.0,12.024
1976-02-01,,,,,,,,,,,,1.0,13.494
1976-03-01,,,,,,,,,,,,1.0,13.887
1976-04-01,0.1413228,,,,,,,,,,,1.0,13.723
1976-05-01,,,,,,,,,,,,1.0,13.008
1976-06-01,,,,,,,,,,,,1.0,11.565
1976-07-01,0.2629273,,,,,,,,,,,1.0,11.616
1976-08-01,,,,,,,,,,,,1.0,11.717
1976-09-01,,,,,,,,,,,,1.0,14.692
1976-10-01,0.0859697,,,,,,,,,,,1.0,20.534
1976-11-01,,,,,,,,,,,,1.0,25.103
1976-12-01,,,,,,,,,,,,1.0,27.202
1977-01-01,0.1644737,,29.0641247103461,,,,0.0226,,6888.5789464534,,,1.0,28.767
1977-02-01,,,,,,,,,,,,1.0,29.193
1977-03-01,,,,,,,,,,,,1.0,30.172
1977-04-01,0.0,,,,,,,,,,,1.0,31.222
1977-05-01,,,,,,,,,,,,1.0,31.453
1977-06-01,,,,,,,,,,,,1.0,32.532
1977-07-01,0.0787526,,,,,,,,,,,1.0,32.906
1977-08-01,,,,,,,,,,,,0.0,34.349000000000004
1977-09-01,,,,,,,,,,,,0.0,32.223
1977-10-01,0.0,,,,,,,,,,,0.0,26.129
1977-11-01,,,,,,,,,,,,0.0,21.997
1977-12-01,,,,,,,,,,,,0.0,20.66
1978-01-01,0.0,,17.4572925678265,,,,0.0228,,7309.60711423978,,,0.0,19.534
1978-02-01,,,,,,,,,,,,0.0,18.631
1978-03-01,,,,,,,,,,,,0.0,17.810000000000002
1978-04-01,0.0,,,,,,,,,,,0.0,17.346
1978-05-01,,,,,,,,,,,,0.0,17.464
1978-06-01,,,,,,,,,,,,0.0,17.638
1978-07-01,0.0,,,,,,,,,,,0.0,18.296
1978-08-01,,,,,,,,,,,,0.0,17.073
1978-09-01,,,,,,,,,,,,0.0,16.345000000000002
1978-10-01,0.0,,,,,,,,,,,0.0,16.862
1978-11-01,,,,,,,,,,,,0.0,16.788
1978-12-01,,,,,,,,,,,,0.0,16.17
1979-01-01,0.0,,18.1912462987643,,,,0.0228,,7814.54966733746,,,0.0,17.678
1979-02-01,,,,,,,,,,,,0.0,17.68
1979-03-01,,,,,,,,,,,,0.0,18.048
1979-04-01,0.0,,,,,,,,,,,0.0,17.794999999999998
1979-05-01,,,,,,,,,,,,0.0,18.18
1979-06-01,,,,,,,,,,,,0.0,17.87
1979-07-01,0.0997407,,,,,,,,,,,0.0,17.308
1979-08-01,,,,,,,,,,,,0.0,17.907999999999998
1979-09-01,,,,,,,,,,,,0.0,18.007
1979-10-01,0.1858736,,,,,,,,,,,0.0,18.631
1979-11-01,,,,,,,,,,,,0.0,18.934
1979-12-01,,,,,,,,,,,,0.0,20.02
1980-01-01,0.0,48.2586660582108,26.3516513562834,,,,0.023,,8290.28898927734,,,0.0,21.556
1980-02-01,,47.8756607720345,,,,,,,,,,0.0,22.604
1980-03-01,,48.7693397731125,,,,,,,,,,0.0,23.452
1980-04-01,0.175454,48.5140029156616,,,,,,,,,,0.0,24.495
1980-05-01,,48.5778371300243,,,,,,,,,,0.0,24.889
1980-06-01,,49.088510844926,,,,,,,,,,0.0,25.969
1980-07-01,0.0,48.2586660582108,,,,,,,,,,0.0,27.936
1980-08-01,,49.7268529885531,,,,,,,,,,0.0,28.64
1980-09-01,,49.8545214172786,,,,,,,,,,0.0,28.493
1980-10-01,0.0,50.6843662039938,,,,,,,,,,0.0,28.2
1980-11-01,,51.4503767763464,,,,,,,,,,0.0,28.767
1980-12-01,,51.8972162768854,,,,,,,,,,0.0,29.847
1981-01-01,0.0,52.0887189199735,27.9337625982399,,,,0.0245,,8875.07151189312,,,0.0,27.800000000000004
1981-02-01,,52.6632268492379,,,,,,,,,,0.0,27.98
1981-03-01,,53.1100663497769,,,,,,,,,,0.0,28.083
1981-04-01,0.1864976,53.6207400646786,,,,,,,,,,0.0,28.721000000000004
1981-05-01,,53.8122427077667,,,,,,,,,,0.0,28.571
1981-06-01,,53.8122427077667,,,,,,,,,,0.0,27.832
1981-07-01,0.2084636,54.2590822083057,,,,,,,,,,0.0,26.55
1981-08-01,,54.8335901375702,,,,,,,,,,0.0,26.536
1981-09-01,,55.088926995021,,,,,,,,,,1.0,27.475
1981-10-01,0.0,54.8335901375702,,,,,,,,,,1.0,28.359
1981-11-01,,54.8335901375702,,,,,,,,,,1.0,28.598000000000003
1981-12-01,,54.3867506370312,,,,,,,,,,1.0,28.685
1982-01-01,0.0,54.7697559232074,58.9134198531048,,,,0.0564,,8676.57130971348,,,1.0,30.862
1982-02-01,,54.8974243519329,,,,,,,,,,1.0,32.744
1982-03-01,,54.2590822083057,,,,,,,,,,1.0,34.711
1982-04-01,0.0,53.9399111364922,,,,,,,,,,1.0,38.879000000000005
1982-05-01,,53.8122427077667,,,,,,,,,,1.0,44.5
1982-06-01,,53.3654032072278,,,,,,,,,,1.0,49.373
1982-07-01,0.0,52.5355584205125,,,,,,,,,,1.0,54.352
1982-08-01,,52.2163873486989,,,,,,,,,,1.0,68.206
1982-09-01,,51.3865425619837,,,,,,,,,,1.0,73.949
1982-10-01,0.0853534,49.8545214172786,,,,,,,,,,1.0,78.996
1982-11-01,,50.1736924890921,,,,,,,,,,1.0,84.495
1982-12-01,,49.535350345465,,,,,,,,,,1.0,98.844
1983-01-01,0.0,48.9608424162006,101.874938435992,,,,0.1201,,8098.51642174164,,,1.0,110.044
1983-02-01,,48.194831843848,,,,,,,,,,1.0,112.948
1983-03-01,,47.4288212714955,,,,,,,,,,1.0,115.388
1983-04-01,0.0,47.30115284277,,,,,,,,,,1.0,117.251
1983-05-01,,46.7904791278684,,,,,,,,,,1.0,114.611
1983-06-01,,46.7904791278684,,,,,,,,,,1.0,112.501
1983-07-01,0.0,46.8543133422311,,,,,,,,,,0.0,112.079
1983-08-01,,46.7266449135056,,,,,,,,,,0.0,98.082
1983-09-01,,46.9819817709565,,,,,,,,,,0.0,93.832
1983-10-01,0.1838573,47.30115284277,,,,,,,,,,0.0,90.393
1983-11-01,,47.1734844140446,,,,,,,,,,0.0,91.874
1983-12-01,,48.0671634151226,,,,,,,,,,0.0,80.778
1984-01-01,0.0445097,48.0033292007599,65.4488071277602,,,,0.1678,,8207.92337537128,,,0.0,73.396
1984-02-01,,47.8756607720345,,,,,,,,,,0.0,73.249
1984-03-01,,48.3863344869362,,,,,,,,,,0.0,72.31400000000001
1984-04-01,0.1701433,48.8970082018379,,,,,,,,,,0.0,69.06400000000001
1984-05-01,,48.4501687012989,,,,,,,,,,0.0,67.40899999999999
1984-06-01,,49.5991845598277,,,,,,,,,,0.0,67.13900000000001
1984-07-01,0.0,50.2375267034548,,,,,,,,,,0.0,64.486
1984-08-01,,50.3013609178176,,,,,,,,,,0.0,62.841
1984-09-01,,51.3865425619837,,,,,,,,,,0.0,62.685
1984-10-01,0.0,49.5991845598277,,,,,,,,,,0.0,62.962
1984-11-01,,50.9397030614447,,,,,,,,,,0.0,59.204
1984-12-01,,51.7695478481599,,,,,,,,,,0.0,59.157
1985-01-01,0.040404,51.7057136337972,57.7484484008702,,,,0.2569,,8194.16249388144,,,0.0,60.751
1985-02-01,,52.7270610636006,,,,,,,,,,0.0,59.035
1985-03-01,,52.5993926348752,,,,,,,,,,0.0,58.42699999999999
1985-04-01,0.0,52.0248847056108,,,,,,,,,,0.0,56.53
1985-05-01,,51.7057136337972,,,,,,,,,,0.0,55.095000000000006
1985-06-01,,52.9185637066888,,,,,,,,,,0.0,53.427
1985-07-01,0.0603974,53.1100663497769,,,,,,,,,,0.0,53.731
1985-08-01,,52.7270610636006,,,,,,,,,,1.0,56.017
1985-09-01,,52.9185637066888,,,,,,,,,,1.0,57.554
1985-10-01,0.0825662,52.4078899917871,,,,,,,,,,1.0,58.018
1985-11-01,,52.4078899917871,,,,,,,,,,1.0,59.824
1985-12-01,,51.7695478481599,,,,,,,,,,1.0,63.749
1986-01-01,0.0952532,51.7057136337972,86.2333169923538,,,,0.6118,,7713.61215366042,,,1.0,65.91900000000001
1986-02-01,,52.0887189199735,,,,,,,,,,1.0,66.38300000000001
1986-03-01,,51.1950399188955,,,,,,,,,,1.0,67.621
1986-04-01,0.1803833,50.8120346327192,,,,,,,,,,1.0,71.107
1986-05-01,,50.1736924890921,,,,,,,,,,1.0,76.436
1986-06-01,,48.9608424162006,,,,,,,,,,1.0,83.174
1986-07-01,0.0820345,48.3225002725735,,,,,,,,,,1.0,85.841
1986-08-01,,48.0671634151226,,,,,,,,,,1.0,92.253
1986-09-01,,47.747992343309,,,,,,,,,,1.0,95.96
1986-10-01,0.040122,47.9394949863972,,,,,,,,,,1.0,99.58
1986-11-01,,47.4926554858582,,,,,,,,,,1.0,103.667
1986-12-01,,47.4288212714955,,,,,,,,,,0.0,105.749
1987-01-01,0.0422208,47.8118265576718,131.82738392309,,,,1.3782,4.5,7716.49731737025,,,0.0,104.342
1987-02-01,,48.5778371300243,,,,,,4.7,,,,0.0,109.761
1987-03-01,,49.2161792736514,,,,,,4.2,,,,0.0,113.691
1987-04-01,0.0,50.3651951321803,,,,,,4.4,,,,0.0,120.858
1987-05-01,,50.8120346327192,,,,,,3.9,,,,0.0,125.004
1987-06-01,,50.8120346327192,,,,,,3.9,,,,0.0,126.728
1987-07-01,0.0594177,51.0673714901701,,,,,,3.7,,,,0.0,133.443
1987-08-01,,51.3227083476209,,,,,,3.7,,,,0.0,133.876
1987-09-01,,52.2163873486989,,,,,,3.4,,,,0.0,135.17600000000002
1987-10-01,0.1646362,52.0248847056108,,,,,,3.6,,,,0.0,140.998
1987-11-01,,52.1525531343362,,,,,,3.5,,,,0.0,143.65300000000002
1987-12-01,,52.1525531343362,,,,,,3.1,,,,0.0,159.168
1988-01-01,0.33325,51.5780452050718,114.162258549066,,,,2.2731,3.5,7657.7274754579,,,0.0,176.827
1988-02-01,,51.2588741332582,,,,,,3.3,,,,0.0,179.732
1988-03-01,,51.1312057045328,,,,,,3.7,,,,0.0,175.828
1988-04-01,0.4974299,51.1312057045328,,,,,,3.7,,,,0.0,161.443
1988-05-01,,51.0035372758074,,,,,,3.7,,,,0.0,147.818
1988-06-01,,51.7695478481599,,,,,,3.8,,,,0.0,135.815
1988-07-01,0.0,50.2375267034548,,,,,,3.6,,,,0.0,121.788
1988-08-01,,52.2802215630616,,,,,,3.5,,,,0.0,106.917
1988-09-01,,51.9610504912481,,,,,,3.5,,,,0.0,95.237
1988-10-01,0.1436266,52.8547294923261,,,,,,3.3,,,,0.0,81.593
1988-11-01,,54.2590822083057,,,,,,3.5,,,,0.0,70.5
1988-12-01,,54.2590822083057,,,,,,3.5,,,,0.0,51.657
1989-01-01,0.2588662,54.8974243519329,20.0078767139978,,,,2.4615,3.4,7783.80581012845,,,0.0,34.563
1989-02-01,,54.8974243519329,,,,,,3.1,,,,0.0,25.889
1989-03-01,,54.5782532801193,,,,,,3.0,,,,0.0,21.055
1989-04-01,0.4634457,55.0250927806583,,,,,,2.9,,,,0.0,19.197
1989-05-01,,55.088926995021,,,,,,3.1,,,,0.0,18.544
1989-06-01,,56.1102744248244,,,,,,2.9,,,,0.0,17.584
1989-07-01,0.3609587,55.7272691386481,,,,,,2.8,,,,0.0,16.811
1989-08-01,,56.1741086391871,,,,,,3.1,,,,0.0,16.849
1989-09-01,,55.3442638524719,,,,,,2.8,,,,0.0,17.296
1989-10-01,0.0708115,55.3442638524719,,,,,,2.5,,,,0.0,18.129
1989-11-01,,55.4080980668346,,,,,,2.7,,,,0.0,18.206
1989-12-01,,55.4719322811973,,,,,,2.7,,,,0.0,19.697
1990-01-01,0.0621891,57.3869587120786,26.6516725646771,,,,2.8126,2.5,8036.86114412537,,,0.0,22.476
1990-02-01,,56.9401192115397,,,,,,2.5,,,,0.0,23.573
1990-03-01,,58.5998087849702,,,,,,2.5,,,,0.0,24.402
1990-04-01,0.0671141,58.0891350700685,,,,,,2.7,,,,0.0,24.435
1990-05-01,,58.9189798567838,,,,,,2.8,,,,0.0,24.887
1990-06-01,,59.0466482855092,,,,,,3.0,,,,0.0,26.106
1990-07-01,0.0,59.8764930722244,,,,,,3.2,,,,0.0,27.135
1990-08-01,,59.8764930722244,,,,,,3.1,,,,0.0,28.081
1990-09-01,,60.1318299296753,,,,,,2.4,,,,0.0,28.676
1990-10-01,0.0705716,60.1318299296753,,,,,,3.0,,,,0.0,28.623
1990-11-01,,59.8764930722244,,,25.57,,,2.6,,,,0.0,30.211
1990-12-01,,59.1104824998719,,,25.13,,,2.6,,,,0.0,29.93
1991-01-01,0.0,60.642503644577,22.662359455061,,24.61,,3.01843,2.7,8197.01179494896,,,0.0,27.107
1991-02-01,,60.7063378589397,,,24.4,,,2.6,,,,0.0,26.462000000000003
1991-03-01,,60.195664144038,,,23.0,,,2.9,,,,0.0,26.044
1991-04-01,0.0,60.3233325727634,,,21.93,,,2.6,,,,0.0,25.455
1991-05-01,,60.7063378589397,,,20.06,,,2.3,,,,0.0,24.508
1991-06-01,,60.0679957153126,,,18.52,,,2.2,,,,0.0,23.103
1991-07-01,0.0,60.9616747163906,,,18.38,,,2.4,,,,0.0,21.967
1991-08-01,,60.7063378589397,,,17.55,,,3.3,,,,0.0,20.758
1991-09-01,,60.7063378589397,,,17.95,,,2.8,,,,0.0,20.247
1991-10-01,0.0570841,62.7490327185465,,,17.25,,,2.9,,,,0.0,19.922
1991-11-01,,62.3660274323702,,,16.62,,,2.9,,,,0.0,19.721
1991-12-01,,61.4723484312922,,,16.36,,,2.8,,,,0.0,18.795
1992-01-01,0.061361,61.4723484312922,15.5078962533573,,15.71,,3.0949,2.8,8330.26426802488,,,0.0,17.947
1992-02-01,,61.536182645655,,,15.27,,,3.1,,,,0.0,17.297
1992-03-01,,64.2810538632516,,,12.36,,,2.7,,,,0.0,16.825000000000003
1992-04-01,0.0576136,62.2383590036448,,,11.82,,,2.7,,,,0.0,16.644000000000002
1992-05-01,,63.6427117196245,,,12.99,,,2.9,,,,0.0,16.277
1992-06-01,,63.7703801483499,,,14.42,,,2.8,,,,0.0,15.848
1992-07-01,0.0490846,64.855561792516,,,16.5,,,2.8,,,,0.0,15.558
1992-08-01,,63.7065459339872,,,17.95,,,2.6,,,,0.0,15.465000000000002
1992-09-01,,64.9193960068787,,,19.26,,,2.4,,,,0.0,15.32
1992-10-01,0.1995112,63.8342143627126,,,19.34,,,2.6,,,,0.0,14.815
1992-11-01,,63.6427117196245,,,18.7,,,3.3,,,,0.0,12.964
1992-12-01,,63.1320380047228,,,18.96,,,2.8,,,,0.0,11.938
1993-01-01,0.0,63.8516402024512,9.75146045357553,3450.1055,18.99,,3.11562,3.0,8411.79621338297,518371.5,445652.5,0.0,11.319
1993-02-01,,66.3127650982748,,,19.72,,,3.5,,,,0.0,10.914
1993-03-01,,67.2609091337702,,,18.84,,,3.5,,,,0.0,10.437
1993-04-01,0.0725374,65.8944927445039,,3450.9535,17.16,,,3.0,,540495.1875,444792.3125,0.0,10.092
1993-05-01,,66.0551215905952,,,16.74,,,3.3,,,,0.0,9.996
1993-06-01,,65.5874996524364,,,16.45,,,3.2,,,,0.0,9.87
1993-07-01,0.2604981,66.2074607963788,,3491.19425,14.74,,,3.3,,552109.375,456529.5,0.0,9.705
1993-08-01,,66.3832445827039,,,13.99,,,4.0,,,,0.0,9.619
1993-09-01,,66.2581013679218,,,13.41,,,3.7,,,,0.0,9.478
1993-10-01,0.29107,66.5244279135341,,3513.173,13.2,,,3.4,,578472.125,484253.1875,0.0,9.14
1993-11-01,,66.5705824003976,,,12.37,,,3.5,,,,0.0,8.718
1993-12-01,,67.5911431568164,,,11.03,,,3.6,,,,0.0,8.009
1994-01-01,0.0985173,67.9981607049917,6.96581237191123,3547.89925,10.72,,3.37512,3.7,8623.48043007968,615985.0,481307.6875,0.0,7.498
1994-02-01,,67.5113827462304,,,10.53,,,3.6,,,,0.0,7.175
1994-03-01,,68.6652128677002,,,11.37,,,3.5,,,,0.0,7.102
1994-04-01,0.2625637,71.6299845618366,,3628.94625,15.16,,,3.6,,641477.8125,493021.40625,0.0,7.01
1994-05-01,,69.0823973384376,,,16.41,,,3.3,,,,0.0,6.916
1994-06-01,,69.0892916417303,,,15.57,,,3.4,,,,0.0,6.851
1994-07-01,0.4692633,68.9829941833157,,3649.216,16.33,,,3.5,,655325.8125,511210.0,0.0,6.812
1994-08-01,,69.8459405054106,,,13.41,,,3.6,,,,0.0,6.738
1994-09-01,,70.0076921645589,,,13.39,,,3.6,,,,1.0,6.707000000000001
1994-10-01,0.1773679,69.6159648175008,,3688.58,13.63,,,3.9,,671146.125,524185.59375,1.0,6.83
1994-11-01,,69.3758607719013,,,14.28,,,4.1,,,,1.0,6.93
1994-12-01,,69.1859104731352,,,15.12,,,4.0,,,,1.0,7.052
1995-01-01,0.3289654,70.1164501848286,34.9992712889592,3518.95475,35.48,,6.41942,4.4,7970.64038496182,511181.8125,631711.125,1.0,10.226
1995-02-01,,63.7319926410556,,,36.19,,,5.1,,,,1.0,14.31
1995-03-01,,63.0080143398215,,,48.02,,,5.6,,,,1.0,20.43
1995-04-01,0.0,60.0105062755639,,3306.50125,,,,6.1,,525908.625,606978.6875,1.0,29.392000000000003
1995-05-01,,59.8967402686596,,,,,,6.5,,,,1.0,34.152
1995-06-01,,60.195489152664,,,,,,6.7,,,,1.0,37.721
1995-07-01,0.0,60.6947525633935,,3377.24125,37.11,,,6.8,,540835.8125,630310.1875,1.0,39.908
1995-08-01,,60.7650660818758,,,36.6,,,7.6,,,,0.0,41.568
1995-09-01,,61.794791889774,,,36.11,,,6.7,,,,0.0,43.476
1995-10-01,0.185311,59.1952256827254,,3454.576,40.43,,,6.6,,553315.0,651219.375,0.0,45.664
1995-11-01,,63.1692660567843,,,,,,6.4,,,,0.0,48.462
1995-12-01,,67.4909762801635,,,,,,6.6,,,,0.0,51.966
1996-01-01,0.2981959,67.000552976143,34.3783832235168,3535.41075,40.91,,7.59945,6.2,8320.65295694833,577824.5,701630.375,0.0,51.719
1996-02-01,,66.232581585993,,,43.11,,,6.1,,,,0.0,48.947
1996-03-01,,67.7386644520221,,,43.77,,,5.8,,,,0.0,43.751
1996-04-01,0.28931,66.8266677136729,,3572.89925,38.09,,,5.8,,603437.5,722651.1875,0.0,36.927
1996-05-01,,68.2136060002934,,,34.5,,,5.4,,,,0.0,33.829
1996-06-01,,69.3557366269155,,,33.56,,,5.6,,,,0.0,31.825
1996-07-01,0.2813137,69.1566380074466,,3625.53225,34.84,,,5.4,,639511.0,748441.125,0.0,31.028
1996-08-01,,69.1562397792278,,,32.74,,,5.3,,,,0.0,30.603
1996-09-01,,69.3473911655637,,,30.25,,,5.4,,,,0.0,30.002
1996-10-01,0.1429184,70.6130986018945,,3740.4615,28.13,,,5.0,,683547.6875,774137.125,0.0,28.971000000000004
1996-11-01,,71.4268307543356,,,26.97,,,5.1,,,,0.0,27.774
1996-12-01,,73.3125247820552,,,25.71,,,4.4,,,,0.0,27.705
1997-01-01,0.1290406,71.5022957244793,20.6256287259247,3753.6815,25.94,,7.91846,4.3,8770.84481553539,693309.125,777530.375,0.0,26.443
1997-02-01,,71.9586070549137,,,24.14,,,3.8,,,,0.0,25.636
1997-03-01,,72.6296527714709,,,24.1,,,4.1,,,,0.0,24.459
1997-04-01,0.4230118,73.3214762215061,,3841.94925,24.14,,,4.0,,750310.1875,788105.625,0.0,22.327
1997-05-01,,74.3575916320842,,,23.06,,,4.0,,,,0.0,21.233
1997-06-01,,75.2256057900248,,,22.61,,,3.6,,,,0.0,20.349
1997-07-01,0.1988467,75.7815821015704,,3922.3615,20.73,,,4.0,,814235.625,812218.6875,0.0,19.696
1997-08-01,,76.3842274756331,,,21.18,,,3.6,,,,0.0,19.176
1997-09-01,,76.4888864205348,,,21.22,,,3.4,,,,0.0,18.762
1997-10-01,0.2016807,77.4422126611706,,4033.01,20.13,,,3.3,,846861.3125,831056.625,0.0,18.235
1997-11-01,,77.9909711175101,,,22.05,,,3.4,,,,0.0,17.774
1997-12-01,,78.1734714117003,,,20.04,,,3.1,,,,0.0,15.719
1998-01-01,0.2650235,79.0865899665685,15.9283950119353,4094.735,19.95,,9.13604,3.5,9161.89527783381,885293.0,847139.625,0.0,15.272
1998-02-01,,80.2663771541871,,,20.47,,,3.4,,,,0.0,15.352
1998-03-01,,80.7764809893506,,,21.43,,,3.3,,,,0.0,15.268
1998-04-01,0.1402131,80.4329063362907,,4124.38975,20.52,,,3.1,,887103.625,868088.1875,0.0,15.103
1998-05-01,,80.841327881015,,,21.0,,,3.3,,,,0.0,14.971
1998-06-01,,79.9035786245393,,,23.2,,,3.3,,,,0.0,15.307
1998-07-01,0.3965893,80.1867937080314,,4144.67125,24.49,,,3.3,,878132.3125,859930.5,0.0,15.412999999999998
1998-08-01,,80.5948689007267,,,27.99,,,3.1,,,,0.0,15.496
1998-09-01,,80.3697855471714,,,,,,3.2,,,,0.0,15.925
1998-10-01,0.3350533,80.542157856883,,4152.32875,,,,3.1,,908226.875,898027.0,0.0,16.654
1998-11-01,,80.5196972941512,,,,,,3.0,,,,0.0,17.406
1998-12-01,,81.189993477553,,,,,,3.1,,,,0.0,18.609
1999-01-01,0.11956,81.2999737757351,16.5856169707538,4188.282,31.27,,9.5604,2.6,9264.97729259968,921707.3125,901576.625,0.0,19.015
1999-02-01,,81.3314380099013,,,28.29,,,3.1,,,,0.0,18.539
1999-03-01,,81.4856974856099,,,25.1,,,2.7,,,,0.0,18.255
1999-04-01,0.1137915,82.1924310621899,,4219.51,23.26,,,2.8,,980454.875,903062.125,0.0,18.234
1999-05-01,,81.4953926119578,,,22.74,,,2.6,,,,0.0,18.006
1999-06-01,,81.1144622483345,,,23.55,,,2.7,,,,0.0,17.393
1999-07-01,0.1679449,81.4534991224552,,4259.019,23.58,,,2.3,,1017385.875,938371.6875,0.0,17.041
1999-08-01,,81.497388366228,,,25.46,,,2.5,,,,0.0,16.579
1999-09-01,,82.4057871411121,,,24.01,,,2.3,,,,0.0,15.827
1999-10-01,0.3786683,81.8911933565171,,4302.277,22.88,,,2.4,,1055907.25,969125.1875,0.0,14.913000000000002
1999-11-01,,82.5643695341512,,,20.63,,,2.3,,,,0.0,13.918
1999-12-01,,83.1467690132264,,,18.76,,,2.4,,,,0.0,12.319
2000-01-01,0.1942879,84.6961838939262,9.49156149435403,4391.7405,18.82,,9.45556,2.3,9581.96970210753,1122979.25,1007871.3125,0.0,11.023
2000-02-01,,85.4397467953891,,,17.27,,,2.1,,,,0.0,10.523
2000-03-01,,86.0577730900437,,,15.89,,,2.2,,,,0.0,10.112
2000-04-01,0.0636416,85.6250147003443,,4446.7725,17.04,,,2.792068,,1169035.125,1065722.375,0.0,9.732
2000-05-01,,86.235709346661,,,17.61,,,2.7226470000000003,,,,0.0,9.483
2000-06-01,,86.9480607351255,,,16.88,,,2.72309,,,,0.0,9.413
2000-07-01,0.1991371,88.0344729807704,,4494.996,15.84,,,2.457457,,1242625.875,1084906.0,0.0,9.119
2000-08-01,,86.6708240491643,,,16.95,,,2.72916,,,,1.0,9.104
2000-09-01,,86.3063505197081,,,16.11,,,2.6192580000000003,,,,1.0,8.849
2000-10-01,0.1396161,86.1052574385206,,4445.101,16.66,,,2.487701,,1258713.625,1108655.25,1.0,8.909
2000-11-01,,85.1895550878387,,,17.12,,,2.359279,,,,1.0,8.872
2000-12-01,,83.1656700264301,,,17.12,,,2.547241,,,,1.0,8.959
2001-01-01,0.1414027,86.3822256385572,6.36773806235037,4472.698,17.89,,9.34234,2.544988,9398.35074355724,1234440.125,1137717.25,1.0,8.112
2001-02-01,,85.288504062676,,,18.05,,,3.209051,,,,1.0,7.090000000000001
2001-03-01,,84.1976193068565,,,16.68,,,2.663894,,,,1.0,7.175
2001-04-01,0.1420959,83.4777926407015,,4439.733,15.52,,,2.703472,,1214548.25,1095155.625,1.0,7.106
2001-05-01,,83.9585086468021,,,14.24,,,2.780142,,,,1.0,6.952
2001-06-01,,83.8045047743566,,,11.99,,,2.737625,,,,1.0,6.573
2001-07-01,0.0,83.9540862737244,,4430.281,12.82,,,2.82023,,1168293.0,1077495.75,1.0,5.883
2001-08-01,,83.7870671923875,,,11.49,,,2.30718,,,,1.0,5.929
2001-09-01,,84.0603678947689,,,12.49,,,2.5037830000000003,,,,1.0,6.139
2001-10-01,0.2892891,82.4558172588716,,4392.626,12.84,11.7445735027223,,2.863269,,1190376.25,1045131.8125,1.0,5.89
2001-11-01,,83.1157078488351,,,11.43,11.455390199637,,2.996422,,,,1.0,5.388
2001-12-01,,82.6266445397883,,,10.08,10.28,,3.0861650000000003,,,,1.0,4.403
2002-01-01,0.4287552,82.091063868415,5.03072733151295,4365.118,9.1,9.98,9.65596,3.360129,9242.27886130016,1221273.5,1062076.75,1.0,4.786
2002-02-01,,80.1565146764286,,,9.11,9.93,,3.0352900000000003,,,,1.0,4.788
2002-03-01,,81.2065213191335,,,8.02,9.72,,3.022208,,,,1.0,4.661
2002-04-01,0.3779052,82.4014323988669,,4411.2585,7.34,9.85,,3.05236,,1248222.625,1125753.375,1.0,4.705
2002-05-01,,81.8687769696226,,,7.73,9.2,,3.128937,,,,1.0,4.677
2002-06-01,,82.0582226192584,,,8.12,9.95,,3.039378,,,,1.0,4.939
2002-07-01,0.3136763,82.4060450411764,,4453.104,8.79,10.17,,2.907495,,1253864.125,1144087.25,1.0,5.514
2002-08-01,,83.2293437178014,,,8.56,10.23,,2.7774080000000003,,,,1.0,5.292
2002-09-01,,83.2052338256247,,,8.51,10.22,,2.886344,,,,1.0,4.948
2002-10-01,0.3743916,84.0798216508971,,4463.0155,9.67,11.17,,2.794946,,1251138.375,1140615.125,1.0,4.936
2002-11-01,,84.1761686445541,,,9.17,10.96,,3.00077,,,,1.0,5.388
2002-12-01,,83.2794241477599,,,8.41,10.12,,2.729125,,,,1.0,5.7
2003-01-01,0.3562015,81.8584842875279,4.54690012118718,4460.474,9.84,10.12,10.789,2.890019,9221.99666693097,1255406.375,1107871.25,1.0,5.157
2003-02-01,,83.4901291108833,,,9.19,10.09,,2.98038,,,,1.0,5.517
2003-03-01,,83.0576052262526,,,9.12,10.58,,3.123908,,,,1.0,5.643
2003-04-01,0.3405763,83.1273513535611,,4467.4415,8.33,9.53,,3.0915,,1264571.125,1056956.25,1.0,5.248
2003-05-01,,83.4006161893756,,,6.6,8.49,,3.191952,,,,1.0,4.696
2003-06-01,,83.8932363980606,,,6.51,8.07,,3.267429,,,,1.0,4.274
2003-07-01,0.142796,83.6293918199166,,4469.17,6.59,8.74,,3.576365,,1296662.875,1110445.75,1.0,4.127
2003-08-01,,83.4646447643953,,,6.63,8.88,,3.664692,,,,1.0,4.043
2003-09-01,,83.2601553495353,,,6.31,8.37,,3.816401,,,,0.0,4.037
2003-10-01,0.0712149,83.8585350265044,,4509.9915,5.92,8.24,,3.769731,,1309305.375,1122719.75,0.0,3.96
2003-11-01,,83.3132128102695,,,6.42,8.35,,4.035325,,,,0.0,3.982
2003-12-01,,84.7589801281645,,,6.95,8.32,,3.402546,,,,0.0,3.977
2004-01-01,0.2665423,85.014013755406,4.68840884843143,4570.365,5.76,8.32,11.286,3.777796,9421.28975988024,1328358.125,1123258.125,0.0,4.202
2004-02-01,,84.9539690151737,,,6.26,8.38,,4.043839,,,,0.0,4.534
2004-03-01,,87.0302566532917,,,6.66,8.6,,3.921735,,,,0.0,4.231
2004-04-01,0.3351206,86.7344717875868,,4630.803,6.18,8.92,,3.987647,,1359681.375,1157470.625,0.0,4.21
2004-05-01,,86.5351235361144,,,8.08,10.1,,3.884007,,,,0.0,4.285
2004-06-01,,86.9079470297491,,,8.23,10.3,,3.958375,,,,0.0,4.366
2004-07-01,0.0631592,86.4987290908054,,4627.3885,8.25,9.78,,3.795059,,1367295.25,1176933.625,0.0,4.488
2004-08-01,,86.462969724038,,,8.55,10.03,,3.997989,,,,0.0,4.819
2004-09-01,,86.5910899053166,,,8.56,10.27,,3.84378,,,,0.0,5.06
2004-10-01,0.1300982,86.9155443342142,,4676.86,8.7,9.69,,3.900006,,1409098.75,1183661.125,0.0,5.401
2004-11-01,,86.9418878410424,,,9.08,10.35,,3.868527,,,,0.0,5.425
2004-12-01,,87.1943586492304,,,8.61,9.72,,4.034563,,,,0.0,5.191
2005-01-01,0.0600492,87.4626582468391,3.98805714597437,4687.5925,8.61,10.02,10.8979,3.99122,9491.51730225718,1410770.25,1206133.875,0.0,4.545
2005-02-01,,87.8141928099458,,,9.24,9.62,,3.680443,,,,0.0,4.269
2005-03-01,,87.7343994683679,,,9.88,10.26,,3.800595,,,,0.0,4.386
2005-04-01,0.3203588,87.7871046539186,,4687.1855,10.3,10.41,,3.808772,,1424302.75,1217155.125,0.0,4.6
2005-05-01,,88.7882086939371,,,10.18,9.84,,3.618296,,,,0.0,4.599
2005-06-01,,87.5599490520089,,,9.71,9.56,,3.809615,,,,0.0,4.332
2005-07-01,0.2772387,86.3012844800584,,4735.815,9.59,9.37,,3.772067,,1437224.0,1224003.75,0.0,4.466
2005-08-01,,88.5640757134116,,,9.63,9.4,,3.42065,,,,0.0,3.949
2005-09-01,,89.1978139585131,,,8.94,8.5,,3.460462,,,,0.0,3.51
2005-10-01,0.3638254,89.5100896529283,,4823.535,8.81,8.85,,3.42925,,1537124.25,1301967.625,0.0,3.05
2005-11-01,,90.7966827973593,,,8.55,8.73,,3.16821,,,,0.0,2.914
2005-12-01,,91.8835552287672,,,7.92,8.45,,3.179806,,,,0.0,3.333
2006-01-01,0.3014227,92.1154495203988,3.62946762439132,4917.8525,7.7,8.25,10.8992,3.3455699999999995,9813.8280424425,1560315.625,1344538.875,0.0,3.935000000000001
2006-02-01,,91.5715079814328,,,7.52,8.21,,3.639973,,,,0.0,3.748
2006-03-01,,92.4879746429804,,,7.57,8.25,,3.619574,,,,0.0,3.412
2006-04-01,0.5045692,92.554100791278,,4960.856,7.71,8.57,,3.406853,,1576486.875,1369364.125,0.0,3.197
2006-05-01,,93.6034081088346,,,7.44,8.81,,3.160638,,,,0.0,2.996
2006-06-01,,93.5685636187884,,,7.56,9.73,,3.475124,,,,0.0,3.184
2006-07-01,0.5072995,93.5481584766264,,4973.2915,7.51,8.69,,3.633009,,1567588.875,1340461.75,0.0,3.063
2006-08-01,,93.8891204738838,,,7.48,8.08,,3.783796,,,,0.0,3.466
2006-09-01,,93.654446925119,,,7.53,8.23,,3.694484,,,,0.0,4.093
2006-10-01,0.3377808,93.5988081974584,,4990.8565,7.5,8.4,,3.749689,,1561430.75,1327450.25,0.0,4.292
2006-11-01,,93.8461569599811,,,7.28,7.88,,3.792174,,,,0.0,4.09
2006-12-01,,92.8686043329687,,,7.27,7.56,,3.871439,,,,0.0,4.053
2007-01-01,0.2182215,93.0567892541225,3.96684905458235,5025.593,7.46,7.43,10.9282,3.750536,9877.69532644737,1600384.625,1335892.5,0.0,3.981
2007-02-01,,93.6688352402053,,,7.38,7.96,,3.959435,,,,0.0,4.112
2007-03-01,,94.7031963231826,,,7.52,7.82,,4.188244999999999,,,,0.0,4.207000000000001
2007-04-01,0.3856112,94.4978647192844,,5059.044,7.38,7.62,,3.698499,,1645939.5,1362867.625,0.0,3.992
2007-05-01,,94.480372608273,,,7.6,7.7,,3.541114,,,,0.0,3.948
2007-06-01,,94.5152699667559,,,7.58,7.56,,3.407343,,,,0.0,3.983
2007-07-01,0.2897543,94.3902739509411,,5077.421,7.51,7.62,,3.642828,,1682808.125,1426779.75,0.0,4.139
2007-08-01,,93.9238920350857,,,7.63,7.9,,3.654332,,,,0.0,4.032
2007-09-01,,94.4949155890835,,,7.7,7.88,,3.598567,,,,0.0,3.792
2007-10-01,0.3478866,94.1879060201388,,5089.5545,7.65,,,3.772121,,1691096.25,1390005.375,0.0,3.743
2007-11-01,,93.4970142898212,,,7.88,7.93,,3.648231,,,,0.0,3.93
2007-12-01,,94.0803987853011,,,7.85,8.09,,3.785264,,,,0.0,3.759
2008-01-01,0.0,93.8900310081428,5.12498274575896,5091.4525,7.82,7.65,11.1297,3.793319,9826.3421836048,1711795.875,1376869.375,0.0,3.704
2008-02-01,,95.6230686835463,,,7.43,,,3.838361,,,,0.0,3.723
2008-03-01,,93.9029205661403,,,7.5,7.53,,4.032219,,,,0.0,4.249
2008-04-01,0.0,93.6920892869737,,5125.3745,7.6,7.72,,3.704698000000001,,1738704.875,1344722.25,0.0,4.549
2008-05-01,,93.8792585934319,,,7.85,,,3.518595,,,,0.0,4.948
2008-06-01,,94.9771472230106,,,7.89,8.25,,3.678976,,,,1.0,5.255
2008-07-01,0.0,93.1464454793343,,5130.8955,8.65,9.26,,3.819907,,1790313.0,1322242.125,1.0,5.394
2008-08-01,,93.1775389157646,,,8.72,8.55,,3.883679,,,,1.0,5.573
2008-09-01,,92.4062017118016,,,8.66,,,3.958806,,,,1.0,5.473
2008-10-01,0.1046353,92.5415349416869,,5048.74,8.37,8.5,,3.994609,,1609994.75,1342095.75,1.0,5.779999999999999
2008-11-01,,91.0018232050644,,,8.51,9.82,,4.656784,,,,1.0,6.2330000000000005
2008-12-01,,89.9021070631884,,,8.07,7.99,,4.814342,,,,1.0,6.5280000000000005
2009-01-01,0.1967342,85.2789284107284,5.29735584228856,4736.727,7.24,,13.5135,4.783286,9074.1188145564,1373100.375,1228864.25,1.0,6.282
2009-02-01,,84.7482210373604,,,7.16,8.24,,5.224133,,,,1.0,6.2010000000000005
2009-03-01,,84.124169779059,,,7.48,7.75,,5.0969,,,,1.0,6.0440000000000005
2009-04-01,0.1871433,84.24869545862,,4659.7165,6.13,,,5.429474,,1330893.875,1118045.25,1.0,6.173
2009-05-01,,84.0061038889022,,,5.41,7.55,,5.676421,,,,1.0,5.979
2009-06-01,,83.6125971024242,,,5.2,8.22,,5.366691,,,,0.0,5.736
2009-07-01,0.2765742,85.7035617169106,,4827.5295,5.12,8.09,,5.724208999999999,,1476302.0,1202030.25,0.0,5.437
2009-08-01,,85.6555807594929,,,5.13,,,5.863554,,,,0.0,5.082
2009-09-01,,86.8590889109039,,,5.36,8.0,,5.987611,,,,0.0,4.894
2009-10-01,0.1683927,87.2813755560259,,4931.884,5.39,8.05,,5.814369999999999,,1564296.0,1303320.375,0.0,4.4990000000000006
2009-11-01,,88.6697494242751,,,5.23,,,5.489937,,,,0.0,3.861
2009-12-01,,88.9377123523513,,,5.07,7.81,,5.334559,,,,0.0,3.5740000000000003
2010-01-01,0.0911577,88.9004406954788,4.15672722680174,4951.675,4.99,,12.636,5.607984,9389.06722084275,1626988.875,1388683.25,0.0,4.457
2010-02-01,,88.3706287822,,,5.0,7.66,,5.401496,,,,0.0,4.83
2010-03-01,,89.5319336711901,,,5.08,,,5.17641,,,,0.0,4.97
2010-04-01,0.0,90.4846447100627,,5009.933,5.09,7.54,,5.534603,,1674829.0,1469867.25,0.0,4.271
2010-05-01,,90.0067065925664,,,4.96,7.49,,5.421975,,,,0.0,3.917
2010-06-01,,89.8106063024854,,,4.86,,,5.206282,,,,0.0,3.693
2010-07-01,0.1904943,89.7199622399515,,5054.4165,4.8,6.88,,5.33371,,1697296.0,1559017.625,0.0,3.636
2010-08-01,,90.4145039936269,,,4.78,6.49,,5.088127,,,,0.0,3.676
2010-09-01,,90.0056063499589,,,4.74,6.25,,5.299422,,,,0.0,3.699
2010-10-01,0.5679129,89.872313637397,,5095.581,4.66,,,5.541229,,1734643.25,1551506.625,0.0,4.025
2010-11-01,,89.8380580966836,,,4.52,6.13,,5.502176,,,,0.0,4.317
2010-12-01,,90.6526760017607,,,4.86,7.16,,5.460436,,,,0.0,4.401999999999999
2011-01-01,0.2742481,90.8751261858946,3.40737824605742,5129.615,4.76,,,5.201164,9575.93437788582,1765990.75,1589406.25,0.0,3.782
2011-02-01,,90.598534879872,,,4.82,,,5.362089,,,,0.0,3.572
2011-03-01,,91.2359149377682,,,4.75,,,4.974079,,,,0.0,3.04
2011-04-01,0.286944,91.1162935283693,,5151.4095,4.93,7.28,,5.246964,,1776857.375,1574253.5,0.0,3.361
2011-05-01,,92.0166883560095,,,4.84,,,5.449658,,,,0.0,3.249
2011-06-01,,92.7599420413144,,,4.72,6.92,,5.553328,,,,0.0,3.276
2011-07-01,0.0,92.6968447000043,,5243.464,4.65,6.9,,5.250299,,1806698.75,1635105.125,0.0,3.547
2011-08-01,,93.1415392473251,,,4.52,5.78,,5.410319,,,,0.0,3.424
2011-09-01,,93.0205472403006,,,4.46,,,5.306053,,,,0.0,3.137
2011-10-01,0.433163,93.9317967583169,,5281.379,4.4,6.85,,4.880269999999999,,1807027.25,1723165.5,0.0,3.196
2011-11-01,,95.0235395604869,,,4.47,6.38,,5.1597550000000005,,,,0.0,3.483
2011-12-01,,95.5098479573471,,,4.57,6.46,,5.018336,,,,0.0,3.819
2012-01-01,0.336191,95.5968796487982,4.11150981070289,5332.954,4.71,,,4.725116000000001,9782.51776305354,1854285.5,1737526.0,0.0,4.047
2012-02-01,,95.5943649170586,,,4.6,,,5.299411,,,,0.0,3.869
2012-03-01,,95.6847202803192,,,4.64,,,5.022005,,,,0.0,3.729
2012-04-01,0.4548297,95.9370293736538,,5368.527,4.57,,,4.959230000000001,,1863280.875,1809168.25,0.0,3.412
2012-05-01,,95.7816550787384,,,4.61,6.22,,5.009917,,,,0.0,3.851
2012-06-01,,96.3272635649923,,,4.61,5.94,,4.910563,,,,0.0,4.335
2012-07-01,0.1937609,97.0443928329044,,5378.343,4.58,5.12,,4.697013,,1872111.25,1743657.375,0.0,4.42
2012-08-01,,95.7052570213419,,,4.59,,,5.002701999999999,,,,0.0,4.568
2012-09-01,,97.1141122495769,,,4.59,5.44,,4.669258999999999,,,,1.0,4.772
2012-10-01,0.142234,94.7067348136213,,5420.377,4.64,5.35,,4.9153720000000005,,1936565.75,1736137.25,1.0,4.596
2012-11-01,,95.8795940321891,,,4.76,5.52,,5.287912,,,,1.0,4.18
2012-12-01,,95.404786634701,,,4.62,,,4.947464,,,,1.0,3.5680000000000005
2013-01-01,0.2306406,95.4443959695214,3.80639069747204,5425.999,4.59,5.47,,5.204316,9738.71059803658,1949379.75,1750060.375,1.0,3.2550000000000003
2013-02-01,,96.3818923359145,,,4.32,5.03,,4.860323,,,,1.0,3.5520000000000005
2013-03-01,,95.3212870642804,,,4.22,,,4.914686,,,,1.0,4.252000000000001
2013-04-01,0.1298786,93.7791304279678,,5403.9695,4.11,5.0,,5.148683999999999,,1961965.5,1773668.375,1.0,4.649
2013-05-01,,95.8961310163699,,,3.98,4.64,,5.090205,,,,1.0,4.630999999999999
2013-06-01,,94.9064315587338,,,4.08,6.2,,5.081586,,,,1.0,4.088
2013-07-01,0.3066074,95.1226309198008,,5436.957,4.01,,,4.806830000000001,,1960642.875,1856834.0,1.0,3.473
2013-08-01,,95.9643773747027,,,4.0,5.93,,4.82355,,,,1.0,3.457
2013-09-01,,95.1637668756418,,,3.71,6.13,,4.947742,,,,1.0,3.39
2013-10-01,0.2330866,95.7282137307747,,5463.8845,3.53,5.97,,4.892414,,1957588.75,1852182.75,1.0,3.359
2013-11-01,,95.8249122756514,,,3.6,,,4.633836,,,,0.0,3.619
2013-12-01,,96.0587010645073,,,3.64,6.33,,4.747419,,,,0.0,3.974
2014-01-01,0.0563063,96.1993384550752,4.01861608078679,5499.385,3.66,6.46,,4.882218,9862.48125444199,2013957.25,1881693.0,0.0,4.4830000000000005
2014-02-01,,96.7473754734547,,,3.78,,,4.690169,,,,0.0,4.234
2014-03-01,,97.9824839319951,,,3.68,6.32,,5.233872,,,,0.0,3.759
2014-04-01,0.215378,98.2469326255938,,5571.326,3.66,6.15,,4.94801,,2062670.875,1934750.375,0.0,3.497
2014-05-01,,98.6400890246251,,,3.61,5.87,,5.069078,,,,0.0,3.51
2014-06-01,,98.9184052801051,,,3.1,,,4.879747,,,,0.0,3.753
2014-07-01,0.0612182,98.2443608234734,,5579.492,3.03,5.69,,5.141468,,2084695.25,1953743.25,0.0,4.072
2014-08-01,,97.828037341711,,,3.01,5.65,,4.825503,,,,0.0,4.15
2014-09-01,,98.4808434643941,,,3.09,,,4.771502,,,,0.0,4.218
2014-10-01,0.1962227,99.1930717098886,,5626.9925,3.17,6.08,,4.640357,,2133261.5,2013894.875,0.0,4.298
2014-11-01,,99.1503299300641,,,3.17,5.98,,4.687418,,,,0.0,4.168
2014-12-01,,99.0035666501704,,,3.22,5.9,,4.178562,,,,0.0,4.081
2015-01-01,0.1382297,98.5793833263236,2.72064064964023,5653.4945,3.23,,,4.334042,10021.2386118827,2132674.5,2048833.25,0.0,3.066
2015-02-01,,99.4370586464979,,,3.21,5.31,,4.368168,,,,0.0,3.0
2015-03-01,,98.6757146109496,,,3.53,6.04,,4.244276999999999,,,,0.0,3.137
2015-04-01,0.1660854,99.700217890084,,5704.892,3.5,5.83,,4.4142,,2173062.25,2092039.625,0.0,3.0620000000000003
2015-05-01,,98.9559884938673,,,3.51,,,4.540211,,,,0.0,2.877
2015-06-01,,99.4160472857002,,,3.54,6.25,,4.447458,,,,0.0,2.871
2015-07-01,0.1968891,100.532151560503,,5771.2675,3.63,6.07,,4.431907,,2208122.25,2128832.0,0.0,2.7390000000000003
2015-08-01,,100.897096689784,,,3.7,,,4.363008,,,,0.0,2.587
2015-09-01,,102.79276045029,,,3.72,6.07,,4.187136,,,,0.0,2.519
2015-10-01,0.2289063,100.802221958387,,5754.4775,3.53,,,4.451105999999999,,2196364.5,2065697.75,0.0,2.48
2015-11-01,,100.096216804513,,,3.7,6.18,,4.095699,,,,0.0,2.215
2015-12-01,,100.507856743538,,,3.68,,,4.363686,,,,0.0,2.131
2016-01-01,0.2140716,100.499225108842,2.8217078474766,5751.152,3.58,6.23,,4.084225,10100.5021214015,2172552.25,2056863.375,0.0,2.613
2016-02-01,,100.592725982285,,,3.53,6.07,,4.187344,,,,0.0,2.867
2016-03-01,,99.8874674853215,,,4.11,6.03,,4.111014,,,,0.0,2.601
2016-04-01,0.100055,99.6148607764305,,5772.72,4.04,,,3.910794,,2211191.25,2094398.75,0.0,2.5420000000000003
2016-05-01,,100.031420019056,,,4.47,5.91,,4.113588,,,,0.0,2.597
2016-06-01,,99.7783538895578,,,4.47,6.08,,3.961904,,,,0.0,2.538
2016-07-01,0.0604193,99.7942269981008,,5823.9145,4.79,,,3.771899,,2241650.5,2181246.25,0.0,2.655
2016-08-01,,99.9194628081426,,,4.76,6.01,,3.726339,,,,0.0,2.727
2016-09-01,,99.9458369360382,,,4.87,5.99,,3.849977,,,,0.0,2.9690000000000003
2016-10-01,0.4893326,100.242330775524,,5889.1845,5.23,6.09,,3.5774760000000003,,2267948.5,2228542.5,0.0,3.064
2016-11-01,,101.344890321986,,,5.31,,,3.629579,,,,0.0,3.305
2016-12-01,,101.035929255803,,,6.21,7.25,,3.699569,,,,0.0,3.36
2017-01-01,0.2792516,101.738382861305,6.04145724018986,5922.0645,6.68,7.6,,3.458761,10193.7727193457,2343670.75,2255900.5,0.0,4.718
2017-02-01,,101.393586944005,,,6.94,,,3.415578,,,,0.0,4.864
2017-03-01,,102.044946424819,,,6.92,7.4,,3.519403,,,,0.0,5.353
2017-04-01,0.5153673,100.754442647934,,5930.8395,6.99,7.24,,3.555912,,2344133.75,2177442.5,0.0,5.817
2017-05-01,,101.048046811391,,,7.25,7.32,,3.612685,,,,0.0,6.164
2017-06-01,,101.055637480534,,,7.2,,,3.2815449999999995,,,,0.0,6.314
2017-07-01,0.5849532,100.321323546941,,5894.4945,7.25,6.88,,3.216046,,2351487.0,2147493.25,0.0,6.438000000000001
2017-08-01,,100.863768463916,,,7.22,6.89,,3.270371,,,,0.0,6.662999999999999
2017-09-01,,99.5125511445864,,,7.2,6.79,,3.341828,,,,0.0,6.348
2017-10-01,0.6377921,100.760245921465,,5977.1725,7.18,,,3.4312940000000003,,2394972.25,2281945.5,0.0,6.372
2017-11-01,,101.114424249059,,,7.29,7.19,,3.508106,,,,0.0,6.635000000000001
2017-12-01,,101.809460386185,,,7.33,7.53,,3.413893,,,,0.0,6.773
2018-01-01,0.4096262,100.880784420576,4.89935015356551,6052.9745,7.8,,,3.202943,10296.8690937052,2484535.5,2323448.25,0.0,5.546
2018-02-01,,101.371096938906,,,7.7,7.64,,3.174959,,,,0.0,5.339
2018-03-01,,101.570779026629,,,7.84,7.52,,3.218035,,,,0.0,5.035
2018-04-01,0.6745569,99.7397916692927,,6032.361,7.73,7.54,,3.443334,,2457780.25,2361542.5,0.0,4.551
2018-05-01,,101.802725375801,,,7.94,,,3.250725,,,,0.0,4.506
2018-06-01,,101.691943075129,,,8.12,7.88,,3.328728,,,,0.0,4.646999999999999
2018-07-01,0.5007511,101.926313646689,,6056.9565,8.19,7.75,,3.241028,,2476204.0,2372944.75,1.0,4.811
2018-08-01,,101.263001811687,,,8.18,7.83,,3.18238,,,,1.0,4.905
2018-09-01,,101.947050106891,,,8.26,,,3.285527,,,,1.0,5.0200000000000005
2018-10-01,1.057789,101.016102119935,,6046.555,8.23,8.17,,3.160868,,2541070.75,2381866.5,1.0,4.904
2018-11-01,,100.3381209456,,,8.49,9.11,,3.3196260000000004,,,,1.0,4.717
2018-12-01,,100.129212180364,,,8.7,,,3.634026,,,,1.0,4.831
2019-01-01,0.6386104,100.292791913291,3.63596142127046,6047.178,8.54,8.71,,3.384225,10159.4448355881,2482143.25,2385095.75,1.0,4.366
2019-02-01,,100.720254170495,,,8.2,8.49,,3.31401,,,,1.0,3.94
2019-03-01,,99.7314780137807,,,8.07,8.01,,3.568403,,,,1.0,4.004
2019-04-01,0.6690997,100.845194226174,,6031.519,8.15,,,3.559906,,2462054.5,2441795.0,1.0,4.413
2019-05-01,,99.9746881096284,,,8.31,8.24,,3.555536,,,,1.0,4.282
2019-06-01,,100.68238627113,,,8.16,7.68,,3.538367,,,,1.0,3.947
2019-07-01,0.4718889,100.134524073146,,6029.1895,8.06,,,3.479478,,2472377.5,2437278.0,1.0,3.781
2019-08-01,,99.8753720675701,,,7.78,7.53,,3.429234,,,,1.0,3.1620000000000004
2019-09-01,,99.4916877437721,,,7.41,7.08,,3.502124,,,,1.0,2.998
2019-10-01,0.5442342,97.0193156206472,,5987.213,7.18,6.87,,3.5870580000000003,,2439489.5,2296386.75,1.0,3.02
2019-11-01,,98.0420052210557,,,7.14,,,3.507472,,,,1.0,2.974
2019-12-01,,97.2213770042503,,,7.18,7.14,,3.1776020000000003,,,,1.0,2.829
2020-01-01,0.810756,98.5695881170029,3.39683415570006,5918.161,7.08,6.85,,3.6381,9234.64362485294,2380218.25,2413641.25,1.0,3.238
2020-02-01,,97.9268803526638,,,6.68,6.47,,3.594781,,,,1.0,3.696
2020-03-01,,94.6008108836728,,,6.61,,,3.28577,,,,1.0,3.249
2020-04-01,0.2315029,70.5041006615332,,4797.4085,5.8,7.37,,4.857454,,1782594.0,1704505.25,1.0,2.148
2020-05-01,,70.1708916825029,,,5.03,6.06,,4.280882,,,,1.0,2.837
2020-06-01,,85.5749676131377,,,4.91,,,5.496404,,,,0.0,3.334
2020-07-01,0.2555453,89.3327230447926,,5538.841,4.61,5.81,,5.061848,,2095811.375,2365953.25,0.0,3.623
2020-08-01,,92.9206876766622,,,4.48,5.77,,4.910882,,,,0.0,4.048
2020-09-01,,94.6869915465939,,,4.45,5.68,,4.796296,,,,0.0,4.014
2020-10-01,0.3011685,95.947817015239,,5780.959,4.37,,,4.625273,,2387900.75,2384881.5,0.0,4.087
2020-11-01,,96.6475905605999,,,4.36,6.07,,4.508685,,,,0.0,3.3320000000000003
2020-12-01,,96.1335169680816,,,4.32,5.67,,4.16045,,,,0.0,3.15
2021-01-01,0.2300305,95.3432704616464,5.68920847683753,5823.418,4.22,5.61,,4.49327,9728.05680032556,2448682.5,2311917.25,0.0,3.535
2021-02-01,,94.5213012386006,,,4.15,,,4.476069,,,,0.0,3.759
2021-03-01,,96.7437487844746,,,4.34,6.25,,4.3645510000000005,,,,0.0,4.667000000000001
2021-04-01,0.533049,95.9206973843697,,5878.1675,4.64,6.68,,4.810405,,2469841.25,2352044.5,0.0,6.085
2021-05-01,,95.8144643376599,,,4.78,,,4.067895,,,,0.0,5.894
2021-06-01,,95.7759812994056,,,4.8,6.54,,4.004032,,,,0.0,5.879
2021-07-01,0.4752529,96.2569920071456,,5820.883,5.46,6.9,,4.104615,,2527058.0,2370402.25,0.0,5.806
2021-08-01,,97.8816883482316,,,5.47,6.98,,3.986088,,,,0.0,5.592
2021-09-01,,95.3617478195356,,,5.51,,,3.890437,,,,0.0,6.0
2021-10-01,0.4088029,96.9687972363666,,5893.0445,6.23,7.61,,3.851854,,2599008.0,2479378.75,0.0,6.239999999999999
2021-11-01,,97.5211937333519,,,6.48,7.54,,3.762584,,,,0.0,7.375
2021-12-01,,98.7700177149203,,,6.68,7.57,,3.850008,,,,0.0,7.355
2022-01-01,0.3570366,99.9014650235302,7.8962761916855,5980.9085,6.99,,,3.532997,10011.2545383826,2625576.5,2558843.75,0.0,7.07
2022-02-01,,100.209262835561,,,7.17,7.68,,3.804179,,,,0.0,7.28
2022-03-01,,101.018997011537,,,8.05,8.6,,3.3805970000000003,,,,0.0,7.454
2022-04-01,0.4062681,101.203365205139,,6048.829,8.57,8.86,,3.140317,,2707372.5,2629556.25,0.0,7.683
2022-05-01,,101.092180350681,,,8.85,8.87,,3.329658,,,,0.0,7.653
2022-06-01,,100.814150665046,,,9.46,9.22,,3.3437080000000003,,,,0.0,7.986
2022-07-01,0.3644846,101.560022048349,,6087.737,9.73,8.78,,3.2142630000000003,,2797723.75,2691015.75,0.0,8.151
2022-08-01,,102.079134121809,,,9.61,,,3.253916,,,,0.0,8.695
2022-09-01,,102.097073249265,,,10.29,9.1,,3.105517,,,,,8.7
2022-10-01,0.3305785,102.208075178403,,6165.496,10.77,9.52,,3.237026,,2780777.75,2544761.0,,8.407
2022-11-01,,102.660135687864,,,10.84,9.75,,2.936216,,,,,7.797
2022-12-01,,103.342930848877,,,10.87,8.94,,3.002308,,,,,7.817
2023-01-01,0.2112974,103.091766727443,5.52796087314389,6209.9365,11.09,8.69,,2.876848,10241.8945112994,2863470.75,2535335.75,,7.91
2023-02-01,,102.93141837785,,,11.66,9.38,,2.775098,,,,,7.619
2023-03-01,,103.423049424298,,,11.88,,,2.729019,,,,,6.848999999999999
2023-04-01,0.220232,103.848896001376,,6261.4155,11.77,8.89,,2.920234,,2864713.5,2457622.0,,6.253
2023-05-01,,105.139363690989,,,11.55,8.76,,2.983689,,,,,5.835
2023-06-01,,106.01401094975,,,11.3,8.57,,2.6437310000000003,,,,,5.056
2023-07-01,0.1481921,106.216233663323,,6295.1485,11.36,,,2.90838,,2793547.5,2338778.5,,4.786
2023-08-01,,106.577752955104,,,11.48,9.1,,2.717275,,,,,4.638
2023-09-01,,106.820500857283,,,11.63,9.68,,2.673054,,,,,4.454000000000001
2023-10-01,0.2264835,107.481582552983,,6318.1655,11.75,,,2.694085,,2795036.25,2343021.25,,4.257
2023-11-01,,,,,11.52,10.23,,2.796373,,,,,4.324
2023-12-01,,,,,11.19,9.39,,2.842787,,,,,4.661
2024-01-01,0.1420354,,4.72225588452932,6316.154,,9.31,,2.73239,,2850121.5,2365627.75,,4.884
2024-02-01,,,,,,,,2.522104,,,,,4.401
2024-03-01,,,,,,9.2,,2.613458,,,,,4.421
2024-04-01,0.1369675,,,6334.303,,9.85,,2.701206,,2864819.0,2401143.75,,4.6530000000000005
2024-05-01,,,,,,9.64,,2.675628,,,,,4.687
2024-06-01,,,,,,,,2.76704,,,,,4.976
2024-07-01,0.204918,,,6392.275,,9.95,,2.719978,,2907015.25,2545201.5,,5.566
2024-08-01,,,,,,9.74,,2.789851,,,,,4.993
2024-09-01,,,,,,9.21,,2.712758,,,,,4.58
2024-10-01,0.427899,,,6351.887,,10.06,,2.474904,,2942201.0,2637677.0,,4.7620000000000005
2024-11-01,,,,,,10.02,,2.716682,,,,,4.549
2024-12-01,,,,,,10.43,,2.633829,,,,,4.212
2025-01-01,0.4684719,,,6364.591,,10.33,,2.604312,,,,,3.585
2025-02-01,,,,,,9.85,,2.580447,,,,,3.774000000000001
2025-03-01,,,,,,,,2.548091,,,,,3.801
2025-04-01,,,,,,9.26,,2.631797,,,,,3.933
2025-05-01,,,,,,,,,,,,,4.419
