date,EPU_USA,IP_USA,YS_USA,INF_YoY_USA,UNEMP_USA,EX_USA,IM_USA,RECESS_USA,GDP_USA,GDPC_USA,CCI_USA,INF_USA
1914-01-01,,,,,,,,,,,,2.041
1914-02-01,,,,,,,,,,,,1.02
1914-03-01,,,,,,,,,,,,1.02
1914-04-01,,,,,,,,,,,,0.0
1914-05-01,,,,,,,,,,,,2.062
1914-06-01,,,,,,,,,,,,1.02
1914-07-01,,,,,,,,,,,,1.01
1914-08-01,,,,,,,,,,,,3.03
1914-09-01,,,,,,,,,,,,2.0
1914-10-01,,,,,,,,,,,,1.0
1914-11-01,,,,,,,,,,,,0.99
1914-12-01,,,,,,,,,,,,1.0
1915-01-01,,,,,,,,,,,,1.0
1915-02-01,,,,,,,,,,,,1.01
1915-03-01,,,,,,,,,,,,0.0
1915-04-01,,,,,,,,,,,,2.041
1915-05-01,,,,,,,,,,,,2.02
1915-06-01,,,,,,,,,,,,2.02
1915-07-01,,,,,,,,,,,,1.0
1915-08-01,,,,,,,,,,,,-0.98
1915-09-01,,,,,,,,,,,,-0.98
1915-10-01,,,,,,,,,,,,0.99
1915-11-01,,,,,,,,,,,,0.98
1915-12-01,,,,,,,,,,,,1.98
1916-01-01,,,,,,,,,,,,2.97
1916-02-01,,,,,,,,,,,,4.0
1916-03-01,,,,,,,,,,,,6.061
1916-04-01,,,,,,,,,,,,6.0
1916-05-01,,,,,,,,,,,,5.941
1916-06-01,,,,,,,,,,,,6.931
1916-07-01,,,,,,,,,,,,6.931
1916-08-01,,,,,,,,,,,,7.921
1916-09-01,,,,,,,,,,,,9.901
1916-10-01,,,,,,,,,,,,10.784
1916-11-01,,,,,,,,,,,,11.65
1916-12-01,,,,,,,,,,,,12.621
1917-01-01,,,,,,,,,,,,12.5
1917-02-01,,,,,,,,,,,,15.384999999999998
1917-03-01,,,,,,,,,,,,14.285999999999998
1917-04-01,,,,,,,,,,,,18.868
1917-05-01,,,,,,,,,,,,19.626
1917-06-01,,,,,,,,,,,,20.37
1917-07-01,,,,,,,,,,,,18.519
1917-08-01,,,,,,,,,,,,19.266
1917-09-01,,,,,,,,,,,,19.82
1917-10-01,,,,,,,,,,,,19.469
1917-11-01,,,,,,,,,,,,17.391000000000002
1917-12-01,,,,,,,,,,,,18.103
1918-01-01,,,,,,,,,,,,19.658
1918-02-01,,,,,,,,,,,,17.5
1918-03-01,,,,,,,,,,,,16.667
1918-04-01,,,,,,,,,,,,12.698
1918-05-01,,,,,,,,,,,,13.281
1918-06-01,,,,,,,,,,,,13.077
1918-07-01,,,,,,,,,,,,17.968999999999998
1918-08-01,,,,,,,,,,,,18.462
1918-09-01,,,,,,,,,,,,18.045
1918-10-01,,,,,,,,,,,,18.519
1918-11-01,,,,,,,,,,,,20.741
1918-12-01,,,,,,,,,,,,20.438
1919-01-01,,4.8654,,,,,,,,,,17.857
1919-02-01,,4.6504,,,,,,,,,,14.893999999999998
1919-03-01,,4.516,,,,,,,,,,17.143
1919-04-01,,4.5966,,,,,,,,,,17.605999999999998
1919-05-01,,4.6235,,,,,,,,,,16.552
1919-06-01,,4.9192,,,,,,,,,,14.966
1919-07-01,,5.2149,,,,,,,,,,15.232
1919-08-01,,5.2955,,,,,,,,,,14.935
1919-09-01,,5.188,,,,,,,,,,13.376
1919-10-01,,5.1342,,,,,,,,,,13.125
1919-11-01,,5.0536,,,,,,,,,,13.497
1919-12-01,,5.1342,,,,,,,,,,14.545
1920-01-01,,5.6181,,,,,,,,,,16.97
1920-02-01,,5.6181,,,,,,,,,,20.37
1920-03-01,,5.5106,,,,,,,,,,20.122
1920-04-01,,5.2149,,,,,,,,,,21.557
1920-05-01,,5.3493,,,,,,,,,,21.893
1920-06-01,,5.403,,,,,,,,,,23.669
1920-07-01,,5.2686,,,,,,,,,,19.54
1920-08-01,,5.2955,,,,,,,,,,14.689
1920-09-01,,5.1073,,,,,,,,,,12.36
1920-10-01,,4.8923,,,,,,,,,,9.945
1920-11-01,,4.4891,,,,,,,,,,7.027
1920-12-01,,4.2203,,,,,,,,,,2.646
1921-01-01,,3.9784,,,,,,,,,,-1.554
1921-02-01,,3.8977,,,,,,,,,,-5.641
1921-03-01,,3.7902,,,,,,,,,,-7.106999999999999
1921-04-01,,3.7902,,,,,,,,,,-10.837
1921-05-01,,3.8977,,,,,,,,,,-14.078
1921-06-01,,3.8708,,,,,,,,,,-15.789
1921-07-01,,3.8439,,,,,,,,,,-14.904
1921-08-01,,3.9784,,,,,,,,,,-12.808
1921-09-01,,4.0052,,,,,,,,,,-12.5
1921-10-01,,4.2472,,,,,,,,,,-12.06
1921-11-01,,4.1934,,,,,,,,,,-12.121
1921-12-01,,4.1665,,,,,,,,,,-10.825
1922-01-01,,4.3278,,,,,,,,,,-11.053
1922-02-01,,4.516,,,,,,,,,,-8.152
1922-03-01,,4.7579,,,,,,,,,,-8.742999999999999
1922-04-01,,4.5966,,,,,,,,,,-7.735
1922-05-01,,4.8385,,,,,,,,,,-5.65
1922-06-01,,5.0805,,,,,,,,,,-5.114
1922-07-01,,5.0805,,,,,,,,,,-5.085
1922-08-01,,4.9729,,,,,,,,,,-6.215
1922-09-01,,5.2417,,,,,,,,,,-5.143
1922-10-01,,5.5374,,,,,,,,,,-4.571
1922-11-01,,5.7794,,,,,,,,,,-3.4479999999999995
1922-12-01,,5.9406,,,,,,,,,,-2.3120000000000003
1923-01-01,,5.8062,,,,,,,,,,-0.592
1923-02-01,,5.8869,,,,,,,,,,-0.592
1923-03-01,,6.0751,,,,,,,,,,0.599
1923-04-01,,6.2095,,,,,,,,,,1.198
1923-05-01,,6.2901,,,,,,,,,,1.198
1923-06-01,,6.2363,,,,,,,,,,1.796
1923-07-01,,6.1826,,,,,,,,,,2.381
1923-08-01,,6.0751,,,,,,,,,,3.012
1923-09-01,,5.9406,,,,,,,,,,3.614
1923-10-01,,5.9138,,,,,,,,,,3.5929999999999995
1923-11-01,,5.9138,,,,,,,,,,2.976
1923-12-01,,5.7794,,,,,,,,,,2.367
1924-01-01,,5.9138,,,,,,,,,,2.976
1924-02-01,,6.0213,,,,,,,,,,2.381
1924-03-01,,5.9138,,,,,,,,,,1.786
1924-04-01,,5.7256,,,,,,,,,,0.592
1924-05-01,,5.4837,,,,,,,,,,0.592
1924-06-01,,5.2417,,,,,,,,,,0.0
1924-07-01,,5.1611,,,,,,,,,,-0.581
1924-08-01,,5.3493,,,,,,,,,,-0.585
1924-09-01,,5.5374,,,,,,,,,,-0.581
1924-10-01,,5.6718,,,,,,,,,,-0.5780000000000001
1924-11-01,,5.7794,,,,,,,,,,-0.5780000000000001
1924-12-01,,5.9406,,,,,,,,,,0.0
1925-01-01,,6.1288,,,,,,,,,,0.0
1925-02-01,,6.1288,,,,,,,,,,0.0
1925-03-01,,6.1288,,,,,,,,,,1.17
1925-04-01,,6.1826,,,,,,,,,,1.176
1925-05-01,,6.1557,,,,,,,,,,1.765
1925-06-01,,6.1019,,,,,,,,,,2.941
1925-07-01,,6.2632,,,,,,,,,,3.5090000000000003
1925-08-01,,6.1557,,,,,,,,,,4.118
1925-09-01,,6.0751,,,,,,,,,,3.5090000000000003
1925-10-01,,6.317,,,,,,,,,,2.907
1925-11-01,,6.4514,,,,,,,,,,4.651000000000001
1925-12-01,,6.532,,,,,,,,,,3.4680000000000004
1926-01-01,,6.4245,,,,,,,,,,3.4680000000000004
1926-02-01,,6.4245,,,,,,,,,,4.07
1926-03-01,,6.5051,,,,,,,,,,2.89
1926-04-01,,6.5051,,,,,,,,,,4.07
1926-05-01,,6.4514,,,,,,,,,,2.89
1926-06-01,,6.532,,,,,,,,,,1.143
1926-07-01,,6.5589,,,,,,,,,,-1.13
1926-08-01,,6.6396,,,,,,,,,,-1.695
1926-09-01,,6.7471,,,,,,,,,,-1.13
1926-10-01,,6.7471,,,,,,,,,,-0.565
1926-11-01,,6.7202,,,,,,,,,,-1.667
1926-12-01,,6.6933,,,,,,,,,,-1.117
1927-01-01,,6.6664,,,,,,,,,,-2.235
1927-02-01,,6.7202,,,,,,,,,,-2.793
1927-03-01,,6.8008,,,,,,,,,,-2.809
1927-04-01,,6.6396,,,,,,,,,,-3.3520000000000003
1927-05-01,,6.6933,,,,,,,,,,-2.247
1927-06-01,,6.6664,,,,,,,,,,-0.565
1927-07-01,,6.5858,,,,,,,,,,-1.143
1927-08-01,,6.5858,,,,,,,,,,-1.149
1927-09-01,,6.4783,,,,,,,,,,-1.143
1927-10-01,,6.3439,,,,,,,,,,-1.136
1927-11-01,,6.3439,,,,,,,,,,-2.26
1927-12-01,,6.3707,,,,,,,,,,-2.26
1928-01-01,,6.5051,,,,,,,,,,-1.143
1928-02-01,,6.5589,,,,,,,,,,-1.7239999999999998
1928-03-01,,6.6127,,,,,,,,,,-1.156
1928-04-01,,6.5858,,,,,,,,,,-1.156
1928-05-01,,6.6664,,,,,,,,,,-1.149
1928-06-01,,6.7202,,,,,,,,,,-2.841
1928-07-01,,6.8008,,,,,,,,,,-1.156
1928-08-01,,6.9352,,,,,,,,,,-0.581
1928-09-01,,6.989,,,,,,,,,,0.0
1928-10-01,,7.1234,,,,,,,,,,-1.149
1928-11-01,,7.2578,,,,,,,,,,-0.5780000000000001
1928-12-01,,7.3922,,,,,,,,,,-1.156
1929-01-01,,7.4997,,,,,,,,,,-1.156
1929-02-01,,7.4728,,,,,,,,,,0.0
1929-03-01,,7.4997,,,,,,,,,,-0.585
1929-04-01,,7.6341,,,,,,,,,,-1.17
1929-05-01,,7.7685,,,,,,,,,,-1.163
1929-06-01,,7.8223,,,,,,,,,,0.0
1929-07-01,,7.9298,,,,,,,,,,1.17
1929-08-01,,7.8492,,,,,,,,,,1.17
1929-09-01,,7.7954,,,,,,,,,,0.0
1929-10-01,,7.661,,,,,,,,,,0.581
1929-11-01,,7.2847,,,,,,,,,,0.581
1929-12-01,,6.9621,,,,,,,,,,0.585
1930-01-01,,6.9621,,,,,,,,,,0.0
1930-02-01,,6.9352,,,,,,,,,,-0.585
1930-03-01,,6.8277,,,,,,,,,,-0.588
1930-04-01,,6.774,,,,,,,,,,0.592
1930-05-01,,6.6664,,,,,,,,,,-0.588
1930-06-01,,6.4783,,,,,,,,,,-1.754
1930-07-01,,6.1826,,,,,,,,,,-4.046
1930-08-01,,6.0482,,,,,,,,,,-4.6240000000000006
1930-09-01,,5.9406,,,,,,,,,,-4.046
1930-10-01,,5.7794,,,,,,,,,,-4.6240000000000006
1930-11-01,,5.645,,,,,,,,,,-5.202
1930-12-01,,5.5106,,,,,,,,,,-6.3950000000000005
1931-01-01,,5.4837,,,,,,,,,,-7.018000000000001
1931-02-01,,5.5106,,,,,,,,,,-7.646999999999999
1931-03-01,,5.6181,,,,,,,,,,-7.692
1931-04-01,,5.645,,,,,,,,,,-8.824
1931-05-01,,5.5643,,,,,,,,,,-9.467
1931-06-01,,5.4299,,,,,,,,,,-10.119
1931-07-01,,5.3493,,,,,,,,,,-9.036
1931-08-01,,5.1611,,,,,,,,,,-8.485
1931-09-01,,4.9192,,,,,,,,,,-9.639
1931-10-01,,4.731,,,,,,,,,,-9.697
1931-11-01,,4.6772,,,,,,,,,,-10.366
1931-12-01,,4.6504,,,,,,,,,,-9.317
1932-01-01,,4.516,,,,,,,,,,-10.063
1932-02-01,,4.4084,,,,,,,,,,-10.191
1932-03-01,,4.3547,,,,,,,,,,-10.256
1932-04-01,,4.059,,,,,,,,,,-10.323
1932-05-01,,3.9246,,,,,,,,,,-10.458
1932-06-01,,3.7902,,,,,,,,,,-9.934
1932-07-01,,3.6827,,,,,,,,,,-9.934
1932-08-01,,3.7902,,,,,,,,,,-10.596
1932-09-01,,4.0321,,,,,,,,,,-10.667
1932-10-01,,4.1665,,,,,,,,,,-10.738
1932-11-01,,4.1665,,,,,,,,,,-10.204
1932-12-01,,4.0859,,,,,,,,,,-10.274
1933-01-01,,4.0052,,,,,,,,,,-9.79
1933-02-01,,4.0321,,,,,,,,,,-9.929
1933-03-01,,3.7902,,,,,,,,,,-10.0
1933-04-01,,4.059,,,,,,,,,,-9.353
1933-05-01,,4.731,,,,,,,,,,-8.029
1933-06-01,,5.4568,,,,,,,,,,-6.618
1933-07-01,,5.9675,,,,,,,,,,-3.676
1933-08-01,,5.7256,,,,,,,,,,-2.222
1933-09-01,,5.403,,,,,,,,,,-1.493
1933-10-01,,5.1342,,,,,,,,,,-0.752
1933-11-01,,4.8385,,,,,,,,,,0.0
1933-12-01,,4.8654,,,,,,,,,,0.763
1934-01-01,,5.0267,,,,,,,,,,2.326
1934-02-01,,5.2686,,,,,,,,,,4.723999999999999
1934-03-01,,5.5106,,,,,,,,,,5.556
1934-04-01,,5.5106,,,,,,,,,,5.556
1934-05-01,,5.6181,,,,,,,,,,5.556
1934-06-01,,5.5106,,,,,,,,,,5.5120000000000005
1934-07-01,,5.1342,,,,,,,,,,2.29
1934-08-01,,5.0805,,,,,,,,,,1.515
1934-09-01,,4.7848,,,,,,,,,,3.03
1934-10-01,,4.9998,,,,,,,,,,2.273
1934-11-01,,5.0536,,,,,,,,,,2.273
1934-12-01,,5.3761,,,,,,,,,,1.515
1935-01-01,,5.8062,,,,,,,,,,3.03
1935-02-01,,5.9138,,,,,,,,,,3.008
1935-03-01,,5.8869,,,,,,,,,,3.008
1935-04-01,,5.7794,,,,,,,,,,3.759
1935-05-01,,5.7794,,,,,,,,,,3.759
1935-06-01,,5.86,,,,,,,,,,2.239
1935-07-01,,5.86,,,,,,,,,,2.239
1935-08-01,,6.075,,,,,,,,,,2.239
1935-09-01,,6.2363,,,,,,,,,,0.735
1935-10-01,,6.4245,,,,,,,,,,1.481
1935-11-01,,6.5589,,,,,,,,,,2.222
1935-12-01,,6.6395,,,,,,,,,,2.9850000000000003
1936-01-01,,6.532,,,,,,,,,,1.471
1936-02-01,,6.3707,,,,,,,,,,0.73
1936-03-01,,6.4514,,,,,,,,,,0.0
1936-04-01,,6.8546,,,,,,,,,,-0.7250000000000001
1936-05-01,,6.989,,,,,,,,,,-0.7250000000000001
1936-06-01,,7.1234,,,,,,,,,,0.73
1936-07-01,,7.2578,,,,,,,,,,1.46
1936-08-01,,7.3653,,,,,,,,,,2.19
1936-09-01,,7.4997,,,,,,,,,,2.19
1936-10-01,,7.6073,,,,,,,,,,2.19
1936-11-01,,7.8223,,,,,,,,,,1.4489999999999998
1936-12-01,,8.0642,,,,,,,,,,1.4489999999999998
1937-01-01,,8.0373,,,,,,,,,,2.174
1937-02-01,,8.1449,,,,,,,,,,2.174
1937-03-01,,8.333,,,,,,,,,,3.65
1937-04-01,,8.333,,,,,,,,,,4.38
1937-05-01,,8.3599,,,,,,,,,,5.109
1937-06-01,,8.2524,,,,,,,,,,4.348
1937-07-01,,8.3062,,,,,,,,,,4.317
1937-08-01,,8.2524,,,,,,,,,,3.571
1937-09-01,,7.9836,,,,,,,,,,4.2860000000000005
1937-10-01,,7.3922,,,,,,,,,,4.2860000000000005
1937-11-01,,6.6664,,,,,,,,,,3.571
1937-12-01,,6.075,,,,,,,,,,2.857
1938-01-01,,5.9406,,,,,,,,,,0.709
1938-02-01,,5.8869,,,,,,,,,,0.0
1938-03-01,,5.8869,,,,,,,,,,-0.7040000000000001
1938-04-01,,5.7794,,,,,,,,,,-0.699
1938-05-01,,5.645,,,,,,,,,,-2.083
1938-06-01,,5.6987,,,,,,,,,,-2.083
1938-07-01,,6.0213,,,,,,,,,,-2.759
1938-08-01,,6.3439,,,,,,,,,,-2.759
1938-09-01,,6.532,,,,,,,,,,-3.4250000000000003
1938-10-01,,6.6933,,,,,,,,,,-4.109999999999999
1938-11-01,,6.9621,,,,,,,,,,-3.4479999999999995
1938-12-01,,7.0428,,,,,,,,,,-2.778
1939-01-01,,7.0428,,,,,,,,,,-1.408
1939-02-01,,7.0965,,,,,,,,,,-1.418
1939-03-01,,7.1234,,,,,,,,,,-1.418
1939-04-01,,7.0965,,,,,,,,,,-2.817
1939-05-01,,7.0696,,,,,,,,,,-2.128
1939-06-01,,7.2309,,,,,,,,,,-2.128
1939-07-01,,7.446,,,,,,,,,,-2.128
1939-08-01,,7.5535,,,,,,,,,,-2.128
1939-09-01,,8.0105,,,,,,,,,,0.0
1939-10-01,,8.4137,,,,,,,,,,0.0
1939-11-01,,8.6287,,,,,,,,,,0.0
1939-12-01,,8.6287,,,,,,,,,,0.0
1940-01-01,,8.5212,,,,,,,,,,-0.714
1940-02-01,,8.2524,,,,,,,,,,0.719
1940-03-01,,8.0642,,,,,,,,,,0.719
1940-04-01,,8.2255,,,,,,,,,,1.4489999999999998
1940-05-01,,8.4674,,,,,,,,,,1.4489999999999998
1940-06-01,,8.7362,,,,,,,,,,2.174
1940-07-01,,8.8438,,,,,,,,,,1.4489999999999998
1940-08-01,,8.8975,,,,,,,,,,1.4489999999999998
1940-09-01,,9.0857,,,,,,,,,,-0.709
1940-10-01,,9.2201,,,,,,,,,,0.0
1940-11-01,,9.4351,,,,,,,,,,0.0
1940-12-01,,9.7577,,,,,,,,,,0.714
1941-01-01,,9.9996,,,,,,,,,,1.439
1941-02-01,,10.2953,,,,,,,,,,0.714
1941-03-01,,10.6179,,,,,,,,,,1.429
1941-04-01,,10.6448,,,,,,,,,,2.143
1941-05-01,,11.1286,,,,,,,,,,2.857
1941-06-01,,11.2093,,,,,,,,,,4.255
1941-07-01,,11.3437,,,,,,,,,,5.0
1941-08-01,,11.4781,,,,,,,,,,6.429
1941-09-01,,11.4781,,,,,,,,,,7.857
1941-10-01,,11.5856,,,,,,,,,,9.286
1941-11-01,,11.6394,,,,,,,,,,10.0
1941-12-01,,11.8275,,,,,,,,,,9.929
1942-01-01,,12.0695,,,,,,,,,,11.348
1942-02-01,,12.2845,,,,,,,,,,12.057
1942-03-01,,12.4189,,,,,,,,,,12.676000000000002
1942-04-01,,12.0695,,,,,,,,,,12.587000000000002
1942-05-01,,12.0963,,,,,,,,,,13.194
1942-06-01,,12.1232,,,,,,,,,,10.884
1942-07-01,,12.4189,,,,,,,,,,11.565
1942-08-01,,12.7952,,,,,,,,,,10.738
1942-09-01,,13.0909,,,,,,,,,,9.272
1942-10-01,,13.521,,,,,,,,,,9.15
1942-11-01,,13.8436,,,,,,,,,,9.091
1942-12-01,,14.1662,,,,,,,,,,9.032
1943-01-01,,14.3006,,,,,,,,,,7.643
1943-02-01,,14.6769,,,,,,,,,,6.962
1943-03-01,,14.7844,,,,,,,,,,7.5
1943-04-01,,14.9726,,,,,,,,,,8.075000000000001
1943-05-01,,15.0801,,,,,,,,,,7.362
1943-06-01,,14.9995,,,,,,,,,,7.362
1943-07-01,,15.4564,,,,,,,,,,6.098
1943-08-01,,15.779,,,,,,,,,,4.848
1943-09-01,,16.1822,,,,,,,,,,5.455
1943-10-01,,16.4241,,,,,,,,,,4.192
1943-11-01,,16.6392,,,,,,,,,,3.571
1943-12-01,,16.4241,,,,,,,,,,2.959
1944-01-01,,16.6123,,,,,,,,,,2.959
1944-02-01,,16.7467,,,,,,,,,,2.959
1944-03-01,,16.7198,,,,,,,,,,1.163
1944-04-01,,16.7198,,,,,,,,,,0.575
1944-05-01,,16.6123,,,,,,,,,,0.0
1944-06-01,,16.5585,,,,,,,,,,0.571
1944-07-01,,16.5317,,,,,,,,,,1.7239999999999998
1944-08-01,,16.7467,,,,,,,,,,2.3120000000000003
1944-09-01,,16.6392,,,,,,,,,,1.7239999999999998
1944-10-01,,16.693,,,,,,,,,,1.7239999999999998
1944-11-01,,16.5585,,,,,,,,,,1.7239999999999998
1944-12-01,,16.5048,,,,,,,,,,2.299
1945-01-01,,16.3435,,,,,,,,,,2.299
1945-02-01,,16.2897,,,,,,,,,,2.299
1945-03-01,,16.1822,,,,,,,,,,2.299
1945-04-01,,15.8865,,,,,,,,,,1.714
1945-05-01,,15.4564,,,,,,,,,,2.286
1945-06-01,,15.107,,,,,,,,,,2.841
1945-07-01,,14.7576,,,,,,,,,,2.26
1945-08-01,,13.2253,,,,,,,,,,2.26
1945-09-01,,12.0426,,,,,,,,,,2.26
1945-10-01,,11.5587,,,,,,,,,,2.26
1945-11-01,,11.9888,,,,,,,,,,2.26
1945-12-01,,12.0426,,,,,,,,,,2.247
1946-01-01,,11.3706,,,,,,,,,,2.247
1946-02-01,,10.8061,,,,,,,,,,1.685
1946-03-01,,11.9351,,,,,,,,,,2.809
1946-04-01,,11.72,,,,,,,,,,3.371
1946-05-01,,11.2899,,,,,,,,,,3.3520000000000003
1946-06-01,,11.9888,,,,,,,,,,3.315
1946-07-01,,12.392,,,,,,,,,,9.392
1946-08-01,,12.849,,,,,,,,,,11.602
1946-09-01,,13.0909,,,,,,,,,,12.707
1946-10-01,,13.3329,,,,,,,,,,14.917
1946-11-01,,13.4135,,,,,,,,,,17.68
1946-12-01,,13.4941,,,,,,,,,,18.132
1947-01-01,,13.6554,,,,93.767,53.861,,2182.681,15248.0,,18.132
1947-02-01,,13.7361,,,,,,1.0,,,,18.785
1947-03-01,,13.8167,,,,,,1.0,,,,19.672
1947-04-01,,13.7092,,,,92.584,54.898,1.0,2176.892,15139.0,,19.022
1947-05-01,,13.7629,,,,,,1.0,,,,18.378
1947-06-01,,13.7629,,,,,,1.0,,,,17.647
1947-07-01,,13.6823,,,,87.885,48.687,1.0,2172.432,15039.0,,12.121
1947-08-01,,13.7629,,,,,,1.0,,,,11.386
1947-09-01,,13.8705,,,,,,1.0,,,,12.745
1947-10-01,,14.0049,,,,77.928,51.312,1.0,2206.452,15204.0,,10.577
1947-11-01,,14.193,,,,,,1.0,,,,8.451
1947-12-01,,14.2468,,,,,,1.0,,,,8.837
1948-01-01,,14.3274,,,3.4,74.373,57.862,1.0,2239.682,15371.0,,10.233
1948-02-01,,14.3543,,,3.8,,,1.0,,,,9.302
1948-03-01,,14.1931,,,4.0,,,1.0,,,,6.848999999999999
1948-04-01,,14.2199,,,3.9,67.42,60.156,1.0,2276.69,15563.0,,8.676
1948-05-01,,14.4618,,,3.5,,,1.0,,,,9.132
1948-06-01,,14.65,,,3.6,,,1.0,,,,9.545
1948-07-01,,14.65,,,3.6,69.005,63.297,1.0,2289.77,15585.0,,9.91
1948-08-01,,14.5962,,,3.9,,,1.0,,,,8.889
1948-09-01,,14.4887,,,3.8,,,1.0,,,,6.522
1948-10-01,,14.5963,,,3.7,66.573,62.27,1.0,2292.364,15530.0,,6.087
1948-11-01,,14.4081,,,3.8,,,1.0,,,,4.7620000000000005
1948-12-01,,14.2737,,,4.0,,,1.0,,,,2.991
1949-01-01,,14.1393,,,4.3,74.54,60.402,1.0,2260.807,15250.0,,1.266
1949-02-01,,14.0049,,,4.7,,,1.0,,,,1.277
1949-03-01,,13.7361,,,5.0,,,1.0,,,,1.709
1949-04-01,,13.6554,,,5.3,73.902,59.521,1.0,2253.128,15137.0,,0.42
1949-05-01,,13.4673,,,6.1,,,1.0,,,,-0.418
1949-06-01,,13.4404,,,6.2,,,1.0,,,,-0.83
1949-07-01,,13.4135,,,6.7,67.729,57.095,1.0,2276.424,15228.0,,-2.869
1949-08-01,,13.5479,,,6.8,,,1.0,,,,-2.857
1949-09-01,,13.6823,,,6.6,,,1.0,,,,-2.4490000000000003
1949-10-01,,13.1716,,,7.9,58.631,57.955,1.0,2257.352,15032.0,,-2.869
1949-11-01,,13.521,,,6.4,,,0.0,,,,-1.653
1949-12-01,,13.7629,,,6.6,,,0.0,,,,-2.075
1950-01-01,,14.0049,,,6.5,57.665,59.575,0.0,2346.104,15559.0,,-2.083
1950-02-01,,14.0586,,,6.4,,,0.0,,,,-1.261
1950-03-01,,14.5156,,,6.3,,,0.0,,,,-0.84
1950-04-01,,14.9995,,,5.8,58.361,62.863,0.0,2417.682,15977.0,,-1.255
1950-05-01,,15.3489,,,5.5,,,0.0,,,,-0.42
1950-06-01,,15.8059,,,5.4,,,0.0,,,,-0.418
1950-07-01,,16.3166,,,5.0,59.875,77.573,0.0,2511.127,16524.0,,1.688
1950-08-01,,16.8274,,,4.5,,,0.0,,,,2.101
1950-09-01,,16.7198,,,4.4,,,0.0,,,,2.092
1950-10-01,,16.8273,,,4.2,64.728,77.719,0.0,2559.214,16764.0,,3.797
1950-11-01,,16.8005,,,4.2,,,0.0,,,,3.782
1950-12-01,,17.0962,,,4.3,,,0.0,,,,5.932
1951-01-01,,17.1499,,,3.7,67.963,77.724,0.0,2593.967,16922.0,,8.085
1951-02-01,,17.2575,,,3.4,,,0.0,,,,9.362
1951-03-01,,17.3381,,,3.4,,,0.0,,,,9.322
1951-04-01,,17.365,,,3.1,74.651,75.148,0.0,2638.898,17147.0,,9.322
1951-05-01,,17.3112,,,3.0,,,0.0,,,,9.283
1951-06-01,,17.2306,,,3.2,,,0.0,,,,8.824
1951-07-01,,16.9618,,,3.1,76.485,68.784,0.0,2693.259,17420.0,,7.469
1951-08-01,,16.8005,,,3.1,,,1.0,,,,6.584
1951-09-01,,16.908,,,3.3,,,1.0,,,,6.967
1951-10-01,,16.8811,,,3.5,75.767,66.985,1.0,2699.156,17375.0,,6.504
1951-11-01,,17.0155,,,3.5,,,1.0,,,,6.883
1951-12-01,,17.123,,,3.1,,,1.0,,,,6.0
1952-01-01,,17.3112,,,3.2,79.8,74.757,1.0,2727.954,17490.0,,4.331
1952-02-01,,17.4187,,,3.1,,,1.0,,,,2.335
1952-03-01,,17.4725,,,2.9,,,1.0,,,,1.938
1952-04-01,,17.3112,,,2.9,71.028,74.371,1.0,2733.8,17459.0,,2.326
1952-05-01,,17.1499,,,3.0,,,1.0,,,,1.931
1952-06-01,,16.9886,,,3.0,,,1.0,,,,2.317
1952-07-01,,16.7198,,,3.2,65.418,78.921,1.0,2753.517,17509.0,,3.089
1952-08-01,,17.7951,,,3.4,,,1.0,,,,3.089
1952-09-01,,18.4402,,,3.1,,,1.0,,,,2.299
1952-10-01,,18.6284,,,3.0,65.866,85.997,1.0,2843.941,18001.0,,1.908
1952-11-01,,19.0047,,,2.8,,,1.0,,,86.2,1.136
1952-12-01,,19.1122,,,2.7,,,1.0,,,,0.755
1953-01-01,,19.166,,,2.9,64.752,83.877,1.0,2896.811,18268.0,,0.377
1953-02-01,,19.2735,,,2.6,,,1.0,,,90.7,0.76
1953-03-01,,19.4348,,,2.6,,,1.0,,,,1.141
1953-04-01,,19.5154,,,2.7,65.156,88.227,1.0,2919.206,18341.0,,0.758
1953-05-01,,19.6229,,,2.5,,,1.0,,,,1.136
1953-06-01,,19.5423,,,2.5,,,1.0,,,,1.132
1953-07-01,,19.7842,,,2.6,67.767,87.891,1.0,2902.785,18155.0,,0.375
1953-08-01,,19.6767,,,2.7,,,1.0,,,80.8,0.749
1953-09-01,,19.2735,,,2.9,,,1.0,,,,0.749
1953-10-01,,19.1122,,,3.1,65.534,83.568,1.0,2858.845,17797.0,,1.124
1953-11-01,,18.6553,,,3.5,,,1.0,,,80.7,0.749
1953-12-01,,18.1983,,,4.5,,,1.0,,,,0.749
1954-01-01,,18.0639,,,4.9,62.595,78.742,1.0,2845.192,17636.0,,1.128
1954-02-01,,18.1176,,,5.2,,,1.0,,,82.0,1.509
1954-03-01,,18.0101,,,5.7,,,1.0,,,,1.128
1954-04-01,,17.9026,,,5.9,71.588,85.824,1.0,2848.305,17584.0,,0.752
1954-05-01,,18.0101,,,5.9,,,1.0,,,82.9,0.749
1954-06-01,,18.0639,,,5.6,,,1.0,,,,0.373
1954-07-01,,18.0907,,,5.8,69.288,80.647,0.0,2880.482,17701.0,,0.373
1954-08-01,,18.0639,,,6.0,,,0.0,,,,0.0
1954-09-01,,18.0908,,,6.1,,,0.0,,,,-0.372
1954-10-01,,18.3058,,,5.7,72.479,81.412,0.0,2936.852,17960.0,,-0.741
1954-11-01,,18.6015,,,5.3,,,0.0,,,87.0,-0.372
1954-12-01,,18.8434,,,5.0,,,0.0,,,,-0.743
1955-01-01,,19.2735,,,4.9,75.172,86.223,0.0,3020.746,18396.0,,-0.743
1955-02-01,,19.5154,,,4.7,,,0.0,,,95.9,-0.743
1955-03-01,,19.9724,,,4.6,,,0.0,,,,-0.743
1955-04-01,,20.2143,,,4.7,73.419,91.112,0.0,3069.91,18621.0,,-0.373
1955-05-01,,20.5369,,,4.3,,,0.0,,,99.1,-0.743
1955-06-01,,20.5638,,,4.2,,,0.0,,,,-0.743
1955-07-01,,20.7251,,,4.0,78.238,92.645,0.0,3111.379,18787.0,,-0.372
1955-08-01,,20.6982,,,4.2,,,0.0,,,,-0.372
1955-09-01,,20.8326,,,4.1,,,1.0,,,,0.373
1955-10-01,,21.182,,,4.3,78.59,96.002,1.0,3130.068,18808.0,,0.373
1955-11-01,,21.2358,,,4.2,,,1.0,,,99.7,0.373
1955-12-01,,21.3164,,,4.2,,,1.0,,,,0.375
1956-01-01,,21.4508,,,4.0,82.321,100.032,1.0,3117.922,18658.0,,0.375
1956-02-01,,21.2627,,,3.9,,,1.0,,,,0.375
1956-03-01,,21.2627,,,4.2,,,1.0,,,,0.375
1956-04-01,,21.424,,,4.0,87.867,99.511,1.0,3143.694,18736.0,,0.749
1956-05-01,,21.2358,,,4.3,,,1.0,,,98.2,1.124
1956-06-01,,21.0476,,,4.3,,,1.0,,,,1.873
1956-07-01,,20.4025,,,4.4,90.792,100.376,1.0,3140.874,18632.0,,2.239
1956-08-01,,21.2358,,,4.1,,,1.0,,,99.9,1.866
1956-09-01,,21.7197,,,3.9,,,1.0,,,,1.859
1956-10-01,,21.9078,,,3.9,94.86,95.771,1.0,3192.57,18845.0,,2.23
1956-11-01,,21.7197,,,4.3,,,1.0,,,100.2,2.23
1956-12-01,,22.0422,,,4.2,,,1.0,,,,2.9850000000000003
1957-01-01,,21.9616,,,4.2,101.041,103.391,1.0,3213.011,18881.0,,2.9850000000000003
1957-02-01,,22.1766,,,3.9,,,1.0,,,,3.358
1957-03-01,,22.1498,,,3.7,,,1.0,,,,3.731
1957-04-01,,21.8541,,,3.9,98.048,104.198,1.0,3205.97,18763.0,,3.717
1957-05-01,,21.7734,,,4.1,,,1.0,,,92.9,3.704
1957-06-01,,21.8272,,,4.3,,,1.0,,,,3.309
1957-07-01,,21.9616,,,4.2,95.307,102.186,1.0,3237.386,18862.0,,3.285
1957-08-01,,21.9616,,,4.1,,,1.0,,,,3.663
1957-09-01,,21.7734,,,4.4,,,1.0,,,,3.285
1957-10-01,,21.4508,,,4.5,92.467,102.531,1.0,3203.894,18582.0,,2.9090000000000003
1957-11-01,,20.9401,,,5.1,,,1.0,,,83.7,3.273
1957-12-01,,20.5369,,,5.2,,,1.0,,,,2.899
1958-01-01,,20.1606,,,5.8,83.302,104.048,1.0,3120.724,18032.0,,3.623
1958-02-01,,19.7305,,,6.4,,,1.0,,,78.5,3.249
1958-03-01,,19.4885,,,6.7,,,1.0,,,,3.5970000000000004
1958-04-01,,19.166,,,7.4,83.692,108.497,1.0,3141.224,18081.0,,3.584
1958-05-01,,19.3541,,,7.4,,,0.0,,,80.9,3.2140000000000004
1958-06-01,,19.8649,,,7.3,,,0.0,,,,2.847
1958-07-01,,20.1606,,,7.5,83.936,106.863,0.0,3213.884,18419.0,,2.473
1958-08-01,,20.5638,,,7.4,,,0.0,,,,2.12
1958-09-01,,20.752,,,7.1,,,0.0,,,,2.12
1958-10-01,,20.9939,,,6.7,83.634,112.484,0.0,3289.032,18764.0,,2.12
1958-11-01,,21.6121,,,6.2,,,0.0,,,90.8,2.113
1958-12-01,,21.639,,,6.2,,,0.0,,,,1.761
1959-01-01,,21.9616,,,6.0,89.697,115.44,0.0,3352.129,19041.0,,1.399
1959-02-01,,22.3917,,,5.9,,,0.0,,,,1.049
1959-03-01,,22.7142,,,5.6,,,0.0,,,,0.347
1959-04-01,,23.1981,,,5.2,88.981,121.057,0.0,3427.667,19395.0,,0.346
1959-05-01,,23.5476,,,5.1,,,0.0,,,95.3,0.346
1959-06-01,,23.5744,,,5.0,,,1.0,,,,0.692
1959-07-01,,23.0099,,,5.1,97.562,122.212,1.0,3430.057,19326.0,,0.69
1959-08-01,,22.2304,,,5.2,,,1.0,,,,1.038
1959-09-01,,22.2035,,,5.5,,,1.0,,,,1.384
1959-10-01,,22.0422,,,5.7,92.734,119.109,1.0,3439.832,19296.0,,1.73
1959-11-01,,22.1766,,,5.8,,,1.0,,,93.8,1.379
1959-12-01,,23.5475,,,5.3,,,1.0,,,,1.73
1960-01-01,,24.1658,,1.45797598627791,5.2,104.686,123.608,1.0,3517.181,19614.0,,1.034
1960-02-01,,23.9508,,,4.8,,,1.0,,,100.0,1.73
1960-03-01,,23.7357,,,5.4,,,1.0,,,,1.73
1960-04-01,,23.5476,,,5.2,107.689,124.527,1.0,3498.246,19392.0,,1.7239999999999998
1960-05-01,,23.5207,,,5.1,,,1.0,,,93.3,1.7239999999999998
1960-06-01,,23.225,,,5.4,,,1.0,,,,1.718
1960-07-01,,23.1443,,,5.5,110.036,120.857,1.0,3515.385,19390.0,,1.37
1960-08-01,,23.1175,,,5.6,,,1.0,,,97.2,1.37
1960-09-01,,22.8755,,,5.5,,,1.0,,,,1.024
1960-10-01,,22.8487,,,6.1,110.622,115.156,1.0,3470.278,19065.0,,1.361
1960-11-01,,22.5261,,,6.1,,,1.0,,,90.1,1.361
1960-12-01,,22.096,,,6.6,,,1.0,,,,1.361
1961-01-01,,22.1229,,1.07072414764724,6.6,109.861,114.599,1.0,3493.703,19130.0,,1.706
1961-02-01,,22.096,,,6.9,,,1.0,,,91.6,1.361
1961-03-01,,22.2304,,,6.9,,,0.0,,,,1.361
1961-04-01,,22.6874,,,7.0,104.748,115.998,0.0,3553.021,19380.0,,1.017
1961-05-01,,23.0368,,,7.1,,,0.0,,,92.5,1.017
1961-06-01,,23.3594,,,6.9,,,0.0,,,,0.676
1961-07-01,,23.6282,,,7.0,109.482,123.682,0.0,3621.252,19670.0,,1.351
1961-08-01,,23.8432,,,6.6,,,0.0,,,99.2,1.014
1961-09-01,,23.8164,,,6.7,,,0.0,,,,1.351
1961-10-01,,24.2733,,,6.5,111.267,126.623,0.0,3692.289,19970.0,,0.6709999999999999
1961-11-01,,24.6497,,,6.1,,,0.0,,,93.0,0.6709999999999999
1961-12-01,,24.8647,,,6.0,,,0.0,,,,0.6709999999999999
1962-01-01,,24.6496,,1.19877334820186,5.8,110.613,130.476,0.0,3758.147,20254.0,,0.6709999999999999
1962-02-01,,25.0529,,,5.5,,,0.0,,,99.9,1.007
1962-03-01,,25.1873,,,5.6,,,1.0,,,,1.007
1962-04-01,,25.241,,,5.6,116.97,133.323,1.0,3792.149,20366.0,,1.342
1962-05-01,,25.2141,,,5.5,,,1.0,,,95.4,1.342
1962-06-01,,25.1604,,,5.5,,,1.0,,,,1.342
1962-07-01,,25.4023,,,5.4,116.765,135.014,1.0,3838.776,20536.0,,1.0
1962-08-01,,25.4292,,,5.7,,,1.0,,,91.6,1.338
1962-09-01,,25.5905,,,5.6,,,1.0,,,,1.333
1962-10-01,,25.6174,,,5.4,112.988,136.664,1.0,3851.421,20521.0,,1.333
1962-11-01,,25.7249,,,5.7,,,1.0,,,95.0,1.333
1962-12-01,,25.7249,,,5.5,,,1.0,,,,1.333
1963-01-01,,25.913,,1.23966942148753,5.7,114.704,133.501,1.0,3893.482,20677.0,,1.333
1963-02-01,,26.2088,,,5.9,,,1.0,,,98.4,0.997
1963-03-01,,26.37,,,5.7,,,1.0,,,,1.329
1963-04-01,,26.612,,,5.7,123.873,136.644,0.0,3937.183,20842.0,,0.993
1963-05-01,,26.9345,,,5.9,,,0.0,,,91.7,0.993
1963-06-01,,27.0152,,,5.6,,,0.0,,,,1.325
1963-07-01,,26.9076,,,5.6,123.253,140.113,0.0,4023.755,21219.0,,1.32
1963-08-01,,26.9614,,,5.4,,,0.0,,,96.4,1.32
1963-09-01,,27.2302,,,5.5,,,0.0,,,,0.987
1963-10-01,,27.4184,,,5.5,128.07,139.654,0.0,4050.147,21276.0,,1.316
1963-11-01,,27.5528,,,5.7,,,0.0,,,94.4,1.316
1963-12-01,,27.499,,,5.5,,,0.0,,,,1.645
1964-01-01,,27.7409,,1.27891156462591,5.6,134.547,139.523,0.0,4135.553,21657.0,,1.645
1964-02-01,,27.9291,,,5.4,,,0.0,,,99.5,1.645
1964-03-01,,27.9291,,,5.4,,,0.0,,,,1.311
1964-04-01,,28.3861,,,5.3,133.998,142.663,0.0,4180.592,21824.0,,1.311
1964-05-01,,28.5474,,,5.1,,,0.0,,,98.5,1.311
1964-06-01,,28.628,,,5.2,,,0.0,,,,1.307
1964-07-01,,28.8162,,,4.9,138.193,146.492,0.0,4245.918,22085.0,,1.303
1964-08-01,,29.0043,,,5.0,,,0.0,,,100.6,0.977
1964-09-01,,29.1119,,,5.1,,,0.0,,,,1.303
1964-10-01,,28.7087,,,5.1,140.975,150.454,0.0,4259.046,22075.0,,0.974
1964-11-01,,29.5957,,,4.8,,,0.0,,,99.9,1.299
1964-12-01,,29.9452,,,5.0,,,0.0,,,,0.971
1965-01-01,,30.2677,,1.58516926383662,4.9,124.567,145.038,0.0,4362.111,22547.0,,0.971
1965-02-01,,30.4559,,,5.1,,,0.0,,,102.0,0.971
1965-03-01,,30.8591,,,4.7,,,0.0,,,,1.294
1965-04-01,,30.9935,,,4.8,145.419,162.154,0.0,4417.225,22770.0,,1.618
1965-05-01,,31.2354,,,4.6,,,0.0,,,105.4,1.618
1965-06-01,,31.4774,,,4.6,,,0.0,,,,1.935
1965-07-01,,31.7731,,,4.4,142.188,162.819,0.0,4515.427,23198.0,,1.608
1965-08-01,,31.9075,,,4.4,,,0.0,,,103.4,1.935
1965-09-01,,31.9881,,,4.3,,,0.0,,,,1.608
1965-10-01,,32.3107,,,4.2,150.878,170.763,0.0,4619.458,23656.0,,1.9290000000000005
1965-11-01,,32.4451,,,4.1,,,0.0,,,102.9,1.603
1965-12-01,,32.8483,,,4.0,,,0.0,,,,1.923
1966-01-01,,33.1709,,3.0150753768844,4.0,147.16,175.164,0.0,4731.888,24172.0,,1.923
1966-02-01,,33.3859,,,3.8,,,0.0,,,100.0,2.564
1966-03-01,,33.8429,,,3.8,,,1.0,,,,2.556
1966-04-01,,33.8967,,,3.8,151.583,179.52,1.0,4748.046,24191.0,,2.866
1966-05-01,,34.2192,,,3.9,,,1.0,,,95.7,2.866
1966-06-01,,34.3805,,,3.8,,,1.0,,,,2.532
1966-07-01,,34.5687,,,3.8,149.771,189.589,1.0,4788.254,24321.0,,2.848
1966-08-01,,34.5955,,,3.8,,,1.0,,,91.2,3.481
1966-09-01,,34.9181,,,3.7,,,1.0,,,,3.481
1966-10-01,,35.16,,,3.7,153.495,191.724,1.0,4827.537,24446.0,,3.785
1966-11-01,,34.9181,,,3.6,,,1.0,,,88.3,3.785
1966-12-01,,34.9987,,,3.8,,,1.0,,,,3.459
1967-01-01,,35.1638,,2.77278562259309,3.9,155.38,194.717,1.0,4870.299,24602.0,,3.459
1967-02-01,,34.765,,,3.8,,,1.0,,,94.1,2.812
1967-03-01,,34.5691,,,3.8,,,1.0,,,,2.804
1967-04-01,,34.8951,,,3.8,153.314,193.17,1.0,4873.287,24556.0,,2.477
1967-05-01,,34.5907,,,3.8,,,1.0,,,95.9,2.786
1967-06-01,,34.5863,,,3.9,,,1.0,,,,2.778
1967-07-01,,34.5076,,,3.8,152.084,195.707,1.0,4919.392,24719.0,,2.769
1967-08-01,,35.1687,,,3.8,,,1.0,,,97.0,2.446
1967-09-01,,35.1116,,,3.8,,,1.0,,,,2.752
1967-10-01,,35.3976,,,4.0,154.952,206.028,0.0,4956.477,24836.0,,2.432
1967-11-01,,35.9038,,,3.9,,,0.0,,,92.9,2.736
1967-12-01,,36.2905,,,3.8,,,0.0,,,,3.04
1968-01-01,,36.2514,,4.27179615288537,3.7,159.305,218.167,0.0,5057.553,25288.0,,3.647
1968-02-01,,36.3813,,,3.8,,,0.0,,,97.2,3.951000000000001
1968-03-01,,36.4949,,,3.7,,,0.0,,,,3.939
1968-04-01,,36.5477,,,3.5,161.97,221.494,0.0,5142.033,25652.0,,3.927
1968-05-01,,36.9577,,,3.5,,,0.0,,,92.4,3.916
1968-06-01,,37.0934,,,3.7,,,0.0,,,,4.204
1968-07-01,,37.0366,,,3.7,173.487,234.806,0.0,5181.859,25781.0,,4.491
1968-08-01,,37.1399,,,3.5,,,0.0,,,92.4,4.478
1968-09-01,,37.2806,,,3.4,,,0.0,,,,4.464
1968-10-01,,37.3546,,,3.4,169.631,232.828,0.0,5202.212,25813.0,,4.748
1968-11-01,,37.8378,,,3.4,,,0.0,,,91.7,4.734
1968-12-01,,37.9573,,,3.4,,,0.0,,,,4.72
1969-01-01,,38.1869,,5.46238620028745,3.4,149.913,210.867,0.0,5283.597,26162.0,,4.399
1969-02-01,,38.4313,,,3.4,,,0.0,,,98.2,4.678
1969-03-01,,38.7326,,,3.4,,,1.0,,,,5.248
1969-04-01,,38.5901,,,3.4,182.766,252.469,1.0,5299.625,26181.0,,5.523
1969-05-01,,38.4443,,,3.4,,,1.0,,,91.5,5.507
1969-06-01,,38.8198,,,3.5,,,1.0,,,,5.476
1969-07-01,,39.0248,,,3.5,179.708,249.198,1.0,5334.6,26281.0,,5.444
1969-08-01,,39.1145,,,3.5,,,1.0,,,86.4,5.714
1969-09-01,,39.1057,,,3.7,,,1.0,,,,5.698
1969-10-01,,39.1171,,,3.7,184.409,246.46,1.0,5308.556,26076.0,,5.666
1969-11-01,,38.7484,,,3.5,,,1.0,,,79.7,5.932
1969-12-01,,38.6444,,,3.5,,,1.0,,,,6.197
1970-01-01,,37.9288,,5.83825533848251,3.9,186.842,245.653,1.0,5300.652,25973.0,,6.18
1970-02-01,,37.9038,,,4.2,,,1.0,,,78.1,6.145
1970-03-01,,37.8546,,,4.4,,,1.0,,,,5.817
1970-04-01,,37.7573,,,4.6,194.082,250.508,1.0,5308.164,25929.0,,6.061
1970-05-01,,37.7133,,,4.8,,,1.0,,,75.4,6.0440000000000005
1970-06-01,,37.5913,,,4.9,,,1.0,,,,6.010999999999999
1970-07-01,,37.6836,,,5.0,194.859,249.933,1.0,5357.077,26079.0,,5.978
1970-08-01,,37.6164,,,5.1,,,1.0,,,77.6,5.405
1970-09-01,,37.3571,,,5.4,,,1.0,,,,5.66
1970-10-01,,36.6098,,,5.5,195.263,253.809,1.0,5299.672,25710.0,,5.63
1970-11-01,,36.3881,,,5.9,,,1.0,,,72.4,5.6000000000000005
1970-12-01,,37.2237,,,6.1,,,0.0,,,,5.57
1971-01-01,,37.5101,,4.29276668813051,5.9,197.046,250.817,0.0,5443.619,26328.0,,5.291
1971-02-01,,37.4386,,,5.9,,,0.0,,,78.1,5.0
1971-03-01,,37.398,,,6.0,,,0.0,,,,4.712000000000001
1971-04-01,,37.608,,,5.9,195.588,269.738,0.0,5473.059,26394.0,,4.156
1971-05-01,,37.7989,,,5.9,,,0.0,,,80.2,4.404
1971-06-01,,37.9574,,,5.9,,,0.0,,,,4.639
1971-07-01,,37.8472,,,6.0,205.365,275.701,0.0,5518.072,26529.0,,4.359
1971-08-01,,37.6276,,,6.1,,,0.0,,,82.1,4.614999999999999
1971-09-01,,38.2391,,,6.0,,,0.0,,,,4.082
1971-10-01,,38.5253,,,5.8,186.407,257.013,0.0,5531.032,26510.0,,3.807
1971-11-01,,38.6888,,,6.0,,,0.0,,,82.0,3.283
1971-12-01,,39.1355,,,6.0,,,0.0,,,,3.266
1972-01-01,,40.0728,,3.27227824655283,5.8,207.596,294.575,0.0,5632.649,26932.0,,3.266
1972-02-01,,40.4789,,,5.7,,,0.0,,,92.8,3.5090000000000003
1972-03-01,,40.761,,,5.8,,,0.0,,,,3.5000000000000004
1972-04-01,,41.1654,,,5.7,201.538,284.109,0.0,5760.47,27478.0,,3.491
1972-05-01,,41.1693,,,5.7,,,0.0,,,88.6,3.2259999999999995
1972-06-01,,41.2778,,,5.7,,,0.0,,,,2.709
1972-07-01,,41.2389,,,5.6,213.689,290.022,0.0,5814.854,27666.0,,2.948
1972-08-01,,41.805,,,5.6,,,0.0,,,95.2,2.941
1972-09-01,,42.1288,,,5.5,,,0.0,,,,3.186
1972-10-01,,42.6703,,,5.6,222.725,303.087,0.0,5912.22,28055.0,,3.423
1972-11-01,,43.1755,,,5.3,,,0.0,,,90.7,3.667
1972-12-01,,43.6617,,,5.2,,,0.0,,,,3.406
1973-01-01,,43.9783,,6.17776006377038,4.9,239.018,317.093,0.0,6058.544,28687.0,,3.65
1973-02-01,,44.6103,,,5.0,,,0.0,,,81.9,3.874
1973-03-01,,44.6294,,,4.9,,,0.0,,,,4.589
1973-04-01,,44.568,,,5.0,250.533,307.953,0.0,6124.506,28935.0,,5.06
1973-05-01,,44.8608,,,4.9,,,1.0,,,77.0,5.529
1973-06-01,,44.9186,,,4.9,,,1.0,,,,5.995
1973-07-01,,45.085,,,4.8,251.377,299.446,1.0,6092.301,28711.0,,5.728
1973-08-01,,45.0221,,,4.8,,,1.0,,,72.0,7.381
1973-09-01,,45.3801,,,4.8,,,1.0,,,,7.363
1973-10-01,,45.7462,,,4.6,263.743,301.679,1.0,6150.131,28913.0,,7.800999999999999
1973-11-01,,45.9548,,,4.8,,,1.0,,,76.5,8.254999999999999
1973-12-01,,45.8252,,,4.9,,,1.0,,,,8.706
1974-01-01,,45.5207,,11.0548048048048,5.1,267.163,291.445,1.0,6097.258,28606.0,,9.39
1974-02-01,,45.3825,,,5.2,,,1.0,,,61.8,10.023
1974-03-01,,45.3798,,,5.1,,,1.0,,,,10.393
1974-04-01,,45.247,,,5.1,280.191,306.886,1.0,6111.751,28613.0,,10.092
1974-05-01,,45.6083,,,5.1,,,1.0,,,72.1,10.706
1974-06-01,,45.5216,,,5.4,,,1.0,,,,10.86
1974-07-01,,45.6136,,,5.5,265.095,301.525,1.0,6053.978,28270.0,,11.512
1974-08-01,,45.1303,,,5.5,,,1.0,,,64.4,10.865
1974-09-01,,45.1377,,,5.9,,,1.0,,,,11.947
1974-10-01,,44.995,,,6.0,272.02,298.537,1.0,6030.464,28088.0,,12.061
1974-11-01,,43.5148,,,6.6,,,1.0,,,59.5,12.2
1974-12-01,,41.9503,,,7.2,,,1.0,,,,12.338
1975-01-01,,41.3689,,9.14314686496535,8.1,273.917,268.587,1.0,5957.035,27690.0,,11.803
1975-02-01,,40.4252,,,8.1,,,1.0,,,57.6,11.229
1975-03-01,,39.9804,,,8.6,,,1.0,,,,10.251
1975-04-01,,40.0572,,,8.8,265.932,247.093,1.0,5999.61,27821.0,,10.208
1975-05-01,,39.9402,,,9.0,,,0.0,,,72.8,9.465
1975-06-01,,40.1927,,,8.8,,,0.0,,,,9.388
1975-07-01,,40.6115,,,8.6,261.446,267.626,0.0,6102.326,28214.0,,9.717
1975-08-01,,41.0114,,,8.4,,,0.0,,,75.7,8.6
1975-09-01,,41.5422,,,8.4,,,0.0,,,,7.904999999999999
1975-10-01,,41.7224,,,8.4,276.228,281.895,0.0,6184.53,28520.0,,7.436
1975-11-01,,41.7797,,,8.3,,,0.0,,,75.6,7.379
1975-12-01,,42.3462,,,8.2,,,0.0,,,,6.936000000000001
1976-01-01,,42.9082,,5.74481263549085,7.9,274.321,299.528,0.0,6323.649,29099.0,,6.718
1976-02-01,,43.3407,,,7.7,,,0.0,,,84.6,6.286
1976-03-01,,43.4281,,,7.6,,,0.0,,,,6.072
1976-04-01,,43.6518,,,7.7,277.087,312.507,0.0,6370.025,29250.0,,6.049
1976-05-01,,43.8315,,,7.4,,,0.0,,,83.3,6.203
1976-06-01,,43.8775,0.8,,7.6,,,0.0,,,,5.970000000000001
1976-07-01,,44.1248,0.98,,7.8,285.137,325.3,0.0,6404.895,29335.0,,5.351
1976-08-01,,44.4262,1.14,,7.8,,,0.0,,,89.7,5.7090000000000005
1976-09-01,,44.5711,1.18,,7.6,,,0.0,,,,5.495
1976-10-01,,44.56,1.43,,7.7,288.03,336.15,0.0,6451.177,29469.0,,5.464
1976-11-01,,45.2454,1.48,,7.8,,,0.0,,,87.0,4.882000000000001
1976-12-01,,45.731,1.49,,7.8,,,0.0,,,,4.865
1977-01-01,,45.4156,1.31,6.5016839947284,7.5,283.395,351.879,0.0,6527.703,29749.0,,5.216
1977-02-01,,46.1358,1.3,,7.6,,,0.0,,,87.1,5.914
1977-03-01,,46.7158,1.37,,7.4,,,0.0,,,,6.44
1977-04-01,,47.1719,1.41,,7.2,291.032,355.215,0.0,6654.466,30254.0,,6.952
1977-05-01,,47.541,1.2,,7.0,,,0.0,,,90.2,6.726
1977-06-01,,47.9063,1.15,,7.2,,,0.0,,,,6.866
1977-07-01,,47.9714,1.06,,6.9,293.29,350.314,0.0,6774.457,30713.0,,6.83
1977-08-01,,48.0157,0.79,,7.0,,,0.0,,,89.0,6.619999999999999
1977-09-01,,48.2097,0.63,,6.8,,,0.0,,,,6.597
1977-10-01,,48.2839,0.42,,6.8,283.887,355.295,0.0,6774.592,30626.0,,6.39
1977-11-01,,48.3755,0.43,,6.8,,,0.0,,,84.4,6.723999999999999
1977-12-01,,48.4573,0.51,,6.4,,,0.0,,,,6.701
1978-01-01,,47.7512,0.47,7.63096383885606,6.4,290.59,379.1,0.0,6796.26,30653.0,83.7,6.837999999999999
1978-02-01,,48.0098,0.47,,6.3,,,0.0,,,84.3,6.43
1978-03-01,,48.9358,0.46,,6.3,,,0.0,,,78.8,6.555
1978-04-01,,49.9074,0.41,,6.1,320.884,380.28,0.0,7058.92,31757.0,81.6,6.5
1978-05-01,,50.1513,0.34,,6.0,,,0.0,,,82.9,6.965000000000001
1978-06-01,,50.4751,0.22,,5.9,,,0.0,,,80.0,7.414
1978-07-01,,50.4371,0.15,,6.2,324.405,385.238,0.0,7129.915,31982.0,82.4,7.704999999999999
1978-08-01,,50.6393,0.04,,5.9,,,0.0,,,78.4,7.843
1978-09-01,,50.7631,-0.15,,6.0,,,0.0,,,80.4,8.306
1978-10-01,,51.1523,-0.21,,5.8,337.281,390.525,0.0,7225.75,32318.0,79.3,8.929
1978-11-01,,51.5456,-0.62,,5.9,,,1.0,,,75.0,8.885
1978-12-01,,51.806,-0.71,,6.0,,,1.0,,,66.1,9.018
1979-01-01,,51.525,-0.76,11.2544711292795,5.9,337.545,389.471,1.0,7238.727,32294.0,72.1,9.28
1979-02-01,,51.778,-0.62,,5.9,,,1.0,,,73.9,9.857
1979-03-01,,51.9382,-0.67,,5.8,,,1.0,,,68.4,10.095
1979-04-01,,51.3251,-0.6,,5.8,338.425,391.58,1.0,7246.454,32244.0,66.0,10.485
1979-05-01,,51.7782,-0.53,,5.6,,,1.0,,,68.1,10.853
1979-06-01,,51.7865,-0.31,,5.7,,,1.0,,,65.8,10.89
1979-07-01,,51.7029,-0.19,,5.7,350.604,385.603,1.0,7300.281,32386.0,60.4,11.263
1979-08-01,,51.3658,-0.43,,6.0,,,1.0,,,64.5,11.818
1979-09-01,,51.3623,-0.72,,5.9,,,1.0,,,66.7,12.18
1979-10-01,,51.7175,-1.19,,6.0,372.664,394.013,1.0,7318.535,32366.0,62.1,12.072
1979-11-01,,51.6341,-1.16,,5.9,,,1.0,,,63.3,12.611
1979-12-01,,51.6694,-1.0,,6.0,,,1.0,,,61.0,13.294
1980-01-01,,51.944,-0.7,13.5492019749684,6.3,383.064,394.279,1.0,7341.557,32377.0,67.0,13.909
1980-02-01,,51.9633,-1.0,,6.3,,,1.0,,,66.9,14.182
1980-03-01,,51.7454,-2.14,,6.3,,,1.0,,,56.5,14.756
1980-04-01,,50.7197,-1.03,,6.9,390.286,365.647,1.0,7190.289,31621.0,52.7,14.731
1980-05-01,,49.4766,0.73,,7.5,,,1.0,,,51.7,14.406
1980-06-01,,48.8383,1.05,,7.6,,,1.0,,,58.7,14.385
1980-07-01,,48.4907,1.22,,7.8,389.455,339.334,1.0,7181.743,31489.0,62.3,13.133
1980-08-01,,48.6456,0.57,,7.7,,,1.0,,,67.3,12.873
1980-09-01,,49.4578,-0.07,,7.5,,,1.0,,,73.7,12.601
1980-10-01,,50.0861,-0.34,,7.5,387.096,357.53,1.0,7315.677,31990.0,75.0,12.766
1980-11-01,,50.9209,-0.83,,7.5,,,1.0,,,76.7,12.648
1980-12-01,,51.257,-1.23,,7.2,,,1.0,,,64.5,12.516
1981-01-01,,50.9328,-0.69,10.3347153402771,7.5,394.376,372.79,1.0,7459.022,32550.0,71.4,11.825
1981-02-01,,50.7237,-0.72,,7.4,,,1.0,,,66.9,11.407
1981-03-01,,50.9806,-0.45,,7.4,,,1.0,,,66.5,10.487
1981-04-01,,50.7661,-0.47,,7.2,396.508,373.341,1.0,7403.745,32236.0,72.4,10.0
1981-05-01,,51.0552,-1.36,,7.5,,,1.0,,,76.3,9.78
1981-06-01,,51.3214,-1.03,,7.5,,,1.0,,,73.1,9.553
1981-07-01,,51.6555,-1.07,,7.2,388.061,369.067,1.0,7492.405,32533.0,74.1,10.762
1981-08-01,,51.5903,-1.35,,7.4,,,1.0,,,77.2,10.804
1981-09-01,,51.3429,-1.13,,7.6,,,1.0,,,73.1,10.952
1981-10-01,,50.9463,-0.39,,7.9,389.842,379.634,1.0,7410.768,32095.0,70.3,10.142
1981-11-01,,50.3546,0.51,,8.3,,,1.0,,,62.5,9.591
1981-12-01,,49.8086,0.43,,8.5,,,1.0,,,64.3,8.921999999999999
1982-01-01,,48.7877,0.03,6.13142700027493,8.6,372.923,368.793,1.0,7295.631,31529.0,71.0,8.391
1982-02-01,,49.7839,-0.4,,8.9,,,1.0,,,66.5,7.622
1982-03-01,,49.4477,-0.33,,9.0,,,1.0,,,62.0,6.78
1982-04-01,,48.9913,-0.33,,9.3,375.148,362.754,1.0,7328.912,31603.0,65.5,6.510000000000001
1982-05-01,,48.6669,-0.15,,9.4,,,1.0,,,67.5,6.682
1982-06-01,,48.5415,-0.17,,9.6,,,1.0,,,65.7,7.063999999999999
1982-07-01,,48.3775,0.15,,9.8,358.512,379.579,1.0,7300.896,31402.0,65.4,6.441
1982-08-01,,47.9382,0.73,,9.8,,,1.0,,,65.4,5.8500000000000005
1982-09-01,,47.8139,0.56,,10.1,,,1.0,,,69.3,5.043
1982-10-01,,47.3575,0.72,,10.4,342.083,364.681,1.0,7303.817,31337.0,73.4,5.139
1982-11-01,,47.2078,0.75,,10.8,,,1.0,,,72.1,4.589
1982-12-01,,46.8713,0.88,,10.8,,,0.0,,,71.9,3.83
1983-01-01,,47.7398,1.13,3.21243523316065,10.4,347.601,373.039,0.0,7400.066,31686.0,70.4,3.712
1983-02-01,,47.4484,1.09,,10.4,,,0.0,,,74.6,3.488
1983-03-01,,47.8426,0.85,,10.3,,,0.0,,,80.8,3.598
1983-04-01,,48.4483,0.83,,10.2,348.641,401.723,0.0,7568.456,32340.0,89.1,3.899
1983-05-01,,48.747,0.89,,10.1,,,0.0,,,93.3,3.549
1983-06-01,,49.0434,0.67,,10.1,,,0.0,,,92.2,2.577
1983-07-01,,49.7739,0.69,,9.4,353.882,433.017,0.0,7719.746,32906.0,92.8,2.462
1983-08-01,,50.364,0.78,,9.5,,,0.0,,,90.9,2.559
1983-09-01,,51.0937,0.86,,9.2,,,0.0,,,89.9,2.86
1983-10-01,,51.4902,0.97,,8.8,361.003,454.259,0.0,7880.794,33513.0,89.3,2.851
1983-11-01,,51.721,1.03,,8.5,,,0.0,,,91.1,3.265
1983-12-01,,51.9769,0.99,,8.3,,,0.0,,,94.2,3.791
1984-01-01,,53.0088,1.03,4.30053547523429,8.0,368.538,490.776,0.0,8034.847,34103.0,100.1,4.192
1984-02-01,,53.2486,1.06,,7.8,,,0.0,,,97.4,4.597
1984-03-01,,53.5028,1.0,,7.8,,,0.0,,,101.0,4.801
1984-04-01,,53.8233,0.95,,7.7,377.698,511.335,0.0,8173.67,34622.0,96.1,4.564
1984-05-01,,54.1104,0.94,,7.4,,,0.0,,,98.1,4.234
1984-06-01,,54.3075,0.66,,7.2,,,0.0,,,95.5,4.221
1984-07-01,,54.4587,0.48,,7.5,386.042,524.572,1.0,8252.465,34871.0,96.6,4.204
1984-08-01,,54.5239,0.28,,7.5,,,1.0,,,99.1,4.291
1984-09-01,,54.3696,0.32,,7.3,,,1.0,,,100.9,4.2700000000000005
1984-10-01,,54.3474,0.56,,7.4,393.897,539.948,1.0,8320.199,35072.0,96.3,4.257
1984-11-01,,54.529,0.92,,7.2,,,1.0,,,95.7,4.051
1984-12-01,,54.5556,1.32,,7.3,,,1.0,,,92.9,3.949
1985-01-01,174.55,54.527,1.45,3.54564415209365,7.3,394.941,528.04,1.0,8400.82,35346.0,96.0,3.533
1985-02-01,165.72,54.6871,1.34,,7.2,,,1.0,,,93.7,3.516
1985-03-01,132.26,54.7673,1.14,,7.2,,,1.0,,,93.7,3.704
1985-04-01,110.64,54.6467,1.35,,7.3,394.094,553.985,1.0,8474.787,35582.0,94.6,3.686
1985-05-01,125.66,54.7396,1.45,,7.2,,,1.0,,,91.8,3.772
1985-06-01,147.68,54.711,1.47,,7.4,,,1.0,,,96.5,3.761
1985-07-01,125.21,54.4365,1.53,,7.4,388.346,548.626,1.0,8604.22,36033.0,94.0,3.5540000000000003
1985-08-01,134.61,54.6121,1.39,,7.1,,,1.0,,,92.4,3.349
1985-09-01,97.92,54.8147,1.39,,7.1,,,1.0,,,92.1,3.143
1985-10-01,91.53,54.6228,1.37,,7.1,399.932,570.096,1.0,8668.188,36210.0,88.4,3.229
1985-11-01,121.13,54.8123,1.2,,7.0,,,1.0,,,90.9,3.514
1985-12-01,128.09,55.3553,1.11,,7.0,,,1.0,,,93.9,3.799
1986-01-01,154.19,55.6453,1.05,1.89804772234276,6.7,412.459,569.527,1.0,8749.127,36476.0,95.6,3.886
1986-02-01,156.12,55.2634,0.74,,7.2,,,1.0,,,95.9,3.113
1986-03-01,106.3,54.8728,0.56,,7.2,,,1.0,,,95.1,2.256
1986-04-01,114.61,54.935,0.6,,7.1,416.899,593.759,1.0,8788.524,36563.0,96.2,1.59
1986-05-01,129.12,55.0399,0.64,,7.2,,,1.0,,,94.8,1.491
1986-06-01,153.03,54.826,0.61,,7.2,,,1.0,,,99.3,1.7659999999999998
1986-07-01,149.12,55.167,0.64,,7.0,426.441,610.217,1.0,8872.601,36822.0,97.7,1.577
1986-08-01,142.63,55.0726,0.84,,6.9,,,1.0,,,94.9,1.574
1986-09-01,171.52,55.2237,1.1,,7.0,,,1.0,,,91.9,1.754
1986-10-01,121.41,55.4589,1.15,,7.0,442.373,614.953,1.0,8920.193,36931.0,95.6,1.472
1986-11-01,92.62,55.6763,0.97,,6.9,,,1.0,,,91.4,1.284
1986-12-01,90.3,56.2078,0.84,,6.6,,,1.0,,,89.1,1.098
1987-01-01,93.66,55.9911,0.86,3.6645632175169,6.6,442.767,611.348,1.0,8986.367,37132.0,90.4,1.46
1987-02-01,70.56,56.7373,0.85,,6.6,,,1.0,,,90.2,2.104
1987-03-01,69.18,56.8136,0.82,,6.6,,,1.0,,,90.8,3.033
1987-04-01,77.08,57.185,1.0,,6.3,461.008,626.643,0.0,9083.256,37454.0,92.8,3.775
1987-05-01,59.87,57.5424,0.85,,6.3,,,0.0,,,91.1,3.857
1987-06-01,87.21,57.8502,0.83,,6.2,,,0.0,,,91.5,3.653
1987-07-01,68.67,58.2421,1.0,,6.1,481.019,638.858,0.0,9162.024,37685.0,93.7,3.927
1987-08-01,56.68,58.6784,1.01,,6.0,,,0.0,,,94.4,4.284000000000001
1987-09-01,63.75,58.9088,1.08,,5.9,,,0.0,,,93.6,4.356
1987-10-01,122.52,59.7008,1.12,,6.0,498.964,653.548,0.0,9319.332,38238.0,89.3,4.533
1987-11-01,137.26,59.9956,1.17,,5.8,,,0.0,,,83.1,4.529
1987-12-01,115.3,60.3246,1.13,,5.7,,,0.0,,,86.8,4.434
1988-01-01,109.53,60.309,1.04,4.07774110744413,5.7,526.673,650.47,0.0,9367.502,38359.0,90.8,4.047
1988-02-01,79.71,60.6122,1.03,,5.7,,,0.0,,,91.6,3.943
1988-03-01,74.65,60.7452,1.1,,5.7,,,0.0,,,94.6,3.925
1988-04-01,76.27,61.108,1.13,,5.4,541.432,642.978,0.0,9490.594,38782.0,91.2,3.904
1988-05-01,86.12,60.9843,1.09,,5.6,,,0.0,,,94.8,3.89
1988-06-01,76.77,61.1615,0.9,,5.4,,,0.0,,,94.7,3.965
1988-07-01,79.23,61.171,0.78,,5.4,552.101,658.148,0.0,9546.206,38908.0,93.4,4.130000000000001
1988-08-01,84.92,61.4771,0.63,,5.6,,,0.0,,,97.4,4.021
1988-09-01,56.78,61.2785,0.51,,5.4,,,0.0,,,97.3,4.174
1988-10-01,90.76,61.5488,0.44,,5.4,568.953,678.197,0.0,9673.405,39328.0,94.1,4.25
1988-11-01,101.32,61.7049,0.3,,5.3,,,0.0,,,93.0,4.246
1988-12-01,77.44,61.9851,0.02,,5.3,,,0.0,,,91.9,4.419
1989-01-01,87.74,62.1677,-0.08,4.82700303008944,5.4,585.946,681.351,0.0,9771.725,39648.0,97.9,4.667000000000001
1989-02-01,65.21,61.8916,-0.2,,5.2,,,0.0,,,95.4,4.828
1989-03-01,62.26,62.0508,-0.32,,5.0,,,0.0,,,94.3,4.979
1989-04-01,73.03,62.0289,-0.28,,5.2,611.6,684.581,0.0,9846.293,39861.0,91.5,5.124
1989-05-01,77.93,61.6871,-0.16,,5.2,,,0.0,,,90.7,5.362
1989-06-01,86.28,61.6857,-0.13,,5.3,,,1.0,,,90.6,5.169
1989-07-01,99.29,61.0896,0.2,,5.2,617.848,683.65,1.0,9919.228,40046.0,92.0,4.979
1989-08-01,66.16,61.6847,-0.03,,5.2,,,1.0,,,89.6,4.706
1989-09-01,50.69,61.4794,-0.09,,5.3,,,1.0,,,95.8,4.340999999999999
1989-10-01,81.41,61.4014,0.03,,5.3,627.2,696.019,1.0,9938.767,40015.0,93.9,4.492999999999999
1989-11-01,82.96,61.6081,0.08,,5.4,,,1.0,,,90.9,4.655
1989-12-01,87.58,61.9588,0.06,,5.4,,,1.0,,,90.5,4.646999999999999
1990-01-01,106.66,61.6352,0.12,5.39795643990325,5.4,654.439,718.091,1.0,10047.386,40361.0,93.0,5.202
1990-02-01,105.75,62.1951,0.1,,5.3,,,1.0,,,89.5,5.263
1990-03-01,75.65,62.4916,-0.04,,5.2,,,1.0,,,91.3,5.2330000000000005
1990-04-01,79.11,62.3511,0.06,,5.4,662.577,716.887,1.0,10083.855,40382.0,93.9,4.712000000000001
1990-05-01,78.46,62.5353,0.12,,5.4,,,1.0,,,90.6,4.362
1990-06-01,84.32,62.7479,0.13,,5.2,,,1.0,,,88.3,4.674
1990-07-01,88.52,62.6435,0.31,,5.5,667.592,713.992,1.0,10090.569,40266.0,88.2,4.823
1990-08-01,142.37,62.8704,0.69,,5.7,,,1.0,,,76.4,5.618
1990-09-01,135.28,62.8839,0.81,,5.9,,,1.0,,,72.8,6.16
1990-10-01,136.89,62.4973,0.84,,5.9,673.47,694.844,1.0,9998.704,39759.0,63.9,6.29
1990-11-01,151.21,61.7175,0.79,,6.2,,,1.0,,,66.0,6.275
1990-12-01,128.84,61.2885,0.76,,6.3,,,1.0,,,65.5,6.106
1991-01-01,136.99,61.0842,0.97,4.23496396453849,6.4,677.584,686.926,1.0,9951.916,39451.0,66.8,5.651
1991-02-01,127.83,60.6387,0.99,,6.6,,,1.0,,,70.4,5.313
1991-03-01,98.58,60.2973,1.01,,6.8,,,1.0,,,87.7,4.8950000000000005
1991-04-01,93.16,60.4524,1.09,,6.7,702.289,699.135,1.0,10029.51,39632.0,81.8,4.888
1991-05-01,74.9,61.0587,1.28,,6.9,,,1.0,,,78.3,4.954
1991-06-01,85.93,61.5514,1.33,,6.9,,,1.0,,,82.1,4.696
1991-07-01,110.87,61.7201,1.36,,6.8,718.914,718.81,1.0,10080.195,39691.0,82.9,4.448
1991-08-01,106.94,61.7289,1.47,,6.9,,,1.0,,,82.0,3.799
1991-09-01,121.0,62.2369,1.47,,6.9,,,1.0,,,83.0,3.3910000000000005
1991-10-01,114.08,62.1718,1.62,,7.0,735.102,734.689,0.0,10115.329,39694.0,78.3,2.921
1991-11-01,172.65,62.0894,1.86,,7.0,,,0.0,,,69.1,2.99
1991-12-01,190.54,61.806,2.06,,7.3,,,0.0,,,68.2,3.064
1992-01-01,165.45,61.4823,2.07,3.02881967814969,7.3,748.392,740.026,0.0,10236.435,40051.0,67.5,2.6
1992-02-01,169.71,61.9192,2.13,,7.4,,,0.0,,,68.8,2.819
1992-03-01,125.66,62.4403,1.86,,7.4,,,0.0,,,76.0,3.1850000000000005
1992-04-01,98.95,62.9199,2.14,,7.4,748.748,752.192,0.0,10347.429,40350.0,77.2,3.18
1992-05-01,96.91,63.1268,2.17,,7.6,,,0.0,,,79.2,3.024
1992-06-01,123.27,63.1624,2.21,,7.8,,,0.0,,,80.4,3.088
1992-07-01,138.97,63.7348,2.49,,7.7,764.615,764.049,0.0,10449.673,40599.0,76.6,3.157
1992-08-01,153.66,63.3802,2.39,,7.6,,,0.0,,,76.1,3.148
1992-09-01,162.56,63.5834,2.52,,7.6,,,0.0,,,75.6,2.988
1992-10-01,192.95,64.0178,2.51,,7.3,768.448,782.339,0.0,10558.648,40881.0,73.3,3.202
1992-11-01,153.51,64.2628,2.29,,7.4,,,0.0,,,85.3,3.048
1992-12-01,103.45,64.3599,2.1,,7.4,,,0.0,,,91.0,2.901
1993-01-01,114.88,64.6135,2.21,2.95165696638559,7.3,770.163,799.278,0.0,10576.275,40829.0,89.3,3.259
1993-02-01,115.3,64.9262,2.16,,7.1,,,0.0,,,86.6,3.247
1993-03-01,138.47,64.8627,2.03,,7.0,,,0.0,,,85.9,3.087
1993-04-01,116.83,65.0423,2.13,,7.1,779.368,815.792,0.0,10637.847,40942.0,85.6,3.2259999999999995
1993-05-01,156.06,64.8006,2.06,,7.1,,,0.0,,,80.3,3.221
1993-06-01,131.54,64.9476,1.8,,7.0,,,0.0,,,81.5,2.996
1993-07-01,122.79,65.1142,1.73,,6.9,777.273,826.535,0.0,10688.606,40997.0,77.0,2.776
1993-08-01,148.24,65.0421,1.68,,6.8,,,0.0,,,77.3,2.768
1993-09-01,129.7,65.3749,1.51,,6.7,,,0.0,,,77.9,2.689
1993-10-01,81.8,65.863,1.46,,6.8,802.325,859.74,0.0,10833.987,41423.0,82.7,2.75
1993-11-01,100.99,66.1696,1.57,,6.6,,,0.0,,,81.2,2.676
1993-12-01,87.75,66.5531,1.56,,6.5,,,0.0,,,88.2,2.748
1994-01-01,93.8,66.7591,1.61,2.60744159215453,6.6,810.201,879.77,0.0,10939.116,41713.0,94.3,2.5250000000000004
1994-02-01,79.95,66.8019,1.5,,6.6,,,0.0,,,93.2,2.516
1994-03-01,85.95,67.4704,1.49,,6.5,,,0.0,,,91.5,2.507
1994-04-01,114.52,67.8707,1.42,,6.4,837.555,912.55,0.0,11087.361,42154.0,92.6,2.361
1994-05-01,111.18,68.187,1.22,,6.1,,,0.0,,,92.8,2.2880000000000003
1994-06-01,78.49,68.645,1.17,,6.1,,,0.0,,,91.2,2.493
1994-07-01,91.79,68.7317,1.17,,6.1,868.903,938.211,0.0,11152.176,42264.0,89.0,2.77
1994-08-01,89.14,69.1882,1.06,,6.0,,,0.0,,,91.7,2.901
1994-09-01,98.47,69.3935,1.06,,5.9,,,1.0,,,91.5,2.963
1994-10-01,81.1,69.9576,1.02,,5.8,888.962,964.609,1.0,11279.932,42618.0,92.7,2.608
1994-11-01,118.83,70.4288,0.81,,5.6,,,1.0,,,91.6,2.675
1994-12-01,89.84,71.1273,0.22,,5.5,,,1.0,,,95.1,2.675
1995-01-01,136.11,71.2635,0.27,2.80541968853662,5.6,906.086,985.774,1.0,11319.951,42654.0,97.6,2.804
1995-02-01,134.42,71.1758,0.36,,5.4,,,1.0,,,95.1,2.863
1995-03-01,97.52,71.2796,0.43,,5.4,,,1.0,,,90.3,2.853
1995-04-01,69.45,71.1538,0.49,,5.8,918.791,995.136,1.0,11353.721,42660.0,92.5,3.053
1995-05-01,64.41,71.4997,0.46,,5.6,,,1.0,,,89.8,3.186
1995-06-01,93.44,71.7327,0.45,,5.6,,,1.0,,,92.7,3.041
1995-07-01,89.76,71.4334,0.5,,5.7,958.551,998.555,1.0,11450.31,42885.0,94.4,2.763
1995-08-01,46.76,72.3723,0.51,,5.7,,,1.0,,,96.2,2.617
1995-09-01,53.66,72.6543,0.39,,5.6,,,1.0,,,88.9,2.544
1995-10-01,80.67,72.5336,0.35,,5.5,972.233,1011.318,1.0,11528.067,43044.0,90.2,2.809
1995-11-01,91.45,72.717,0.45,,5.6,,,1.0,,,88.2,2.605
1995-12-01,113.52,72.9638,0.39,,5.6,,,1.0,,,91.0,2.538
1996-01-01,115.5,72.5712,0.54,2.93120419993441,5.6,983.934,1044.193,0.0,11614.418,43259.0,89.3,2.728
1996-02-01,90.44,73.6207,0.78,,5.5,,,0.0,,,88.5,2.651
1996-03-01,81.63,73.5141,0.61,,5.5,,,0.0,,,93.7,2.8400000000000003
1996-04-01,64.9,74.2491,0.55,,5.6,999.928,1067.562,0.0,11808.14,43856.0,92.7,2.897
1996-05-01,74.13,74.8142,0.64,,5.6,,,0.0,,,89.4,2.891
1996-06-01,73.29,75.3726,0.62,,5.3,,,0.0,,,92.4,2.754
1996-07-01,65.25,75.3738,0.6,,5.5,1008.015,1102.174,0.0,11914.063,44105.0,94.7,2.951
1996-08-01,71.99,75.7557,0.61,,5.1,,,0.0,,,95.3,2.878
1996-09-01,70.33,76.2302,0.6,,5.2,,,0.0,,,94.7,3.003
1996-10-01,70.33,76.2157,0.62,,5.2,1070.864,1123.911,0.0,12037.775,44421.0,96.5,2.993
1996-11-01,62.71,76.8973,0.5,,5.4,,,0.0,,,99.2,3.2550000000000003
1996-12-01,63.94,77.3772,0.52,,5.4,,,0.0,,,96.9,3.322
1997-01-01,72.06,77.5135,0.57,2.33768993730735,5.3,1091.223,1171.915,0.0,12115.472,44590.0,97.4,3.044
1997-02-01,64.32,78.4255,0.52,,5.2,,,0.0,,,99.7,3.034
1997-03-01,64.99,78.9197,0.47,,5.2,,,0.0,,,100.0,2.762
1997-04-01,58.06,78.9848,0.44,,5.1,1134.842,1211.249,0.0,12317.221,45203.0,101.4,2.495
1997-05-01,77.92,79.4296,0.43,,4.9,,,0.0,,,103.2,2.235
1997-06-01,77.96,79.7971,0.4,,5.0,,,0.0,,,104.5,2.297
1997-07-01,58.03,80.4666,0.33,,4.9,1161.1,1255.884,0.0,12471.01,45616.0,107.1,2.229
1997-08-01,69.15,81.2825,0.36,,4.8,,,0.0,,,104.4,2.225
1997-09-01,49.32,82.0327,0.33,,4.9,,,0.0,,,106.0,2.155
1997-10-01,74.45,82.7656,0.26,,4.7,1159.431,1282.987,0.0,12577.495,45862.0,105.6,2.085
1997-11-01,81.3,83.427,0.16,,4.6,,,0.0,,,107.2,1.828
1997-12-01,64.06,83.784,0.09,,4.7,,,0.0,,,102.1,1.702
1998-01-01,110.97,84.1564,0.19,1.55227909874364,4.6,1164.787,1331.107,0.0,12703.742,46204.0,106.6,1.5709999999999995
1998-02-01,85.12,84.3066,0.16,,4.6,,,0.0,,,110.4,1.4409999999999998
1998-03-01,70.96,84.342,0.09,,4.7,,,0.0,,,106.5,1.375
1998-04-01,77.97,84.6339,0.07,,4.3,1151.95,1361.614,0.0,12821.339,46504.0,108.7,1.436
1998-05-01,64.9,85.1867,0.06,,4.4,,,0.0,,,106.5,1.686
1998-06-01,64.3,84.6809,-0.02,,4.5,,,0.0,,,105.6,1.6840000000000002
1998-07-01,68.22,84.3445,0.0,,4.5,1146.707,1379.986,0.0,12982.752,46943.0,105.2,1.6820000000000002
1998-08-01,121.53,86.0816,0.07,,4.5,,,0.0,,,104.4,1.617
1998-09-01,154.07,86.0023,0.14,,4.6,,,0.0,,,100.9,1.489
1998-10-01,113.83,86.591,0.44,,4.5,1189.349,1424.651,0.0,13191.67,47555.0,97.4,1.485
1998-11-01,95.26,86.5115,0.29,,4.4,,,0.0,,,102.7,1.548
1998-12-01,83.71,86.8615,0.14,,4.4,,,0.0,,,100.5,1.612
1999-01-01,89.71,87.2205,0.11,2.18802719697358,4.3,1185.37,1464.906,0.0,13315.597,47880.0,103.9,1.6709999999999998
1999-02-01,65.29,87.726,0.12,,4.4,,,0.0,,,108.1,1.606
1999-03-01,56.36,87.9125,0.18,,4.2,,,0.0,,,105.7,1.7260000000000002
1999-04-01,50.69,88.1082,0.21,,4.3,1200.094,1506.978,0.0,13426.748,48148.0,104.6,2.277
1999-05-01,48.12,88.6483,0.29,,4.2,,,0.0,,,106.8,2.088
1999-06-01,51.01,88.5903,0.28,,4.3,,,0.0,,,107.3,1.963
1999-07-01,69.27,89.1098,0.24,,4.3,1236.298,1561.455,0.0,13604.771,48632.0,106.0,2.145
1999-08-01,54.72,89.5007,0.26,,4.2,,,0.0,,,104.5,2.264
1999-09-01,58.79,89.1304,0.25,,4.2,,,0.0,,,107.2,2.628
1999-10-01,56.07,90.2709,0.25,,4.1,1262.725,1601.395,0.0,13827.98,49281.0,103.2,2.561
1999-11-01,54.53,90.7528,0.17,,4.1,,,0.0,,,107.2,2.622
1999-12-01,73.09,91.4784,0.17,,4.0,,,0.0,,,105.4,2.685
2000-01-01,57.55,91.4092,0.22,3.37685727149929,4.0,1280.897,1661.851,0.0,13878.147,49335.0,112.0,2.7390000000000003
2000-02-01,50.6,91.7245,-0.09,,4.1,,,0.0,,,111.3,3.222
2000-03-01,64.99,92.083,-0.27,,4.0,,,0.0,,,107.1,3.758
2000-04-01,59.76,92.6659,-0.41,,3.8,1319.937,1714.792,0.0,14130.908,50109.0,109.2,3.069
2000-05-01,77.52,92.9347,-0.37,,4.0,,,1.0,,,110.7,3.189
2000-06-01,67.24,93.0018,-0.38,,4.0,,,1.0,,,106.4,3.73
2000-07-01,53.87,92.8373,-0.29,,4.0,1351.623,1776.491,1.0,14145.312,50024.0,108.3,3.659
2000-08-01,47.64,92.591,-0.4,,4.1,,,1.0,,,107.3,3.411
2000-09-01,67.99,92.9827,-0.28,,3.9,,,1.0,,,106.8,3.454
2000-10-01,67.59,92.64,-0.17,,3.9,1338.104,1779.089,1.0,14229.765,50190.0,105.8,3.4479999999999995
2000-11-01,138.22,92.6604,-0.16,,3.9,,,1.0,,,107.6,3.446
2000-12-01,124.63,92.3457,-0.11,,3.9,,,1.0,,,98.4,3.387
2001-01-01,123.21,91.8908,0.4,2.82617111885407,4.2,1321.256,1756.138,1.0,14183.12,49911.0,94.7,3.732
2001-02-01,122.26,91.2851,0.44,,4.2,,,1.0,,,90.6,3.5340000000000003
2001-03-01,124.46,91.0585,0.54,,4.3,,,1.0,,,91.5,2.921
2001-04-01,105.17,90.7384,0.91,,4.4,1282.544,1699.93,1.0,14271.694,50105.0,88.4,3.269
2001-05-01,96.31,90.2607,1.13,,4.3,,,1.0,,,92.0,3.615
2001-06-01,70.57,89.7811,1.2,,4.5,,,1.0,,,92.6,3.248
2001-07-01,91.9,89.2352,1.2,,4.6,1216.869,1661.369,1.0,14214.516,49774.0,92.4,2.72
2001-08-01,80.84,89.157,1.21,,4.9,,,1.0,,,91.5,2.72
2001-09-01,234.57,88.6749,1.61,,5.0,,,1.0,,,81.8,2.648
2001-10-01,236.41,88.4051,1.84,,5.3,1174.568,1644.162,1.0,14253.574,49783.0,82.7,2.1260000000000003
2001-11-01,154.39,87.886,1.87,,5.5,,,1.0,,,83.9,1.895
2001-12-01,127.57,87.8518,1.98,,5.7,,,1.0,,,88.8,1.552
2002-01-01,141.64,88.4634,2.01,1.58603162650601,5.7,1200.226,1690.878,1.0,14372.785,50091.0,93.0,1.142
2002-02-01,86.75,88.4578,1.9,,5.7,,,1.0,,,90.7,1.138
2002-03-01,94.43,89.1265,1.73,,5.7,,,1.0,,,95.7,1.476
2002-04-01,74.52,89.5507,1.79,,5.9,1235.95,1747.541,1.0,14460.848,50286.0,93.0,1.6389999999999998
2002-05-01,89.66,89.9348,1.9,,5.8,,,1.0,,,96.9,1.1820000000000002
2002-06-01,87.07,90.6736,1.93,,5.8,,,1.0,,,92.4,1.0670000000000002
2002-07-01,126.56,90.6436,2.1,,5.8,1239.872,1769.759,1.0,14519.633,50362.0,88.1,1.465
2002-08-01,114.96,90.5505,2.12,,5.7,,,1.0,,,87.6,1.803
2002-09-01,138.87,90.6373,1.87,,5.7,,,1.0,,,86.1,1.514
2002-10-01,113.34,90.3988,2.03,,5.7,1221.597,1801.535,1.0,14537.58,50302.0,80.6,2.026
2002-11-01,136.55,90.8947,2.13,,5.9,,,1.0,,,84.2,2.198
2002-12-01,153.67,90.3906,2.2,,6.0,,,1.0,,,86.7,2.377
2003-01-01,184.77,91.1369,2.31,2.27009497336115,5.8,1217.842,1793.694,1.0,14614.141,50462.0,82.4,2.597
2003-02-01,192.12,91.2505,2.27,,5.9,,,1.0,,,79.9,2.981
2003-03-01,212.57,91.0006,2.23,,5.9,,,0.0,,,77.6,3.02
2003-04-01,135.48,90.4311,2.34,,6.0,1219.986,1819.841,0.0,14743.567,50796.0,86.0,2.225
2003-05-01,116.64,90.4,2.15,,6.1,,,0.0,,,92.1,2.0580000000000003
2003-06-01,89.3,90.5196,2.11,,6.3,,,0.0,,,89.7,2.112
2003-07-01,82.49,90.9869,2.5,,6.2,1253.316,1848.341,0.0,14988.782,51512.0,90.9,2.11
2003-08-01,89.77,90.7933,2.58,,6.1,,,0.0,,,89.3,2.158
2003-09-01,96.16,91.3819,2.57,,6.1,,,0.0,,,87.7,2.32
2003-10-01,65.8,91.5049,2.54,,6.0,1309.666,1907.048,0.0,15162.76,51986.0,89.6,2.041
2003-11-01,61.47,92.1265,2.37,,5.8,,,0.0,,,93.7,1.765
2003-12-01,73.57,92.1732,2.36,,5.7,,,0.0,,,92.6,1.879
2004-01-01,93.05,92.3268,2.39,2.67723669309172,5.7,1339.286,1960.461,0.0,15248.68,52179.0,103.8,1.926
2004-02-01,83.25,92.8995,2.34,,5.6,,,0.0,,,94.4,1.693
2004-03-01,63.19,92.5368,2.25,,5.8,,,0.0,,,95.8,1.737
2004-04-01,59.88,92.8957,2.28,,5.6,1367.358,2037.69,0.0,15366.85,52469.0,94.2,2.285
2004-05-01,76.7,93.5845,2.18,,5.6,,,0.0,,,90.2,3.052
2004-06-01,79.36,92.8651,1.97,,5.6,,,0.0,,,95.6,3.266
2004-07-01,60.95,93.5502,1.86,,5.5,1371.93,2065.934,0.0,15512.619,52835.0,96.7,2.991
2004-08-01,70.38,93.6301,1.77,,5.4,,,0.0,,,95.9,2.654
2004-09-01,75.09,93.7353,1.6,,5.4,,,0.0,,,94.2,2.538
2004-10-01,102.47,94.5695,1.51,,5.5,1404.51,2114.053,0.0,15670.88,53242.0,91.7,3.189
2004-11-01,72.19,94.8015,1.34,,5.4,,,0.0,,,92.8,3.523
2004-12-01,40.13,95.5415,1.22,,5.4,,,0.0,,,97.1,3.256
2005-01-01,66.99,95.8785,1.0,3.3927468454955,5.3,1430.827,2132.265,0.0,15844.727,53719.0,95.5,2.97
2005-02-01,63.73,96.5709,0.78,,5.4,,,0.0,,,94.1,3.008
2005-03-01,55.76,96.4345,0.77,,5.2,,,0.0,,,92.6,3.148
2005-04-01,66.46,96.6347,0.69,,5.2,1462.813,2160.811,0.0,15922.782,53868.0,87.7,3.511
2005-05-01,73.07,96.7251,0.5,,5.1,,,0.0,,,86.9,2.803
2005-06-01,59.69,97.1483,0.36,,5.0,,,0.0,,,96.0,2.53
2005-07-01,50.88,96.8397,0.31,,5.0,1462.546,2172.945,0.0,16047.587,54153.0,96.5,3.168
2005-08-01,56.09,97.1584,0.22,,4.9,,,0.0,,,89.1,3.641
2005-09-01,85.25,95.2764,0.25,,5.0,,,0.0,,,76.9,4.687
2005-10-01,63.0,96.4411,0.19,,5.0,1507.833,2242.978,0.0,16136.734,54317.0,74.2,4.348
2005-11-01,48.77,97.5016,0.12,,5.0,,,0.0,,,81.6,3.455
2005-12-01,60.03,97.9723,0.06,,4.9,,,0.0,,,91.5,3.4160000000000004
2006-01-01,63.64,98.127,0.02,3.22594410070404,4.7,1568.985,2289.138,0.0,16353.835,54927.0,91.2,3.985
2006-02-01,59.09,98.1687,-0.1,,4.8,,,0.0,,,86.7,3.5970000000000004
2006-03-01,51.51,98.3913,-0.01,,4.7,,,0.0,,,88.9,3.363
2006-04-01,69.78,98.6826,0.1,,4.7,1598.092,2311.934,0.0,16396.151,54945.0,87.4,3.546
2006-05-01,67.52,98.7074,0.14,,4.6,,,0.0,,,79.1,4.167
2006-06-01,67.89,99.0398,-0.02,,4.6,,,0.0,,,84.9,4.319
2006-07-01,74.71,98.9751,-0.03,,4.7,1596.037,2335.034,0.0,16420.738,54886.0,84.7,4.1450000000000005
2006-08-01,71.15,99.4047,-0.03,,4.7,,,0.0,,,82.0,3.819
2006-09-01,39.14,99.2246,-0.05,,4.5,,,0.0,,,85.4,2.062
2006-10-01,42.94,99.1229,-0.07,,4.4,1656.573,2332.033,0.0,16561.866,55216.0,93.6,1.3050000000000002
2006-11-01,50.22,99.0963,-0.15,,4.5,,,0.0,,,92.1,1.974
2006-12-01,38.21,100.1125,-0.11,,4.4,,,0.0,,,91.7,2.541
2007-01-01,56.95,99.7546,-0.12,2.85267248150138,4.6,1689.392,2365.98,0.0,16611.69,55260.0,96.9,2.076
2007-02-01,58.38,100.7166,-0.13,,4.5,,,0.0,,,91.3,2.415
2007-03-01,54.72,100.8952,-0.01,,4.4,,,0.0,,,88.4,2.779
2007-04-01,44.37,101.5723,0.03,,4.5,1714.981,2378.558,0.0,16713.314,55474.0,87.1,2.574
2007-05-01,55.79,101.6269,-0.02,,4.4,,,0.0,,,88.3,2.691
2007-06-01,50.8,101.6547,0.12,,4.6,,,0.0,,,85.3,2.6870000000000003
2007-07-01,38.93,101.4953,0.19,,4.7,1768.587,2391.879,0.0,16809.587,55649.0,90.4,2.358
2007-08-01,81.75,101.6943,0.36,,4.6,,,0.0,,,83.4,1.97
2007-09-01,79.89,101.9428,0.51,,4.7,,,0.0,,,83.4,2.7550000000000003
2007-10-01,72.21,101.6446,0.56,,4.7,1809.181,2369.287,0.0,16915.191,55857.0,80.9,3.5360000000000005
2007-11-01,64.19,102.2167,0.81,,4.7,,,1.0,,,76.1,4.306
2007-12-01,92.0,102.2764,0.98,,5.0,,,1.0,,,75.5,4.081
2008-01-01,182.06,102.1493,1.27,3.839100296651,5.0,1838.024,2378.171,1.0,16843.003,55497.0,78.4,4.279999999999999
2008-02-01,118.07,101.7756,1.76,,4.9,,,1.0,,,70.8,4.027
2008-03-01,121.87,101.4508,1.89,,5.1,,,1.0,,,69.5,3.981
2008-04-01,100.47,100.7554,1.63,,5.0,1892.001,2355.67,1.0,16943.291,55705.0,62.6,3.937
2008-05-01,84.73,100.1336,1.43,,5.4,,,1.0,,,59.8,4.176
2008-06-01,98.48,99.8728,1.33,,5.6,,,1.0,,,56.4,5.022
2008-07-01,101.75,99.4194,1.43,,5.8,1883.563,2325.941,1.0,16854.295,55278.0,61.2,5.6000000000000005
2008-08-01,91.44,97.8491,1.47,,6.1,,,1.0,,,63.0,5.372
2008-09-01,183.97,93.5576,1.61,,6.1,,,1.0,,,70.3,4.936999999999999
2008-10-01,243.47,94.4985,2.2,,6.5,1772.8,2241.832,1.0,16485.35,53941.0,57.6,3.655
2008-11-01,220.65,93.2617,2.31,,6.8,,,1.0,,,55.3,1.0699999999999998
2008-12-01,165.28,90.6266,1.6,,7.3,,,1.0,,,60.1,0.091
2009-01-01,215.22,88.3712,1.71,-0.355546266299747,7.8,1631.257,2028.74,1.0,16298.262,53221.0,61.2,0.03
2009-02-01,238.86,87.843,1.89,,8.3,,,1.0,,,56.3,0.236
2009-03-01,189.93,86.4689,1.89,,8.7,,,1.0,,,57.3,-0.384
2009-04-01,139.22,85.7903,2.0,,9.0,1641.991,1946.352,1.0,16269.145,53017.0,65.1,-0.737
2009-05-01,122.91,84.9436,2.36,,9.4,,,1.0,,,68.7,-1.281
2009-06-01,107.17,84.6746,2.54,,9.5,,,0.0,,,70.8,-1.427
2009-07-01,121.46,85.6853,2.54,,9.5,1702.68,2026.658,0.0,16326.281,53081.0,66.0,-2.097
2009-08-01,94.86,86.6393,2.47,,9.6,,,0.0,,,65.7,-1.484
2009-09-01,91.2,87.3821,2.45,,9.8,,,0.0,,,73.5,-1.286
2009-10-01,81.96,87.5809,2.44,,10.0,1796.464,2125.297,0.0,16502.754,53531.0,70.6,-0.183
2009-11-01,111.38,87.9388,2.6,,9.9,,,0.0,,,67.4,1.838
2009-12-01,129.59,88.2404,2.72,,9.9,,,0.0,,,72.5,2.721
2010-01-01,156.73,89.1897,2.8,1.6400434423899,9.8,1836.914,2178.743,0.0,16582.71,53683.0,74.4,2.626
2010-02-01,151.77,89.5046,2.83,,9.8,,,0.0,,,73.6,2.143
2010-03-01,110.03,90.1356,2.77,,9.9,,,0.0,,,73.6,2.314
2010-04-01,87.82,90.4607,2.79,,9.9,1877.331,2278.127,0.0,16743.162,54100.0,72.2,2.236
2010-05-01,118.89,91.7014,2.59,,9.6,,,0.0,,,73.6,2.021
2010-06-01,127.63,91.9033,2.48,,9.4,,,0.0,,,76.0,1.053
2010-07-01,176.8,92.2549,2.39,,9.4,1930.963,2357.757,0.0,16872.266,54401.0,67.8,1.235
2010-08-01,161.47,92.5936,2.18,,9.5,,,0.0,,,68.9,1.148
2010-09-01,213.93,92.8533,2.17,,9.5,,,0.0,,,68.2,1.144
2010-10-01,229.32,92.6033,2.16,,9.4,1983.824,2366.425,0.0,16960.864,54569.0,67.7,1.172
2010-11-01,169.9,92.6686,2.31,,9.8,,,0.0,,,71.6,1.143
2010-12-01,157.47,93.5916,2.67,,9.3,,,0.0,,,74.5,1.496
2011-01-01,139.75,93.3889,2.78,3.156841568622,9.1,2000.839,2377.978,0.0,16920.632,54341.0,74.2,1.632
2011-02-01,118.36,93.0045,2.8,,9.0,,,0.0,,,77.5,2.108
2011-03-01,140.79,93.9684,2.72,,9.0,,,0.0,,,67.5,2.682
2011-04-01,116.03,93.6571,2.72,,9.1,2034.722,2386.867,0.0,17035.114,54610.0,69.8,3.164
2011-05-01,93.22,93.7723,2.61,,9.0,,,0.0,,,74.3,3.569
2011-06-01,126.06,94.0493,2.59,,9.1,,,0.0,,,71.5,3.559
2011-07-01,200.15,94.4958,2.6,,9.0,2062.73,2413.346,0.0,17031.313,54482.0,63.7,3.629
2011-08-01,253.92,95.0974,2.07,,9.0,,,0.0,,,55.8,3.771
2011-09-01,221.51,95.0244,1.76,,9.0,,,0.0,,,59.5,3.868
2011-10-01,133.75,95.6891,1.87,,8.8,2078.364,2445.03,0.0,17222.583,54979.0,60.8,3.5249999999999995
2011-11-01,133.72,95.6778,1.76,,8.6,,,0.0,,,63.7,3.394
2011-12-01,186.0,96.1809,1.72,,8.5,,,0.0,,,69.9,2.962
2012-01-01,156.17,96.7595,1.73,2.06933726526067,8.3,2103.747,2457.077,0.0,17367.01,55342.0,75.0,2.9250000000000003
2012-02-01,112.69,97.0662,1.69,,8.3,,,0.0,,,75.3,2.871
2012-03-01,90.25,96.5609,1.83,,8.2,,,0.0,,,76.2,2.651
2012-04-01,94.95,97.251,1.76,,8.2,2124.46,2466.212,1.0,17444.525,55490.0,76.4,2.303
2012-05-01,120.23,97.4595,1.52,,8.2,,,1.0,,,79.3,1.704
2012-06-01,169.63,97.4768,1.33,,8.2,,,1.0,,,73.2,1.664
2012-07-01,171.59,97.6714,1.28,,8.2,2137.473,2479.452,1.0,17469.65,55454.0,72.3,1.408
2012-08-01,149.65,97.2734,1.41,,8.1,,,1.0,,,74.3,1.6920000000000002
2012-09-01,146.6,97.2217,1.47,,7.8,,,1.0,,,78.3,1.991
2012-10-01,161.7,97.5311,1.47,,7.8,2139.526,2456.092,1.0,17489.852,55403.0,82.6,2.162
2012-11-01,208.19,97.9084,1.39,,7.7,,,1.0,,,82.7,1.764
2012-12-01,211.77,98.1884,1.46,,7.9,,,1.0,,,72.9,1.741
2013-01-01,204.0,98.1736,1.65,1.46483265562717,8.0,2150.631,2453.983,1.0,17662.4,55859.0,73.8,1.595
2013-02-01,145.21,98.6434,1.72,,7.7,,,1.0,,,77.6,1.978
2013-03-01,137.83,99.047,1.7,,7.5,,,1.0,,,78.6,1.474
2013-04-01,89.17,98.9445,1.53,,7.6,2170.131,2489.615,1.0,17709.671,55914.0,76.4,1.0630000000000002
2013-05-01,78.38,99.0383,1.68,,7.5,,,1.0,,,84.5,1.362
2013-06-01,81.67,99.2221,1.97,,7.5,,,1.0,,,84.1,1.754
2013-07-01,93.22,98.8987,2.24,,7.3,2188.712,2507.502,1.0,17860.45,56272.0,85.1,1.961
2013-08-01,92.88,99.4897,2.38,,7.2,,,1.0,,,82.1,1.518
2013-09-01,116.72,100.021,2.41,,7.2,,,1.0,,,77.5,1.185
2013-10-01,176.28,99.9037,2.28,,7.2,2251.769,2527.321,1.0,18016.147,56642.0,73.2,0.964
2013-11-01,83.82,100.1582,2.41,,6.9,,,1.0,,,75.1,1.237
2013-12-01,90.94,100.374,2.56,,6.7,,,1.0,,,82.5,1.502
2014-01-01,95.63,99.9899,2.46,1.62222297740817,6.6,2230.209,2559.945,1.0,17953.974,56345.0,81.2,1.5789999999999995
2014-02-01,83.49,100.7471,2.38,,6.7,,,1.0,,,81.6,1.126
2014-03-01,72.93,101.7435,2.32,,6.7,,,0.0,,,80.0,1.512
2014-04-01,63.76,101.8273,2.29,,6.2,2278.387,2618.248,0.0,18185.911,56968.0,84.1,1.953
2014-05-01,68.4,102.2392,2.17,,6.3,,,0.0,,,81.9,2.127
2014-06-01,68.9,102.5774,2.15,,6.1,,,0.0,,,82.5,2.072
2014-07-01,72.39,102.7954,2.04,,6.2,2287.79,2623.176,0.0,18406.941,57536.0,81.8,1.992
2014-08-01,53.54,102.6322,1.95,,6.1,,,0.0,,,82.5,1.7000000000000002
2014-09-01,57.97,102.9417,1.97,,5.9,,,0.0,,,84.6,1.658
2014-10-01,66.29,102.9611,1.86,,5.7,2306.749,2692.035,0.0,18500.031,57702.0,86.9,1.664
2014-11-01,58.18,103.5978,1.8,,5.8,,,0.0,,,88.8,1.322
2014-12-01,66.24,103.6151,1.57,,5.6,,,0.0,,,93.6,0.756
2015-01-01,80.65,102.7923,1.33,0.118627135552451,5.7,2288.491,2732.128,0.0,18666.621,58121.0,98.1,-0.089
2015-02-01,68.66,102.1366,1.36,,5.5,,,0.0,,,95.4,-0.025
2015-03-01,62.27,101.7869,1.4,,5.4,,,1.0,,,93.0,-0.074
2015-04-01,66.03,101.2255,1.4,,5.4,2294.628,2753.525,1.0,18782.243,58376.0,95.9,-0.2
2015-05-01,62.86,100.7675,1.59,,5.6,,,1.0,,,90.7,-0.04
2015-06-01,67.03,100.4588,1.68,,5.3,,,1.0,,,96.1,0.124
2015-07-01,74.31,101.0893,1.66,,5.2,2276.101,2772.301,1.0,18857.418,58486.0,93.1,0.1699999999999999
2015-08-01,76.01,100.9165,1.47,,5.1,,,1.0,,,91.9,0.1949999999999999
2015-09-01,87.06,100.633,1.46,,5.0,,,1.0,,,87.2,-0.036
2015-10-01,65.75,100.1563,1.43,,5.0,2273.012,2780.142,1.0,18892.206,58470.0,90.0,0.1709999999999999
2015-11-01,55.51,99.4366,1.38,,5.1,,,1.0,,,91.3,0.502
2015-12-01,71.08,98.9471,1.26,,5.0,,,1.0,,,92.6,0.73
2016-01-01,80.38,99.4391,1.19,1.26158320570536,4.8,2266.512,2776.83,1.0,19001.69,58704.0,92.0,1.373
2016-02-01,78.93,98.9232,1.05,,4.9,,,1.0,,,91.7,1.018
2016-03-01,63.63,98.1635,1.01,,5.0,,,1.0,,,91.0,0.853
2016-04-01,52.44,98.4775,1.04,,5.1,2284.053,2780.375,1.0,19062.709,58787.0,89.0,1.125
2016-05-01,55.18,98.2549,0.99,,4.8,,,1.0,,,94.7,1.022
2016-06-01,133.65,98.7315,0.91,,4.9,,,1.0,,,93.5,1.006
2016-07-01,94.67,98.8452,0.83,,4.8,2321.136,2800.667,1.0,19197.938,59084.0,90.0,0.835
2016-08-01,71.41,98.7427,0.82,,4.9,,,1.0,,,89.8,1.0630000000000002
2016-09-01,50.29,98.6552,0.86,,5.0,,,1.0,,,91.2,1.464
2016-10-01,69.45,98.7237,0.92,,4.9,2303.823,2841.006,1.0,19304.352,59296.0,87.2,1.636
2016-11-01,125.67,98.3443,1.16,,4.7,,,1.0,,,93.8,1.693
2016-12-01,123.93,99.0406,1.3,,4.7,,,1.0,,,98.2,2.075
2017-01-01,144.14,98.8158,1.23,2.13011000365961,4.7,2359.904,2885.003,1.0,19398.343,59494.0,98.5,2.5
2017-02-01,119.43,98.4356,1.22,,4.6,,,1.0,,,96.3,2.738
2017-03-01,112.85,99.0492,1.17,,4.4,,,1.0,,,96.9,2.381
2017-04-01,101.36,100.0416,1.06,,4.4,2367.862,2912.428,0.0,19506.949,59736.0,97.0,2.2
2017-05-01,92.19,100.128,1.0,,4.4,,,0.0,,,97.1,1.872
2017-06-01,95.06,100.337,0.84,,4.3,,,0.0,,,95.0,1.625
2017-07-01,100.41,100.0865,0.95,,4.3,2381.788,2923.573,0.0,19660.766,60099.0,93.4,1.72
2017-08-01,73.29,99.6323,0.87,,4.4,,,0.0,,,96.8,1.939
2017-09-01,84.19,99.7482,0.82,,4.3,,,0.0,,,95.1,2.233
2017-10-01,70.21,100.9893,0.81,,4.2,2443.487,3005.351,0.0,19882.352,60674.0,100.7,2.041
2017-11-01,91.2,101.2493,0.66,,4.2,,,0.0,,,98.5,2.2030000000000003
2017-12-01,90.57,101.4871,0.56,,4.1,,,0.0,,,95.9,2.109
2018-01-01,114.8,101.4852,0.55,2.44258329692817,4.0,2459.308,3017.795,0.0,20044.077,61093.0,95.7,2.071
2018-02-01,84.04,101.7319,0.68,,4.1,,,0.0,,,99.7,2.212
2018-03-01,76.38,102.1943,0.57,,4.0,,,0.0,,,101.4,2.36
2018-04-01,88.6,103.3551,0.48,,4.0,2472.656,3021.689,0.0,20150.476,61336.0,98.8,2.463
2018-05-01,87.87,102.381,0.47,,3.8,,,0.0,,,98.0,2.801
2018-06-01,103.79,103.2256,0.38,,4.0,,,0.0,,,98.2,2.872
2018-07-01,99.53,103.3561,0.28,,3.8,2441.791,3064.175,0.0,20276.154,61622.0,97.9,2.95
2018-08-01,85.71,104.0585,0.25,,3.8,,,0.0,,,96.2,2.699
2018-09-01,67.36,104.1038,0.24,,3.7,,,0.0,,,100.1,2.277
2018-10-01,90.25,103.9297,0.29,,3.8,2451.936,3096.191,0.0,20304.874,61619.0,98.6,2.522
2018-11-01,79.47,104.0126,0.26,,3.8,,,0.0,,,97.5,2.177
2018-12-01,127.53,104.0451,0.16,,3.9,,,0.0,,,98.3,1.91
2019-01-01,146.59,103.3598,0.17,1.81221007526021,4.0,2474.928,3094.294,0.0,20431.641,61939.0,91.2,1.551
2019-02-01,82.65,102.8251,0.17,,3.8,,,0.0,,,93.8,1.52
2019-03-01,94.66,102.8361,0.16,,3.8,,,0.0,,,98.4,1.863
2019-04-01,78.74,102.2748,0.19,,3.7,2462.392,3111.425,0.0,20602.275,62385.0,97.2,1.996
2019-05-01,94.45,102.4176,0.19,,3.6,,,0.0,,,100.0,1.79
2019-06-01,137.37,102.5425,0.26,,3.6,,,0.0,,,98.2,1.648
2019-07-01,94.8,102.0057,0.22,,3.7,2462.912,3097.883,0.0,20843.322,63022.0,98.4,1.811
2019-08-01,155.23,102.7814,0.06,,3.6,,,0.0,,,89.8,1.7500000000000002
2019-09-01,118.31,102.4601,0.05,,3.5,,,0.0,,,93.2,1.711
2019-10-01,98.0,101.5878,0.16,,3.6,2477.908,3039.834,0.0,20985.448,63360.0,95.5,1.764
2019-11-01,81.04,102.1494,0.2,,3.6,,,0.0,,,96.8,2.051
2019-12-01,121.31,101.9421,0.25,,3.6,,,0.0,,,99.3,2.285
2020-01-01,110.07,101.3372,0.24,1.23358439630629,3.6,2371.835,2929.668,1.0,20693.238,62415.0,99.8,2.487
2020-02-01,113.26,101.6718,0.17,,3.5,,,1.0,,,101.0,2.335
2020-03-01,380.39,97.606,0.42,,4.4,,,1.0,,,89.1,1.539
2020-04-01,555.32,84.6812,0.43,,14.8,1870.98,2428.918,1.0,19056.617,57440.0,71.8,0.329
2020-05-01,484.18,86.0108,0.5,,13.2,,,1.0,,,72.3,0.118
2020-06-01,313.92,91.6745,0.54,,11.0,,,0.0,,,78.1,0.6459999999999999
2020-07-01,359.45,95.0037,0.48,,10.2,2104.963,2835.521,0.0,20548.793,61906.0,72.5,0.986
2020-08-01,298.59,95.9294,0.51,,8.4,,,0.0,,,74.1,1.31
2020-09-01,247.74,95.8914,0.54,,7.8,,,0.0,,,80.4,1.371
2020-10-01,271.43,96.5256,0.64,,6.9,2233.569,3040.959,0.0,20771.691,62544.0,81.8,1.1820000000000002
2020-11-01,264.69,96.9529,0.7,,6.7,,,0.0,,,76.9,1.175
2020-12-01,238.67,98.2039,0.8,,6.7,,,0.0,,,80.7,1.362
2021-01-01,216.06,98.8135,0.95,4.69785886363742,6.4,2235.418,3102.184,0.0,21058.379,63418.0,79.0,1.4
2021-02-01,154.4,95.5072,1.14,,6.2,,,0.0,,,76.8,1.6760000000000002
2021-03-01,176.7,98.1929,1.46,,6.1,,,0.0,,,84.9,2.62
2021-04-01,122.48,98.3317,1.47,,6.1,2253.207,3164.663,0.0,21389.005,64383.0,88.3,4.16
2021-05-01,129.44,99.1867,1.47,,5.8,,,0.0,,,82.9,4.993
2021-06-01,113.15,99.6483,1.32,,5.9,,,0.0,,,85.5,5.391
2021-07-01,130.01,100.0668,1.1,,5.4,2258.262,3230.229,0.0,21571.421,64850.0,81.2,5.365
2021-08-01,124.14,100.0412,1.07,,5.1,,,0.0,,,70.3,5.251
2021-09-01,120.23,98.9955,1.13,,4.7,,,0.0,,,72.8,5.390000000000001
2021-10-01,109.65,100.3542,1.19,,4.5,2390.257,3386.276,0.0,21960.388,65925.0,71.7,6.222
2021-11-01,135.15,101.2684,1.05,,4.2,,,0.0,,,67.4,6.809
2021-12-01,137.13,101.1948,0.79,,3.9,,,0.0,,,70.6,7.0360000000000005
2022-01-01,145.67,101.2146,0.78,8.00279982052121,4.0,2362.172,3494.255,0.0,21903.85,65684.0,67.2,7.48
2022-02-01,127.99,101.8458,0.5,,3.8,,,0.0,,,62.8,7.871
2022-03-01,186.61,102.6732,0.22,,3.7,,,0.0,,,59.4,8.542
2022-04-01,136.31,102.9024,0.21,,3.7,2433.713,3544.951,0.0,21919.222,65631.0,65.2,8.259
2022-05-01,133.78,102.9659,0.28,,3.6,,,0.0,,,58.4,8.581999999999999
2022-06-01,133.47,102.8224,0.15,,3.6,,,0.0,,,50.0,9.06
2022-07-01,146.9,103.0505,-0.14,,3.5,2517.458,3495.702,0.0,22066.784,65939.0,51.5,8.525
2022-08-01,119.16,103.1703,-0.35,,3.6,,,0.0,,,58.2,8.263
2022-09-01,109.56,103.5326,-0.34,,3.5,,,0.0,,,58.6,8.202
2022-10-01,139.83,103.4442,-0.39,,3.6,2510.25,3455.513,,22249.459,66341.0,59.9,7.745
2022-11-01,147.65,103.1058,-0.61,,3.6,,,,,,56.7,7.109999999999999
2022-12-01,132.44,101.8266,-0.67,,3.5,,,,,,59.8,6.454
2023-01-01,186.77,102.7476,-0.68,4.11633838374488,3.5,2522.456,3448.496,,22403.435,66673.0,64.9,6.41
2023-02-01,120.97,102.8003,-0.79,,3.6,,,,,,66.9,6.036
2023-03-01,140.28,102.8143,-0.64,,3.5,,,,,,62.0,4.984999999999999
2023-04-01,138.76,103.2241,-0.56,,3.4,2491.635,3421.259,,22539.418,66945.0,63.7,4.93
2023-05-01,190.46,102.9809,-0.56,,3.6,,,,,,59.0,4.048
2023-06-01,122.39,102.3809,-0.89,,3.6,,,,,,64.2,2.9690000000000003
2023-07-01,101.65,103.0722,-0.93,,3.5,2521.467,3460.391,,22780.933,67499.0,71.5,3.1780000000000004
2023-08-01,97.62,103.0951,-0.73,,3.7,,,,,,69.4,3.665
2023-09-01,89.23,103.3081,-0.64,,3.8,,,,,,67.8,3.7
2023-10-01,140.11,102.5781,-0.27,,3.9,2559.591,3496.29,,22960.6,67858.0,63.8,3.241
2023-11-01,114.53,102.8868,-0.38,,3.7,,,,,,61.3,3.137
2023-12-01,128.03,102.6309,-0.44,,3.8,,,,,,69.7,3.3520000000000003
2024-01-01,143.07,101.483,-0.26,2.94952520485207,3.7,2571.763,3548.749,,23053.545,67981.0,79.0,3.091
2024-02-01,133.41,102.7267,-0.34,,3.9,,,,,,76.9,3.1530000000000005
2024-03-01,112.76,102.5186,-0.38,,3.9,,,,,,79.4,3.4770000000000003
2024-04-01,119.9,102.3568,-0.33,,3.9,2578.386,3614.047,,23223.906,68320.0,77.2,3.357
2024-05-01,91.2,102.9797,-0.37,,4.0,,,,,,69.1,3.269
2024-06-01,86.6,103.2534,-0.43,,4.1,,,,,,68.2,2.971
2024-07-01,144.07,102.5192,-0.25,,4.2,2638.199,3707.429,,23400.294,68696.0,66.4,2.895
2024-08-01,104.59,103.0196,-0.09,,4.2,,,,,,67.9,2.531
2024-09-01,100.9,102.5954,0.1,,4.1,,,,,,70.1,2.4410000000000003
2024-10-01,117.27,102.2138,0.12,,4.1,2637.171,3689.829,,23542.349,69006.0,70.5,2.598
2024-11-01,232.69,101.9503,0.1,,4.2,,,,,,71.8,2.749
2024-12-01,184.92,103.0447,0.17,,4.1,,,,,,74.0,2.888
2025-01-01,252.38,102.9343,0.36,,4.0,2652.774,4031.802,,23528.047,68878.0,71.7,3.0
2025-02-01,328.43,104.0003,0.24,,4.1,,,,,,64.7,2.822
2025-03-01,503.67,103.7483,0.31,,4.2,,,,,,57.0,2.391
2025-04-01,560.88,103.8216,0.5,,4.2,,,,,,52.2,2.311
2025-05-01,499.23,103.5948,0.5,,4.2,,,,,,,2.355
2025-06-01,432.64,,,,,,,,,,,
